[2026-02-27 07:41:58] laravel.EMERGENCY: Unable to create configured logger. Using emergency logger. {"exception":"[object] (InvalidArgumentException(code: 0): Log [] is not defined. at /home/ahmad/Downloads/ishs/vendor/laravel/framework/src/Illuminate/Log/LogManager.php:212)
[stacktrace]
#0 /home/ahmad/Downloads/ishs/vendor/laravel/framework/src/Illuminate/Log/LogManager.php(137): Illuminate\\Log\\LogManager->resolve()
#1 /home/ahmad/Downloads/ishs/vendor/laravel/framework/src/Illuminate/Log/LogManager.php(124): Illuminate\\Log\\LogManager->get()
#2 /home/ahmad/Downloads/ishs/vendor/laravel/framework/src/Illuminate/Log/LogManager.php(681): Illuminate\\Log\\LogManager->driver()
#3 /home/ahmad/Downloads/ishs/vendor/laravel/framework/src/Illuminate/Foundation/Exceptions/Handler.php(317): Illuminate\\Log\\LogManager->error()
#4 /home/ahmad/Downloads/ishs/vendor/laravel/framework/src/Illuminate/Foundation/Exceptions/Handler.php(278): Illuminate\\Foundation\\Exceptions\\Handler->reportThrowable()
#5 /home/ahmad/Downloads/ishs/vendor/laravel/framework/src/Illuminate/Foundation/Console/Kernel.php(523): Illuminate\\Foundation\\Exceptions\\Handler->report()
#6 /home/ahmad/Downloads/ishs/vendor/laravel/framework/src/Illuminate/Foundation/Console/Kernel.php(203): Illuminate\\Foundation\\Console\\Kernel->reportException()
#7 /home/ahmad/Downloads/ishs/artisan(35): Illuminate\\Foundation\\Console\\Kernel->handle()
#8 {main}
"} 
[2026-02-27 07:41:58] laravel.ERROR: Unable to load the "app" configuration file. {"exception":"[object] (Exception(code: 0): Unable to load the \"app\" configuration file. at /home/ahmad/Downloads/ishs/vendor/laravel/framework/src/Illuminate/Foundation/Bootstrap/LoadConfiguration.php:66)
[stacktrace]
#0 /home/ahmad/Downloads/ishs/vendor/laravel/framework/src/Illuminate/Foundation/Bootstrap/LoadConfiguration.php(39): Illuminate\\Foundation\\Bootstrap\\LoadConfiguration->loadConfigurationFiles()
#1 /home/ahmad/Downloads/ishs/vendor/laravel/framework/src/Illuminate/Foundation/Application.php(286): Illuminate\\Foundation\\Bootstrap\\LoadConfiguration->bootstrap()
#2 /home/ahmad/Downloads/ishs/vendor/laravel/framework/src/Illuminate/Foundation/Console/Kernel.php(447): Illuminate\\Foundation\\Application->bootstrapWith()
#3 /home/ahmad/Downloads/ishs/vendor/laravel/framework/src/Illuminate/Foundation/Console/Kernel.php(199): Illuminate\\Foundation\\Console\\Kernel->bootstrap()
#4 /home/ahmad/Downloads/ishs/artisan(35): Illuminate\\Foundation\\Console\\Kernel->handle()
#5 {main}
"} 
[2026-02-27 07:42:51] laravel.EMERGENCY: Unable to create configured logger. Using emergency logger. {"exception":"[object] (InvalidArgumentException(code: 0): Log [] is not defined. at /home/ahmad/Downloads/ishs/vendor/laravel/framework/src/Illuminate/Log/LogManager.php:212)
[stacktrace]
#0 /home/ahmad/Downloads/ishs/vendor/laravel/framework/src/Illuminate/Log/LogManager.php(137): Illuminate\\Log\\LogManager->resolve()
#1 /home/ahmad/Downloads/ishs/vendor/laravel/framework/src/Illuminate/Log/LogManager.php(124): Illuminate\\Log\\LogManager->get()
#2 /home/ahmad/Downloads/ishs/vendor/laravel/framework/src/Illuminate/Log/LogManager.php(681): Illuminate\\Log\\LogManager->driver()
#3 /home/ahmad/Downloads/ishs/vendor/laravel/framework/src/Illuminate/Foundation/Exceptions/Handler.php(317): Illuminate\\Log\\LogManager->error()
#4 /home/ahmad/Downloads/ishs/vendor/laravel/framework/src/Illuminate/Foundation/Exceptions/Handler.php(278): Illuminate\\Foundation\\Exceptions\\Handler->reportThrowable()
#5 /home/ahmad/Downloads/ishs/vendor/laravel/framework/src/Illuminate/Foundation/Console/Kernel.php(523): Illuminate\\Foundation\\Exceptions\\Handler->report()
#6 /home/ahmad/Downloads/ishs/vendor/laravel/framework/src/Illuminate/Foundation/Console/Kernel.php(203): Illuminate\\Foundation\\Console\\Kernel->reportException()
#7 /home/ahmad/Downloads/ishs/artisan(35): Illuminate\\Foundation\\Console\\Kernel->handle()
#8 {main}
"} 
[2026-02-27 07:42:51] laravel.ERROR: Unable to load the "app" configuration file. {"exception":"[object] (Exception(code: 0): Unable to load the \"app\" configuration file. at /home/ahmad/Downloads/ishs/vendor/laravel/framework/src/Illuminate/Foundation/Bootstrap/LoadConfiguration.php:66)
[stacktrace]
#0 /home/ahmad/Downloads/ishs/vendor/laravel/framework/src/Illuminate/Foundation/Bootstrap/LoadConfiguration.php(39): Illuminate\\Foundation\\Bootstrap\\LoadConfiguration->loadConfigurationFiles()
#1 /home/ahmad/Downloads/ishs/vendor/laravel/framework/src/Illuminate/Foundation/Application.php(286): Illuminate\\Foundation\\Bootstrap\\LoadConfiguration->bootstrap()
#2 /home/ahmad/Downloads/ishs/vendor/laravel/framework/src/Illuminate/Foundation/Console/Kernel.php(447): Illuminate\\Foundation\\Application->bootstrapWith()
#3 /home/ahmad/Downloads/ishs/vendor/laravel/framework/src/Illuminate/Foundation/Console/Kernel.php(199): Illuminate\\Foundation\\Console\\Kernel->bootstrap()
#4 /home/ahmad/Downloads/ishs/artisan(35): Illuminate\\Foundation\\Console\\Kernel->handle()
#5 {main}
"} 
[2026-02-27 07:43:04] laravel.EMERGENCY: Unable to create configured logger. Using emergency logger. {"exception":"[object] (InvalidArgumentException(code: 0): Log [] is not defined. at /home/ahmad/Downloads/ishs/vendor/laravel/framework/src/Illuminate/Log/LogManager.php:212)
[stacktrace]
#0 /home/ahmad/Downloads/ishs/vendor/laravel/framework/src/Illuminate/Log/LogManager.php(137): Illuminate\\Log\\LogManager->resolve()
#1 /home/ahmad/Downloads/ishs/vendor/laravel/framework/src/Illuminate/Log/LogManager.php(124): Illuminate\\Log\\LogManager->get()
#2 /home/ahmad/Downloads/ishs/vendor/laravel/framework/src/Illuminate/Log/LogManager.php(681): Illuminate\\Log\\LogManager->driver()
#3 /home/ahmad/Downloads/ishs/vendor/laravel/framework/src/Illuminate/Foundation/Exceptions/Handler.php(317): Illuminate\\Log\\LogManager->error()
#4 /home/ahmad/Downloads/ishs/vendor/laravel/framework/src/Illuminate/Foundation/Exceptions/Handler.php(278): Illuminate\\Foundation\\Exceptions\\Handler->reportThrowable()
#5 /home/ahmad/Downloads/ishs/vendor/laravel/framework/src/Illuminate/Foundation/Console/Kernel.php(523): Illuminate\\Foundation\\Exceptions\\Handler->report()
#6 /home/ahmad/Downloads/ishs/vendor/laravel/framework/src/Illuminate/Foundation/Console/Kernel.php(203): Illuminate\\Foundation\\Console\\Kernel->reportException()
#7 /home/ahmad/Downloads/ishs/artisan(35): Illuminate\\Foundation\\Console\\Kernel->handle()
#8 {main}
"} 
[2026-02-27 07:43:04] laravel.ERROR: Unable to load the "app" configuration file. {"exception":"[object] (Exception(code: 0): Unable to load the \"app\" configuration file. at /home/ahmad/Downloads/ishs/vendor/laravel/framework/src/Illuminate/Foundation/Bootstrap/LoadConfiguration.php:66)
[stacktrace]
#0 /home/ahmad/Downloads/ishs/vendor/laravel/framework/src/Illuminate/Foundation/Bootstrap/LoadConfiguration.php(39): Illuminate\\Foundation\\Bootstrap\\LoadConfiguration->loadConfigurationFiles()
#1 /home/ahmad/Downloads/ishs/vendor/laravel/framework/src/Illuminate/Foundation/Application.php(286): Illuminate\\Foundation\\Bootstrap\\LoadConfiguration->bootstrap()
#2 /home/ahmad/Downloads/ishs/vendor/laravel/framework/src/Illuminate/Foundation/Console/Kernel.php(447): Illuminate\\Foundation\\Application->bootstrapWith()
#3 /home/ahmad/Downloads/ishs/vendor/laravel/framework/src/Illuminate/Foundation/Console/Kernel.php(199): Illuminate\\Foundation\\Console\\Kernel->bootstrap()
#4 /home/ahmad/Downloads/ishs/artisan(35): Illuminate\\Foundation\\Console\\Kernel->handle()
#5 {main}
"} 
[2026-02-27 07:43:04] laravel.EMERGENCY: Unable to create configured logger. Using emergency logger. {"exception":"[object] (InvalidArgumentException(code: 0): Log [] is not defined. at /home/ahmad/Downloads/ishs/vendor/laravel/framework/src/Illuminate/Log/LogManager.php:212)
[stacktrace]
#0 /home/ahmad/Downloads/ishs/vendor/laravel/framework/src/Illuminate/Log/LogManager.php(137): Illuminate\\Log\\LogManager->resolve()
#1 /home/ahmad/Downloads/ishs/vendor/laravel/framework/src/Illuminate/Log/LogManager.php(124): Illuminate\\Log\\LogManager->get()
#2 /home/ahmad/Downloads/ishs/vendor/laravel/framework/src/Illuminate/Log/LogManager.php(681): Illuminate\\Log\\LogManager->driver()
#3 /home/ahmad/Downloads/ishs/vendor/laravel/framework/src/Illuminate/Foundation/Exceptions/Handler.php(317): Illuminate\\Log\\LogManager->error()
#4 /home/ahmad/Downloads/ishs/vendor/laravel/framework/src/Illuminate/Foundation/Exceptions/Handler.php(278): Illuminate\\Foundation\\Exceptions\\Handler->reportThrowable()
#5 /home/ahmad/Downloads/ishs/vendor/laravel/framework/src/Illuminate/Foundation/Console/Kernel.php(523): Illuminate\\Foundation\\Exceptions\\Handler->report()
#6 /home/ahmad/Downloads/ishs/vendor/laravel/framework/src/Illuminate/Foundation/Console/Kernel.php(203): Illuminate\\Foundation\\Console\\Kernel->reportException()
#7 /home/ahmad/Downloads/ishs/artisan(35): Illuminate\\Foundation\\Console\\Kernel->handle()
#8 {main}
"} 
[2026-02-27 07:43:04] laravel.ERROR: Unable to load the "app" configuration file. {"exception":"[object] (Exception(code: 0): Unable to load the \"app\" configuration file. at /home/ahmad/Downloads/ishs/vendor/laravel/framework/src/Illuminate/Foundation/Bootstrap/LoadConfiguration.php:66)
[stacktrace]
#0 /home/ahmad/Downloads/ishs/vendor/laravel/framework/src/Illuminate/Foundation/Bootstrap/LoadConfiguration.php(39): Illuminate\\Foundation\\Bootstrap\\LoadConfiguration->loadConfigurationFiles()
#1 /home/ahmad/Downloads/ishs/vendor/laravel/framework/src/Illuminate/Foundation/Application.php(286): Illuminate\\Foundation\\Bootstrap\\LoadConfiguration->bootstrap()
#2 /home/ahmad/Downloads/ishs/vendor/laravel/framework/src/Illuminate/Foundation/Console/Kernel.php(447): Illuminate\\Foundation\\Application->bootstrapWith()
#3 /home/ahmad/Downloads/ishs/vendor/laravel/framework/src/Illuminate/Foundation/Console/Kernel.php(199): Illuminate\\Foundation\\Console\\Kernel->bootstrap()
#4 /home/ahmad/Downloads/ishs/artisan(35): Illuminate\\Foundation\\Console\\Kernel->handle()
#5 {main}
"} 
[2026-02-27 07:44:25] laravel.EMERGENCY: Unable to create configured logger. Using emergency logger. {"exception":"[object] (InvalidArgumentException(code: 0): Log [] is not defined. at /home/ahmad/Downloads/ishs/vendor/laravel/framework/src/Illuminate/Log/LogManager.php:212)
[stacktrace]
#0 /home/ahmad/Downloads/ishs/vendor/laravel/framework/src/Illuminate/Log/LogManager.php(137): Illuminate\\Log\\LogManager->resolve()
#1 /home/ahmad/Downloads/ishs/vendor/laravel/framework/src/Illuminate/Log/LogManager.php(124): Illuminate\\Log\\LogManager->get()
#2 /home/ahmad/Downloads/ishs/vendor/laravel/framework/src/Illuminate/Log/LogManager.php(681): Illuminate\\Log\\LogManager->driver()
#3 /home/ahmad/Downloads/ishs/vendor/laravel/framework/src/Illuminate/Foundation/Exceptions/Handler.php(317): Illuminate\\Log\\LogManager->error()
#4 /home/ahmad/Downloads/ishs/vendor/laravel/framework/src/Illuminate/Foundation/Exceptions/Handler.php(278): Illuminate\\Foundation\\Exceptions\\Handler->reportThrowable()
#5 /home/ahmad/Downloads/ishs/vendor/nunomaduro/collision/src/Adapters/Laravel/ExceptionHandler.php(46): Illuminate\\Foundation\\Exceptions\\Handler->report()
#6 /home/ahmad/Downloads/ishs/vendor/laravel/framework/src/Illuminate/Foundation/Console/Kernel.php(523): NunoMaduro\\Collision\\Adapters\\Laravel\\ExceptionHandler->report()
#7 /home/ahmad/Downloads/ishs/vendor/laravel/framework/src/Illuminate/Foundation/Console/Kernel.php(203): Illuminate\\Foundation\\Console\\Kernel->reportException()
#8 /home/ahmad/Downloads/ishs/artisan(35): Illuminate\\Foundation\\Console\\Kernel->handle()
#9 {main}
"} 
[2026-02-27 07:44:25] laravel.ERROR: Class "App\Http\Controllers\Controller" not found {"exception":"[object] (Error(code: 0): Class \"App\\Http\\Controllers\\Controller\" not found at /home/ahmad/Downloads/ishs/app/Http/Controllers/PageController.php:7)
[stacktrace]
#0 /home/ahmad/Downloads/ishs/vendor/composer/ClassLoader.php(576): include()
#1 /home/ahmad/Downloads/ishs/vendor/composer/ClassLoader.php(427): Composer\\Autoload\\{closure}()
#2 [internal function]: Composer\\Autoload\\ClassLoader->loadClass()
#3 /home/ahmad/Downloads/ishs/vendor/laravel/framework/src/Illuminate/Routing/Route.php(1096): is_a()
#4 /home/ahmad/Downloads/ishs/vendor/laravel/framework/src/Illuminate/Routing/Route.php(1035): Illuminate\\Routing\\Route->controllerMiddleware()
#5 /home/ahmad/Downloads/ishs/vendor/laravel/framework/src/Illuminate/Routing/Router.php(818): Illuminate\\Routing\\Route->gatherMiddleware()
#6 /home/ahmad/Downloads/ishs/vendor/laravel/framework/src/Illuminate/Foundation/Console/RouteListCommand.php(201): Illuminate\\Routing\\Router->gatherRouteMiddleware()
#7 /home/ahmad/Downloads/ishs/vendor/laravel/framework/src/Illuminate/Foundation/Console/RouteListCommand.php(146): Illuminate\\Foundation\\Console\\RouteListCommand->getMiddleware()
#8 /home/ahmad/Downloads/ishs/vendor/laravel/framework/src/Illuminate/Foundation/Console/RouteListCommand.php(116): Illuminate\\Foundation\\Console\\RouteListCommand->getRouteInformation()
#9 [internal function]: Illuminate\\Foundation\\Console\\RouteListCommand->Illuminate\\Foundation\\Console\\{closure}()
#10 /home/ahmad/Downloads/ishs/vendor/laravel/framework/src/Illuminate/Collections/Arr.php(600): array_map()
#11 /home/ahmad/Downloads/ishs/vendor/laravel/framework/src/Illuminate/Collections/Collection.php(778): Illuminate\\Support\\Arr::map()
#12 /home/ahmad/Downloads/ishs/vendor/laravel/framework/src/Illuminate/Foundation/Console/RouteListCommand.php(115): Illuminate\\Support\\Collection->map()
#13 /home/ahmad/Downloads/ishs/vendor/laravel/framework/src/Illuminate/Foundation/Console/RouteListCommand.php(101): Illuminate\\Foundation\\Console\\RouteListCommand->getRoutes()
#14 /home/ahmad/Downloads/ishs/vendor/laravel/framework/src/Illuminate/Container/BoundMethod.php(36): Illuminate\\Foundation\\Console\\RouteListCommand->handle()
#15 /home/ahmad/Downloads/ishs/vendor/laravel/framework/src/Illuminate/Container/Util.php(41): Illuminate\\Container\\BoundMethod::Illuminate\\Container\\{closure}()
#16 /home/ahmad/Downloads/ishs/vendor/laravel/framework/src/Illuminate/Container/BoundMethod.php(93): Illuminate\\Container\\Util::unwrapIfClosure()
#17 /home/ahmad/Downloads/ishs/vendor/laravel/framework/src/Illuminate/Container/BoundMethod.php(35): Illuminate\\Container\\BoundMethod::callBoundMethod()
#18 /home/ahmad/Downloads/ishs/vendor/laravel/framework/src/Illuminate/Container/Container.php(662): Illuminate\\Container\\BoundMethod::call()
#19 /home/ahmad/Downloads/ishs/vendor/laravel/framework/src/Illuminate/Console/Command.php(211): Illuminate\\Container\\Container->call()
#20 /home/ahmad/Downloads/ishs/vendor/symfony/console/Command/Command.php(326): Illuminate\\Console\\Command->execute()
#21 /home/ahmad/Downloads/ishs/vendor/laravel/framework/src/Illuminate/Console/Command.php(180): Symfony\\Component\\Console\\Command\\Command->run()
#22 /home/ahmad/Downloads/ishs/vendor/symfony/console/Application.php(1121): Illuminate\\Console\\Command->run()
#23 /home/ahmad/Downloads/ishs/vendor/symfony/console/Application.php(324): Symfony\\Component\\Console\\Application->doRunCommand()
#24 /home/ahmad/Downloads/ishs/vendor/symfony/console/Application.php(175): Symfony\\Component\\Console\\Application->doRun()
#25 /home/ahmad/Downloads/ishs/vendor/laravel/framework/src/Illuminate/Foundation/Console/Kernel.php(201): Symfony\\Component\\Console\\Application->run()
#26 /home/ahmad/Downloads/ishs/artisan(35): Illuminate\\Foundation\\Console\\Kernel->handle()
#27 {main}
"} 
[2026-02-27 07:44:53] laravel.EMERGENCY: Unable to create configured logger. Using emergency logger. {"exception":"[object] (InvalidArgumentException(code: 0): Log [] is not defined. at /home/ahmad/Downloads/ishs/vendor/laravel/framework/src/Illuminate/Log/LogManager.php:212)
[stacktrace]
#0 /home/ahmad/Downloads/ishs/vendor/laravel/framework/src/Illuminate/Log/LogManager.php(137): Illuminate\\Log\\LogManager->resolve()
#1 /home/ahmad/Downloads/ishs/vendor/laravel/framework/src/Illuminate/Log/LogManager.php(124): Illuminate\\Log\\LogManager->get()
#2 /home/ahmad/Downloads/ishs/vendor/laravel/framework/src/Illuminate/Log/LogManager.php(681): Illuminate\\Log\\LogManager->driver()
#3 /home/ahmad/Downloads/ishs/vendor/laravel/framework/src/Illuminate/Foundation/Exceptions/Handler.php(317): Illuminate\\Log\\LogManager->error()
#4 /home/ahmad/Downloads/ishs/vendor/laravel/framework/src/Illuminate/Foundation/Exceptions/Handler.php(278): Illuminate\\Foundation\\Exceptions\\Handler->reportThrowable()
#5 /home/ahmad/Downloads/ishs/vendor/nunomaduro/collision/src/Adapters/Laravel/ExceptionHandler.php(46): Illuminate\\Foundation\\Exceptions\\Handler->report()
#6 /home/ahmad/Downloads/ishs/vendor/laravel/framework/src/Illuminate/Foundation/Console/Kernel.php(523): NunoMaduro\\Collision\\Adapters\\Laravel\\ExceptionHandler->report()
#7 /home/ahmad/Downloads/ishs/vendor/laravel/framework/src/Illuminate/Foundation/Console/Kernel.php(203): Illuminate\\Foundation\\Console\\Kernel->reportException()
#8 /home/ahmad/Downloads/ishs/artisan(35): Illuminate\\Foundation\\Console\\Kernel->handle()
#9 {main}
"} 
[2026-02-27 07:44:53] laravel.ERROR: View path not found. {"exception":"[object] (RuntimeException(code: 0): View path not found. at /home/ahmad/Downloads/ishs/vendor/laravel/framework/src/Illuminate/Foundation/Console/ViewClearCommand.php:59)
[stacktrace]
#0 /home/ahmad/Downloads/ishs/vendor/laravel/framework/src/Illuminate/Container/BoundMethod.php(36): Illuminate\\Foundation\\Console\\ViewClearCommand->handle()
#1 /home/ahmad/Downloads/ishs/vendor/laravel/framework/src/Illuminate/Container/Util.php(41): Illuminate\\Container\\BoundMethod::Illuminate\\Container\\{closure}()
#2 /home/ahmad/Downloads/ishs/vendor/laravel/framework/src/Illuminate/Container/BoundMethod.php(93): Illuminate\\Container\\Util::unwrapIfClosure()
#3 /home/ahmad/Downloads/ishs/vendor/laravel/framework/src/Illuminate/Container/BoundMethod.php(35): Illuminate\\Container\\BoundMethod::callBoundMethod()
#4 /home/ahmad/Downloads/ishs/vendor/laravel/framework/src/Illuminate/Container/Container.php(662): Illuminate\\Container\\BoundMethod::call()
#5 /home/ahmad/Downloads/ishs/vendor/laravel/framework/src/Illuminate/Console/Command.php(211): Illuminate\\Container\\Container->call()
#6 /home/ahmad/Downloads/ishs/vendor/symfony/console/Command/Command.php(326): Illuminate\\Console\\Command->execute()
#7 /home/ahmad/Downloads/ishs/vendor/laravel/framework/src/Illuminate/Console/Command.php(180): Symfony\\Component\\Console\\Command\\Command->run()
#8 /home/ahmad/Downloads/ishs/vendor/symfony/console/Application.php(1121): Illuminate\\Console\\Command->run()
#9 /home/ahmad/Downloads/ishs/vendor/symfony/console/Application.php(324): Symfony\\Component\\Console\\Application->doRunCommand()
#10 /home/ahmad/Downloads/ishs/vendor/symfony/console/Application.php(175): Symfony\\Component\\Console\\Application->doRun()
#11 /home/ahmad/Downloads/ishs/vendor/laravel/framework/src/Illuminate/Foundation/Console/Kernel.php(201): Symfony\\Component\\Console\\Application->run()
#12 /home/ahmad/Downloads/ishs/artisan(35): Illuminate\\Foundation\\Console\\Kernel->handle()
#13 {main}
"} 
[2026-02-27 07:45:56] laravel.EMERGENCY: Unable to create configured logger. Using emergency logger. {"exception":"[object] (InvalidArgumentException(code: 0): Log [] is not defined. at /home/ahmad/Downloads/ishs/vendor/laravel/framework/src/Illuminate/Log/LogManager.php:212)
[stacktrace]
#0 /home/ahmad/Downloads/ishs/vendor/laravel/framework/src/Illuminate/Log/LogManager.php(137): Illuminate\\Log\\LogManager->resolve()
#1 /home/ahmad/Downloads/ishs/vendor/laravel/framework/src/Illuminate/Log/LogManager.php(124): Illuminate\\Log\\LogManager->get()
#2 /home/ahmad/Downloads/ishs/vendor/laravel/framework/src/Illuminate/Log/LogManager.php(681): Illuminate\\Log\\LogManager->driver()
#3 /home/ahmad/Downloads/ishs/vendor/laravel/framework/src/Illuminate/Foundation/Exceptions/Handler.php(317): Illuminate\\Log\\LogManager->error()
#4 /home/ahmad/Downloads/ishs/vendor/laravel/framework/src/Illuminate/Foundation/Exceptions/Handler.php(278): Illuminate\\Foundation\\Exceptions\\Handler->reportThrowable()
#5 /home/ahmad/Downloads/ishs/vendor/nunomaduro/collision/src/Adapters/Laravel/ExceptionHandler.php(46): Illuminate\\Foundation\\Exceptions\\Handler->report()
#6 /home/ahmad/Downloads/ishs/vendor/laravel/framework/src/Illuminate/Foundation/Console/Kernel.php(523): NunoMaduro\\Collision\\Adapters\\Laravel\\ExceptionHandler->report()
#7 /home/ahmad/Downloads/ishs/vendor/laravel/framework/src/Illuminate/Foundation/Console/Kernel.php(203): Illuminate\\Foundation\\Console\\Kernel->reportException()
#8 /home/ahmad/Downloads/ishs/artisan(35): Illuminate\\Foundation\\Console\\Kernel->handle()
#9 {main}
"} 
[2026-02-27 07:45:56] laravel.ERROR: View path not found. {"exception":"[object] (RuntimeException(code: 0): View path not found. at /home/ahmad/Downloads/ishs/vendor/laravel/framework/src/Illuminate/Foundation/Console/ViewClearCommand.php:59)
[stacktrace]
#0 /home/ahmad/Downloads/ishs/vendor/laravel/framework/src/Illuminate/Container/BoundMethod.php(36): Illuminate\\Foundation\\Console\\ViewClearCommand->handle()
#1 /home/ahmad/Downloads/ishs/vendor/laravel/framework/src/Illuminate/Container/Util.php(41): Illuminate\\Container\\BoundMethod::Illuminate\\Container\\{closure}()
#2 /home/ahmad/Downloads/ishs/vendor/laravel/framework/src/Illuminate/Container/BoundMethod.php(93): Illuminate\\Container\\Util::unwrapIfClosure()
#3 /home/ahmad/Downloads/ishs/vendor/laravel/framework/src/Illuminate/Container/BoundMethod.php(35): Illuminate\\Container\\BoundMethod::callBoundMethod()
#4 /home/ahmad/Downloads/ishs/vendor/laravel/framework/src/Illuminate/Container/Container.php(662): Illuminate\\Container\\BoundMethod::call()
#5 /home/ahmad/Downloads/ishs/vendor/laravel/framework/src/Illuminate/Console/Command.php(211): Illuminate\\Container\\Container->call()
#6 /home/ahmad/Downloads/ishs/vendor/symfony/console/Command/Command.php(326): Illuminate\\Console\\Command->execute()
#7 /home/ahmad/Downloads/ishs/vendor/laravel/framework/src/Illuminate/Console/Command.php(180): Symfony\\Component\\Console\\Command\\Command->run()
#8 /home/ahmad/Downloads/ishs/vendor/symfony/console/Application.php(1121): Illuminate\\Console\\Command->run()
#9 /home/ahmad/Downloads/ishs/vendor/symfony/console/Application.php(324): Symfony\\Component\\Console\\Application->doRunCommand()
#10 /home/ahmad/Downloads/ishs/vendor/symfony/console/Application.php(175): Symfony\\Component\\Console\\Application->doRun()
#11 /home/ahmad/Downloads/ishs/vendor/laravel/framework/src/Illuminate/Foundation/Console/Kernel.php(201): Symfony\\Component\\Console\\Application->run()
#12 /home/ahmad/Downloads/ishs/artisan(35): Illuminate\\Foundation\\Console\\Kernel->handle()
#13 {main}
"} 
[2026-02-27 07:46:21] laravel.EMERGENCY: Unable to create configured logger. Using emergency logger. {"exception":"[object] (InvalidArgumentException(code: 0): Log [] is not defined. at /home/ahmad/Downloads/ishs/vendor/laravel/framework/src/Illuminate/Log/LogManager.php:212)
[stacktrace]
#0 /home/ahmad/Downloads/ishs/vendor/laravel/framework/src/Illuminate/Log/LogManager.php(137): Illuminate\\Log\\LogManager->resolve()
#1 /home/ahmad/Downloads/ishs/vendor/laravel/framework/src/Illuminate/Log/LogManager.php(124): Illuminate\\Log\\LogManager->get()
#2 /home/ahmad/Downloads/ishs/vendor/laravel/framework/src/Illuminate/Log/LogManager.php(681): Illuminate\\Log\\LogManager->driver()
#3 /home/ahmad/Downloads/ishs/vendor/laravel/framework/src/Illuminate/Foundation/Exceptions/Handler.php(317): Illuminate\\Log\\LogManager->error()
#4 /home/ahmad/Downloads/ishs/vendor/laravel/framework/src/Illuminate/Foundation/Exceptions/Handler.php(278): Illuminate\\Foundation\\Exceptions\\Handler->reportThrowable()
#5 /home/ahmad/Downloads/ishs/vendor/nunomaduro/collision/src/Adapters/Laravel/ExceptionHandler.php(46): Illuminate\\Foundation\\Exceptions\\Handler->report()
#6 /home/ahmad/Downloads/ishs/vendor/laravel/framework/src/Illuminate/Foundation/Console/Kernel.php(523): NunoMaduro\\Collision\\Adapters\\Laravel\\ExceptionHandler->report()
#7 /home/ahmad/Downloads/ishs/vendor/laravel/framework/src/Illuminate/Foundation/Console/Kernel.php(203): Illuminate\\Foundation\\Console\\Kernel->reportException()
#8 /home/ahmad/Downloads/ishs/artisan(35): Illuminate\\Foundation\\Console\\Kernel->handle()
#9 {main}
"} 
[2026-02-27 07:46:21] laravel.ERROR: The "--columns" option does not exist. {"exception":"[object] (Symfony\\Component\\Console\\Exception\\RuntimeException(code: 0): The \"--columns\" option does not exist. at /home/ahmad/Downloads/ishs/vendor/symfony/console/Input/ArgvInput.php:223)
[stacktrace]
#0 /home/ahmad/Downloads/ishs/vendor/symfony/console/Input/ArgvInput.php(150): Symfony\\Component\\Console\\Input\\ArgvInput->addLongOption()
#1 /home/ahmad/Downloads/ishs/vendor/symfony/console/Input/ArgvInput.php(85): Symfony\\Component\\Console\\Input\\ArgvInput->parseLongOption()
#2 /home/ahmad/Downloads/ishs/vendor/symfony/console/Input/ArgvInput.php(74): Symfony\\Component\\Console\\Input\\ArgvInput->parseToken()
#3 /home/ahmad/Downloads/ishs/vendor/symfony/console/Input/Input.php(56): Symfony\\Component\\Console\\Input\\ArgvInput->parse()
#4 /home/ahmad/Downloads/ishs/vendor/symfony/console/Command/Command.php(285): Symfony\\Component\\Console\\Input\\Input->bind()
#5 /home/ahmad/Downloads/ishs/vendor/laravel/framework/src/Illuminate/Console/Command.php(180): Symfony\\Component\\Console\\Command\\Command->run()
#6 /home/ahmad/Downloads/ishs/vendor/symfony/console/Application.php(1121): Illuminate\\Console\\Command->run()
#7 /home/ahmad/Downloads/ishs/vendor/symfony/console/Application.php(324): Symfony\\Component\\Console\\Application->doRunCommand()
#8 /home/ahmad/Downloads/ishs/vendor/symfony/console/Application.php(175): Symfony\\Component\\Console\\Application->doRun()
#9 /home/ahmad/Downloads/ishs/vendor/laravel/framework/src/Illuminate/Foundation/Console/Kernel.php(201): Symfony\\Component\\Console\\Application->run()
#10 /home/ahmad/Downloads/ishs/artisan(35): Illuminate\\Foundation\\Console\\Kernel->handle()
#11 {main}
"} 
[2026-02-27 07:46:56] laravel.EMERGENCY: Unable to create configured logger. Using emergency logger. {"exception":"[object] (InvalidArgumentException(code: 0): Log [] is not defined. at /home/ahmad/Downloads/ishs/vendor/laravel/framework/src/Illuminate/Log/LogManager.php:212)
[stacktrace]
#0 /home/ahmad/Downloads/ishs/vendor/laravel/framework/src/Illuminate/Log/LogManager.php(137): Illuminate\\Log\\LogManager->resolve()
#1 /home/ahmad/Downloads/ishs/vendor/laravel/framework/src/Illuminate/Log/LogManager.php(124): Illuminate\\Log\\LogManager->get()
#2 /home/ahmad/Downloads/ishs/vendor/laravel/framework/src/Illuminate/Log/LogManager.php(681): Illuminate\\Log\\LogManager->driver()
#3 /home/ahmad/Downloads/ishs/vendor/laravel/framework/src/Illuminate/Foundation/Exceptions/Handler.php(317): Illuminate\\Log\\LogManager->error()
#4 /home/ahmad/Downloads/ishs/vendor/laravel/framework/src/Illuminate/Foundation/Exceptions/Handler.php(278): Illuminate\\Foundation\\Exceptions\\Handler->reportThrowable()
#5 /home/ahmad/Downloads/ishs/vendor/laravel/framework/src/Illuminate/Routing/Pipeline.php(49): Illuminate\\Foundation\\Exceptions\\Handler->report()
#6 /home/ahmad/Downloads/ishs/vendor/laravel/framework/src/Illuminate/Pipeline/Pipeline.php(188): Illuminate\\Routing\\Pipeline->handleException()
#7 /home/ahmad/Downloads/ishs/vendor/laravel/framework/src/Illuminate/Foundation/Http/Middleware/TransformsRequest.php(21): Illuminate\\Pipeline\\Pipeline->Illuminate\\Pipeline\\{closure}()
#8 /home/ahmad/Downloads/ishs/vendor/laravel/framework/src/Illuminate/Foundation/Http/Middleware/TrimStrings.php(40): Illuminate\\Foundation\\Http\\Middleware\\TransformsRequest->handle()
#9 /home/ahmad/Downloads/ishs/vendor/laravel/framework/src/Illuminate/Pipeline/Pipeline.php(183): Illuminate\\Foundation\\Http\\Middleware\\TrimStrings->handle()
#10 /home/ahmad/Downloads/ishs/vendor/laravel/framework/src/Illuminate/Foundation/Http/Middleware/ValidatePostSize.php(27): Illuminate\\Pipeline\\Pipeline->Illuminate\\Pipeline\\{closure}()
#11 /home/ahmad/Downloads/ishs/vendor/laravel/framework/src/Illuminate/Pipeline/Pipeline.php(183): Illuminate\\Foundation\\Http\\Middleware\\ValidatePostSize->handle()
#12 /home/ahmad/Downloads/ishs/vendor/laravel/framework/src/Illuminate/Foundation/Http/Middleware/PreventRequestsDuringMaintenance.php(99): Illuminate\\Pipeline\\Pipeline->Illuminate\\Pipeline\\{closure}()
#13 /home/ahmad/Downloads/ishs/vendor/laravel/framework/src/Illuminate/Pipeline/Pipeline.php(183): Illuminate\\Foundation\\Http\\Middleware\\PreventRequestsDuringMaintenance->handle()
#14 /home/ahmad/Downloads/ishs/vendor/laravel/framework/src/Illuminate/Http/Middleware/HandleCors.php(49): Illuminate\\Pipeline\\Pipeline->Illuminate\\Pipeline\\{closure}()
#15 /home/ahmad/Downloads/ishs/vendor/laravel/framework/src/Illuminate/Pipeline/Pipeline.php(183): Illuminate\\Http\\Middleware\\HandleCors->handle()
#16 /home/ahmad/Downloads/ishs/vendor/laravel/framework/src/Illuminate/Http/Middleware/TrustProxies.php(39): Illuminate\\Pipeline\\Pipeline->Illuminate\\Pipeline\\{closure}()
#17 /home/ahmad/Downloads/ishs/vendor/laravel/framework/src/Illuminate/Pipeline/Pipeline.php(183): Illuminate\\Http\\Middleware\\TrustProxies->handle()
#18 /home/ahmad/Downloads/ishs/vendor/laravel/framework/src/Illuminate/Pipeline/Pipeline.php(119): Illuminate\\Pipeline\\Pipeline->Illuminate\\Pipeline\\{closure}()
#19 /home/ahmad/Downloads/ishs/vendor/laravel/framework/src/Illuminate/Foundation/Http/Kernel.php(175): Illuminate\\Pipeline\\Pipeline->then()
#20 /home/ahmad/Downloads/ishs/vendor/laravel/framework/src/Illuminate/Foundation/Http/Kernel.php(144): Illuminate\\Foundation\\Http\\Kernel->sendRequestThroughRouter()
#21 /home/ahmad/Downloads/ishs/public/index.php(51): Illuminate\\Foundation\\Http\\Kernel->handle()
#22 /home/ahmad/Downloads/ishs/vendor/laravel/framework/src/Illuminate/Foundation/resources/server.php(16): require_once('...')
#23 {main}
"} 
[2026-02-27 07:46:56] laravel.ERROR: Unable to resolve NULL driver for [Illuminate\Session\SessionManager]. {"exception":"[object] (InvalidArgumentException(code: 0): Unable to resolve NULL driver for [Illuminate\\Session\\SessionManager]. at /home/ahmad/Downloads/ishs/vendor/laravel/framework/src/Illuminate/Support/Manager.php:71)
[stacktrace]
#0 /home/ahmad/Downloads/ishs/vendor/laravel/framework/src/Illuminate/Session/SessionServiceProvider.php(52): Illuminate\\Support\\Manager->driver()
#1 /home/ahmad/Downloads/ishs/vendor/laravel/framework/src/Illuminate/Container/Container.php(908): Illuminate\\Session\\SessionServiceProvider->Illuminate\\Session\\{closure}()
#2 /home/ahmad/Downloads/ishs/vendor/laravel/framework/src/Illuminate/Container/Container.php(795): Illuminate\\Container\\Container->build()
#3 /home/ahmad/Downloads/ishs/vendor/laravel/framework/src/Illuminate/Foundation/Application.php(986): Illuminate\\Container\\Container->resolve()
#4 /home/ahmad/Downloads/ishs/vendor/laravel/framework/src/Illuminate/Container/Container.php(731): Illuminate\\Foundation\\Application->resolve()
#5 /home/ahmad/Downloads/ishs/vendor/laravel/framework/src/Illuminate/Foundation/Application.php(971): Illuminate\\Container\\Container->make()
#6 /home/ahmad/Downloads/ishs/vendor/laravel/framework/src/Illuminate/Container/Container.php(1454): Illuminate\\Foundation\\Application->make()
#7 /home/ahmad/Downloads/ishs/vendor/laravel/framework/src/Illuminate/Routing/RoutingServiceProvider.php(120): Illuminate\\Container\\Container->offsetGet()
#8 /home/ahmad/Downloads/ishs/vendor/laravel/framework/src/Illuminate/Container/Container.php(908): Illuminate\\Routing\\RoutingServiceProvider->Illuminate\\Routing\\{closure}()
#9 /home/ahmad/Downloads/ishs/vendor/laravel/framework/src/Illuminate/Container/Container.php(795): Illuminate\\Container\\Container->build()
#10 /home/ahmad/Downloads/ishs/vendor/laravel/framework/src/Illuminate/Foundation/Application.php(986): Illuminate\\Container\\Container->resolve()
#11 /home/ahmad/Downloads/ishs/vendor/laravel/framework/src/Illuminate/Container/Container.php(731): Illuminate\\Foundation\\Application->resolve()
#12 /home/ahmad/Downloads/ishs/vendor/laravel/framework/src/Illuminate/Foundation/Application.php(971): Illuminate\\Container\\Container->make()
#13 /home/ahmad/Downloads/ishs/vendor/laravel/framework/src/Illuminate/Container/Container.php(1454): Illuminate\\Foundation\\Application->make()
#14 /home/ahmad/Downloads/ishs/vendor/laravel/framework/src/Illuminate/Routing/RoutingServiceProvider.php(182): Illuminate\\Container\\Container->offsetGet()
#15 /home/ahmad/Downloads/ishs/vendor/laravel/framework/src/Illuminate/Container/Container.php(908): Illuminate\\Routing\\RoutingServiceProvider->Illuminate\\Routing\\{closure}()
#16 /home/ahmad/Downloads/ishs/vendor/laravel/framework/src/Illuminate/Container/Container.php(795): Illuminate\\Container\\Container->build()
#17 /home/ahmad/Downloads/ishs/vendor/laravel/framework/src/Illuminate/Foundation/Application.php(986): Illuminate\\Container\\Container->resolve()
#18 /home/ahmad/Downloads/ishs/vendor/laravel/framework/src/Illuminate/Container/Container.php(731): Illuminate\\Foundation\\Application->resolve()
#19 /home/ahmad/Downloads/ishs/vendor/laravel/framework/src/Illuminate/Foundation/Application.php(971): Illuminate\\Container\\Container->make()
#20 /home/ahmad/Downloads/ishs/vendor/laravel/framework/src/Illuminate/Foundation/helpers.php(120): Illuminate\\Foundation\\Application->make()
#21 /home/ahmad/Downloads/ishs/vendor/laravel/framework/src/Illuminate/Foundation/helpers.php(790): app()
#22 /home/ahmad/Downloads/ishs/vendor/laravel/framework/src/Illuminate/Foundation/Exceptions/Handler.php(723): response()
#23 /home/ahmad/Downloads/ishs/vendor/laravel/framework/src/Illuminate/Foundation/Exceptions/Handler.php(650): Illuminate\\Foundation\\Exceptions\\Handler->renderHttpException()
#24 /home/ahmad/Downloads/ishs/vendor/laravel/framework/src/Illuminate/Foundation/Exceptions/Handler.php(556): Illuminate\\Foundation\\Exceptions\\Handler->prepareResponse()
#25 /home/ahmad/Downloads/ishs/vendor/laravel/framework/src/Illuminate/Foundation/Exceptions/Handler.php(473): Illuminate\\Foundation\\Exceptions\\Handler->renderExceptionResponse()
#26 /home/ahmad/Downloads/ishs/vendor/laravel/framework/src/Illuminate/Routing/Pipeline.php(51): Illuminate\\Foundation\\Exceptions\\Handler->render()
#27 /home/ahmad/Downloads/ishs/vendor/laravel/framework/src/Illuminate/Pipeline/Pipeline.php(146): Illuminate\\Routing\\Pipeline->handleException()
#28 /home/ahmad/Downloads/ishs/vendor/laravel/framework/src/Illuminate/Foundation/Http/Middleware/TransformsRequest.php(21): Illuminate\\Pipeline\\Pipeline->Illuminate\\Pipeline\\{closure}()
#29 /home/ahmad/Downloads/ishs/vendor/laravel/framework/src/Illuminate/Foundation/Http/Middleware/ConvertEmptyStringsToNull.php(31): Illuminate\\Foundation\\Http\\Middleware\\TransformsRequest->handle()
#30 /home/ahmad/Downloads/ishs/vendor/laravel/framework/src/Illuminate/Pipeline/Pipeline.php(183): Illuminate\\Foundation\\Http\\Middleware\\ConvertEmptyStringsToNull->handle()
#31 /home/ahmad/Downloads/ishs/vendor/laravel/framework/src/Illuminate/Foundation/Http/Middleware/TransformsRequest.php(21): Illuminate\\Pipeline\\Pipeline->Illuminate\\Pipeline\\{closure}()
#32 /home/ahmad/Downloads/ishs/vendor/laravel/framework/src/Illuminate/Foundation/Http/Middleware/TrimStrings.php(40): Illuminate\\Foundation\\Http\\Middleware\\TransformsRequest->handle()
#33 /home/ahmad/Downloads/ishs/vendor/laravel/framework/src/Illuminate/Pipeline/Pipeline.php(183): Illuminate\\Foundation\\Http\\Middleware\\TrimStrings->handle()
#34 /home/ahmad/Downloads/ishs/vendor/laravel/framework/src/Illuminate/Foundation/Http/Middleware/ValidatePostSize.php(27): Illuminate\\Pipeline\\Pipeline->Illuminate\\Pipeline\\{closure}()
#35 /home/ahmad/Downloads/ishs/vendor/laravel/framework/src/Illuminate/Pipeline/Pipeline.php(183): Illuminate\\Foundation\\Http\\Middleware\\ValidatePostSize->handle()
#36 /home/ahmad/Downloads/ishs/vendor/laravel/framework/src/Illuminate/Foundation/Http/Middleware/PreventRequestsDuringMaintenance.php(99): Illuminate\\Pipeline\\Pipeline->Illuminate\\Pipeline\\{closure}()
#37 /home/ahmad/Downloads/ishs/vendor/laravel/framework/src/Illuminate/Pipeline/Pipeline.php(183): Illuminate\\Foundation\\Http\\Middleware\\PreventRequestsDuringMaintenance->handle()
#38 /home/ahmad/Downloads/ishs/vendor/laravel/framework/src/Illuminate/Http/Middleware/HandleCors.php(49): Illuminate\\Pipeline\\Pipeline->Illuminate\\Pipeline\\{closure}()
#39 /home/ahmad/Downloads/ishs/vendor/laravel/framework/src/Illuminate/Pipeline/Pipeline.php(183): Illuminate\\Http\\Middleware\\HandleCors->handle()
#40 /home/ahmad/Downloads/ishs/vendor/laravel/framework/src/Illuminate/Http/Middleware/TrustProxies.php(39): Illuminate\\Pipeline\\Pipeline->Illuminate\\Pipeline\\{closure}()
#41 /home/ahmad/Downloads/ishs/vendor/laravel/framework/src/Illuminate/Pipeline/Pipeline.php(183): Illuminate\\Http\\Middleware\\TrustProxies->handle()
#42 /home/ahmad/Downloads/ishs/vendor/laravel/framework/src/Illuminate/Pipeline/Pipeline.php(119): Illuminate\\Pipeline\\Pipeline->Illuminate\\Pipeline\\{closure}()
#43 /home/ahmad/Downloads/ishs/vendor/laravel/framework/src/Illuminate/Foundation/Http/Kernel.php(175): Illuminate\\Pipeline\\Pipeline->then()
#44 /home/ahmad/Downloads/ishs/vendor/laravel/framework/src/Illuminate/Foundation/Http/Kernel.php(144): Illuminate\\Foundation\\Http\\Kernel->sendRequestThroughRouter()
#45 /home/ahmad/Downloads/ishs/public/index.php(51): Illuminate\\Foundation\\Http\\Kernel->handle()
#46 /home/ahmad/Downloads/ishs/vendor/laravel/framework/src/Illuminate/Foundation/resources/server.php(16): require_once('...')
#47 {main}
"} 
[2026-02-27 07:46:57] laravel.EMERGENCY: Unable to create configured logger. Using emergency logger. {"exception":"[object] (InvalidArgumentException(code: 0): Log [] is not defined. at /home/ahmad/Downloads/ishs/vendor/laravel/framework/src/Illuminate/Log/LogManager.php:212)
[stacktrace]
#0 /home/ahmad/Downloads/ishs/vendor/laravel/framework/src/Illuminate/Log/LogManager.php(137): Illuminate\\Log\\LogManager->resolve()
#1 /home/ahmad/Downloads/ishs/vendor/laravel/framework/src/Illuminate/Log/LogManager.php(124): Illuminate\\Log\\LogManager->get()
#2 /home/ahmad/Downloads/ishs/vendor/laravel/framework/src/Illuminate/Log/LogManager.php(681): Illuminate\\Log\\LogManager->driver()
#3 /home/ahmad/Downloads/ishs/vendor/laravel/framework/src/Illuminate/Foundation/Exceptions/Handler.php(317): Illuminate\\Log\\LogManager->error()
#4 /home/ahmad/Downloads/ishs/vendor/laravel/framework/src/Illuminate/Foundation/Exceptions/Handler.php(278): Illuminate\\Foundation\\Exceptions\\Handler->reportThrowable()
#5 /home/ahmad/Downloads/ishs/vendor/laravel/framework/src/Illuminate/Routing/Pipeline.php(49): Illuminate\\Foundation\\Exceptions\\Handler->report()
#6 /home/ahmad/Downloads/ishs/vendor/laravel/framework/src/Illuminate/Pipeline/Pipeline.php(188): Illuminate\\Routing\\Pipeline->handleException()
#7 /home/ahmad/Downloads/ishs/vendor/laravel/framework/src/Illuminate/Cookie/Middleware/EncryptCookies.php(67): Illuminate\\Pipeline\\Pipeline->Illuminate\\Pipeline\\{closure}()
#8 /home/ahmad/Downloads/ishs/vendor/laravel/framework/src/Illuminate/Pipeline/Pipeline.php(183): Illuminate\\Cookie\\Middleware\\EncryptCookies->handle()
#9 /home/ahmad/Downloads/ishs/vendor/laravel/framework/src/Illuminate/Pipeline/Pipeline.php(119): Illuminate\\Pipeline\\Pipeline->Illuminate\\Pipeline\\{closure}()
#10 /home/ahmad/Downloads/ishs/vendor/laravel/framework/src/Illuminate/Routing/Router.php(805): Illuminate\\Pipeline\\Pipeline->then()
#11 /home/ahmad/Downloads/ishs/vendor/laravel/framework/src/Illuminate/Routing/Router.php(784): Illuminate\\Routing\\Router->runRouteWithinStack()
#12 /home/ahmad/Downloads/ishs/vendor/laravel/framework/src/Illuminate/Routing/Router.php(748): Illuminate\\Routing\\Router->runRoute()
#13 /home/ahmad/Downloads/ishs/vendor/laravel/framework/src/Illuminate/Routing/Router.php(737): Illuminate\\Routing\\Router->dispatchToRoute()
#14 /home/ahmad/Downloads/ishs/vendor/laravel/framework/src/Illuminate/Foundation/Http/Kernel.php(200): Illuminate\\Routing\\Router->dispatch()
#15 /home/ahmad/Downloads/ishs/vendor/laravel/framework/src/Illuminate/Pipeline/Pipeline.php(144): Illuminate\\Foundation\\Http\\Kernel->Illuminate\\Foundation\\Http\\{closure}()
#16 /home/ahmad/Downloads/ishs/vendor/laravel/framework/src/Illuminate/Foundation/Http/Middleware/TransformsRequest.php(21): Illuminate\\Pipeline\\Pipeline->Illuminate\\Pipeline\\{closure}()
#17 /home/ahmad/Downloads/ishs/vendor/laravel/framework/src/Illuminate/Foundation/Http/Middleware/ConvertEmptyStringsToNull.php(31): Illuminate\\Foundation\\Http\\Middleware\\TransformsRequest->handle()
#18 /home/ahmad/Downloads/ishs/vendor/laravel/framework/src/Illuminate/Pipeline/Pipeline.php(183): Illuminate\\Foundation\\Http\\Middleware\\ConvertEmptyStringsToNull->handle()
#19 /home/ahmad/Downloads/ishs/vendor/laravel/framework/src/Illuminate/Foundation/Http/Middleware/TransformsRequest.php(21): Illuminate\\Pipeline\\Pipeline->Illuminate\\Pipeline\\{closure}()
#20 /home/ahmad/Downloads/ishs/vendor/laravel/framework/src/Illuminate/Foundation/Http/Middleware/TrimStrings.php(40): Illuminate\\Foundation\\Http\\Middleware\\TransformsRequest->handle()
#21 /home/ahmad/Downloads/ishs/vendor/laravel/framework/src/Illuminate/Pipeline/Pipeline.php(183): Illuminate\\Foundation\\Http\\Middleware\\TrimStrings->handle()
#22 /home/ahmad/Downloads/ishs/vendor/laravel/framework/src/Illuminate/Foundation/Http/Middleware/ValidatePostSize.php(27): Illuminate\\Pipeline\\Pipeline->Illuminate\\Pipeline\\{closure}()
#23 /home/ahmad/Downloads/ishs/vendor/laravel/framework/src/Illuminate/Pipeline/Pipeline.php(183): Illuminate\\Foundation\\Http\\Middleware\\ValidatePostSize->handle()
#24 /home/ahmad/Downloads/ishs/vendor/laravel/framework/src/Illuminate/Foundation/Http/Middleware/PreventRequestsDuringMaintenance.php(99): Illuminate\\Pipeline\\Pipeline->Illuminate\\Pipeline\\{closure}()
#25 /home/ahmad/Downloads/ishs/vendor/laravel/framework/src/Illuminate/Pipeline/Pipeline.php(183): Illuminate\\Foundation\\Http\\Middleware\\PreventRequestsDuringMaintenance->handle()
#26 /home/ahmad/Downloads/ishs/vendor/laravel/framework/src/Illuminate/Http/Middleware/HandleCors.php(49): Illuminate\\Pipeline\\Pipeline->Illuminate\\Pipeline\\{closure}()
#27 /home/ahmad/Downloads/ishs/vendor/laravel/framework/src/Illuminate/Pipeline/Pipeline.php(183): Illuminate\\Http\\Middleware\\HandleCors->handle()
#28 /home/ahmad/Downloads/ishs/vendor/laravel/framework/src/Illuminate/Http/Middleware/TrustProxies.php(39): Illuminate\\Pipeline\\Pipeline->Illuminate\\Pipeline\\{closure}()
#29 /home/ahmad/Downloads/ishs/vendor/laravel/framework/src/Illuminate/Pipeline/Pipeline.php(183): Illuminate\\Http\\Middleware\\TrustProxies->handle()
#30 /home/ahmad/Downloads/ishs/vendor/laravel/framework/src/Illuminate/Pipeline/Pipeline.php(119): Illuminate\\Pipeline\\Pipeline->Illuminate\\Pipeline\\{closure}()
#31 /home/ahmad/Downloads/ishs/vendor/laravel/framework/src/Illuminate/Foundation/Http/Kernel.php(175): Illuminate\\Pipeline\\Pipeline->then()
#32 /home/ahmad/Downloads/ishs/vendor/laravel/framework/src/Illuminate/Foundation/Http/Kernel.php(144): Illuminate\\Foundation\\Http\\Kernel->sendRequestThroughRouter()
#33 /home/ahmad/Downloads/ishs/public/index.php(51): Illuminate\\Foundation\\Http\\Kernel->handle()
#34 /home/ahmad/Downloads/ishs/vendor/laravel/framework/src/Illuminate/Foundation/resources/server.php(16): require_once('...')
#35 {main}
"} 
[2026-02-27 07:46:57] laravel.ERROR: Trying to access array offset on value of type null {"exception":"[object] (ErrorException(code: 0): Trying to access array offset on value of type null at /home/ahmad/Downloads/ishs/vendor/laravel/framework/src/Illuminate/Cookie/CookieServiceProvider.php:20)
[stacktrace]
#0 /home/ahmad/Downloads/ishs/vendor/laravel/framework/src/Illuminate/Foundation/Bootstrap/HandleExceptions.php(255): Illuminate\\Foundation\\Bootstrap\\HandleExceptions->handleError()
#1 /home/ahmad/Downloads/ishs/vendor/laravel/framework/src/Illuminate/Cookie/CookieServiceProvider.php(20): Illuminate\\Foundation\\Bootstrap\\HandleExceptions->Illuminate\\Foundation\\Bootstrap\\{closure}()
#2 /home/ahmad/Downloads/ishs/vendor/laravel/framework/src/Illuminate/Container/Container.php(908): Illuminate\\Cookie\\CookieServiceProvider->Illuminate\\Cookie\\{closure}()
#3 /home/ahmad/Downloads/ishs/vendor/laravel/framework/src/Illuminate/Container/Container.php(795): Illuminate\\Container\\Container->build()
#4 /home/ahmad/Downloads/ishs/vendor/laravel/framework/src/Illuminate/Foundation/Application.php(986): Illuminate\\Container\\Container->resolve()
#5 /home/ahmad/Downloads/ishs/vendor/laravel/framework/src/Illuminate/Container/Container.php(731): Illuminate\\Foundation\\Application->resolve()
#6 /home/ahmad/Downloads/ishs/vendor/laravel/framework/src/Illuminate/Foundation/Application.php(971): Illuminate\\Container\\Container->make()
#7 /home/ahmad/Downloads/ishs/vendor/laravel/framework/src/Illuminate/Container/Container.php(1066): Illuminate\\Foundation\\Application->make()
#8 /home/ahmad/Downloads/ishs/vendor/laravel/framework/src/Illuminate/Container/Container.php(982): Illuminate\\Container\\Container->resolveClass()
#9 /home/ahmad/Downloads/ishs/vendor/laravel/framework/src/Illuminate/Container/Container.php(943): Illuminate\\Container\\Container->resolveDependencies()
#10 /home/ahmad/Downloads/ishs/vendor/laravel/framework/src/Illuminate/Container/Container.php(795): Illuminate\\Container\\Container->build()
#11 /home/ahmad/Downloads/ishs/vendor/laravel/framework/src/Illuminate/Foundation/Application.php(986): Illuminate\\Container\\Container->resolve()
#12 /home/ahmad/Downloads/ishs/vendor/laravel/framework/src/Illuminate/Container/Container.php(731): Illuminate\\Foundation\\Application->resolve()
#13 /home/ahmad/Downloads/ishs/vendor/laravel/framework/src/Illuminate/Foundation/Application.php(971): Illuminate\\Container\\Container->make()
#14 /home/ahmad/Downloads/ishs/vendor/laravel/framework/src/Illuminate/Pipeline/Pipeline.php(172): Illuminate\\Foundation\\Application->make()
#15 /home/ahmad/Downloads/ishs/vendor/laravel/framework/src/Illuminate/Cookie/Middleware/EncryptCookies.php(67): Illuminate\\Pipeline\\Pipeline->Illuminate\\Pipeline\\{closure}()
#16 /home/ahmad/Downloads/ishs/vendor/laravel/framework/src/Illuminate/Pipeline/Pipeline.php(183): Illuminate\\Cookie\\Middleware\\EncryptCookies->handle()
#17 /home/ahmad/Downloads/ishs/vendor/laravel/framework/src/Illuminate/Pipeline/Pipeline.php(119): Illuminate\\Pipeline\\Pipeline->Illuminate\\Pipeline\\{closure}()
#18 /home/ahmad/Downloads/ishs/vendor/laravel/framework/src/Illuminate/Routing/Router.php(805): Illuminate\\Pipeline\\Pipeline->then()
#19 /home/ahmad/Downloads/ishs/vendor/laravel/framework/src/Illuminate/Routing/Router.php(784): Illuminate\\Routing\\Router->runRouteWithinStack()
#20 /home/ahmad/Downloads/ishs/vendor/laravel/framework/src/Illuminate/Routing/Router.php(748): Illuminate\\Routing\\Router->runRoute()
#21 /home/ahmad/Downloads/ishs/vendor/laravel/framework/src/Illuminate/Routing/Router.php(737): Illuminate\\Routing\\Router->dispatchToRoute()
#22 /home/ahmad/Downloads/ishs/vendor/laravel/framework/src/Illuminate/Foundation/Http/Kernel.php(200): Illuminate\\Routing\\Router->dispatch()
#23 /home/ahmad/Downloads/ishs/vendor/laravel/framework/src/Illuminate/Pipeline/Pipeline.php(144): Illuminate\\Foundation\\Http\\Kernel->Illuminate\\Foundation\\Http\\{closure}()
#24 /home/ahmad/Downloads/ishs/vendor/laravel/framework/src/Illuminate/Foundation/Http/Middleware/TransformsRequest.php(21): Illuminate\\Pipeline\\Pipeline->Illuminate\\Pipeline\\{closure}()
#25 /home/ahmad/Downloads/ishs/vendor/laravel/framework/src/Illuminate/Foundation/Http/Middleware/ConvertEmptyStringsToNull.php(31): Illuminate\\Foundation\\Http\\Middleware\\TransformsRequest->handle()
#26 /home/ahmad/Downloads/ishs/vendor/laravel/framework/src/Illuminate/Pipeline/Pipeline.php(183): Illuminate\\Foundation\\Http\\Middleware\\ConvertEmptyStringsToNull->handle()
#27 /home/ahmad/Downloads/ishs/vendor/laravel/framework/src/Illuminate/Foundation/Http/Middleware/TransformsRequest.php(21): Illuminate\\Pipeline\\Pipeline->Illuminate\\Pipeline\\{closure}()
#28 /home/ahmad/Downloads/ishs/vendor/laravel/framework/src/Illuminate/Foundation/Http/Middleware/TrimStrings.php(40): Illuminate\\Foundation\\Http\\Middleware\\TransformsRequest->handle()
#29 /home/ahmad/Downloads/ishs/vendor/laravel/framework/src/Illuminate/Pipeline/Pipeline.php(183): Illuminate\\Foundation\\Http\\Middleware\\TrimStrings->handle()
#30 /home/ahmad/Downloads/ishs/vendor/laravel/framework/src/Illuminate/Foundation/Http/Middleware/ValidatePostSize.php(27): Illuminate\\Pipeline\\Pipeline->Illuminate\\Pipeline\\{closure}()
#31 /home/ahmad/Downloads/ishs/vendor/laravel/framework/src/Illuminate/Pipeline/Pipeline.php(183): Illuminate\\Foundation\\Http\\Middleware\\ValidatePostSize->handle()
#32 /home/ahmad/Downloads/ishs/vendor/laravel/framework/src/Illuminate/Foundation/Http/Middleware/PreventRequestsDuringMaintenance.php(99): Illuminate\\Pipeline\\Pipeline->Illuminate\\Pipeline\\{closure}()
#33 /home/ahmad/Downloads/ishs/vendor/laravel/framework/src/Illuminate/Pipeline/Pipeline.php(183): Illuminate\\Foundation\\Http\\Middleware\\PreventRequestsDuringMaintenance->handle()
#34 /home/ahmad/Downloads/ishs/vendor/laravel/framework/src/Illuminate/Http/Middleware/HandleCors.php(49): Illuminate\\Pipeline\\Pipeline->Illuminate\\Pipeline\\{closure}()
#35 /home/ahmad/Downloads/ishs/vendor/laravel/framework/src/Illuminate/Pipeline/Pipeline.php(183): Illuminate\\Http\\Middleware\\HandleCors->handle()
#36 /home/ahmad/Downloads/ishs/vendor/laravel/framework/src/Illuminate/Http/Middleware/TrustProxies.php(39): Illuminate\\Pipeline\\Pipeline->Illuminate\\Pipeline\\{closure}()
#37 /home/ahmad/Downloads/ishs/vendor/laravel/framework/src/Illuminate/Pipeline/Pipeline.php(183): Illuminate\\Http\\Middleware\\TrustProxies->handle()
#38 /home/ahmad/Downloads/ishs/vendor/laravel/framework/src/Illuminate/Pipeline/Pipeline.php(119): Illuminate\\Pipeline\\Pipeline->Illuminate\\Pipeline\\{closure}()
#39 /home/ahmad/Downloads/ishs/vendor/laravel/framework/src/Illuminate/Foundation/Http/Kernel.php(175): Illuminate\\Pipeline\\Pipeline->then()
#40 /home/ahmad/Downloads/ishs/vendor/laravel/framework/src/Illuminate/Foundation/Http/Kernel.php(144): Illuminate\\Foundation\\Http\\Kernel->sendRequestThroughRouter()
#41 /home/ahmad/Downloads/ishs/public/index.php(51): Illuminate\\Foundation\\Http\\Kernel->handle()
#42 /home/ahmad/Downloads/ishs/vendor/laravel/framework/src/Illuminate/Foundation/resources/server.php(16): require_once('...')
#43 {main}
"} 
[2026-02-27 07:46:57] laravel.EMERGENCY: Unable to create configured logger. Using emergency logger. {"exception":"[object] (InvalidArgumentException(code: 0): Log [] is not defined. at /home/ahmad/Downloads/ishs/vendor/laravel/framework/src/Illuminate/Log/LogManager.php:212)
[stacktrace]
#0 /home/ahmad/Downloads/ishs/vendor/laravel/framework/src/Illuminate/Log/LogManager.php(137): Illuminate\\Log\\LogManager->resolve()
#1 /home/ahmad/Downloads/ishs/vendor/laravel/framework/src/Illuminate/Log/LogManager.php(124): Illuminate\\Log\\LogManager->get()
#2 /home/ahmad/Downloads/ishs/vendor/laravel/framework/src/Illuminate/Log/LogManager.php(681): Illuminate\\Log\\LogManager->driver()
#3 /home/ahmad/Downloads/ishs/vendor/laravel/framework/src/Illuminate/Foundation/Exceptions/Handler.php(317): Illuminate\\Log\\LogManager->error()
#4 /home/ahmad/Downloads/ishs/vendor/laravel/framework/src/Illuminate/Foundation/Exceptions/Handler.php(278): Illuminate\\Foundation\\Exceptions\\Handler->reportThrowable()
#5 /home/ahmad/Downloads/ishs/vendor/laravel/framework/src/Illuminate/Foundation/Bootstrap/HandleExceptions.php(183): Illuminate\\Foundation\\Exceptions\\Handler->report()
#6 /home/ahmad/Downloads/ishs/vendor/laravel/framework/src/Illuminate/Foundation/Bootstrap/HandleExceptions.php(255): Illuminate\\Foundation\\Bootstrap\\HandleExceptions->handleException()
#7 [internal function]: Illuminate\\Foundation\\Bootstrap\\HandleExceptions->Illuminate\\Foundation\\Bootstrap\\{closure}()
#8 {main}
"} 
[2026-02-27 07:46:57] laravel.ERROR: Trying to access array offset on value of type null {"exception":"[object] (ErrorException(code: 0): Trying to access array offset on value of type null at /home/ahmad/Downloads/ishs/vendor/laravel/framework/src/Illuminate/Cookie/CookieServiceProvider.php:20)
[stacktrace]
#0 /home/ahmad/Downloads/ishs/vendor/laravel/framework/src/Illuminate/Foundation/Bootstrap/HandleExceptions.php(255): Illuminate\\Foundation\\Bootstrap\\HandleExceptions->handleError()
#1 /home/ahmad/Downloads/ishs/vendor/laravel/framework/src/Illuminate/Cookie/CookieServiceProvider.php(20): Illuminate\\Foundation\\Bootstrap\\HandleExceptions->Illuminate\\Foundation\\Bootstrap\\{closure}()
#2 /home/ahmad/Downloads/ishs/vendor/laravel/framework/src/Illuminate/Container/Container.php(908): Illuminate\\Cookie\\CookieServiceProvider->Illuminate\\Cookie\\{closure}()
#3 /home/ahmad/Downloads/ishs/vendor/laravel/framework/src/Illuminate/Container/Container.php(795): Illuminate\\Container\\Container->build()
#4 /home/ahmad/Downloads/ishs/vendor/laravel/framework/src/Illuminate/Foundation/Application.php(986): Illuminate\\Container\\Container->resolve()
#5 /home/ahmad/Downloads/ishs/vendor/laravel/framework/src/Illuminate/Container/Container.php(731): Illuminate\\Foundation\\Application->resolve()
#6 /home/ahmad/Downloads/ishs/vendor/laravel/framework/src/Illuminate/Foundation/Application.php(971): Illuminate\\Container\\Container->make()
#7 /home/ahmad/Downloads/ishs/vendor/laravel/framework/src/Illuminate/Container/Container.php(1066): Illuminate\\Foundation\\Application->make()
#8 /home/ahmad/Downloads/ishs/vendor/laravel/framework/src/Illuminate/Container/Container.php(982): Illuminate\\Container\\Container->resolveClass()
#9 /home/ahmad/Downloads/ishs/vendor/laravel/framework/src/Illuminate/Container/Container.php(943): Illuminate\\Container\\Container->resolveDependencies()
#10 /home/ahmad/Downloads/ishs/vendor/laravel/framework/src/Illuminate/Container/Container.php(795): Illuminate\\Container\\Container->build()
#11 /home/ahmad/Downloads/ishs/vendor/laravel/framework/src/Illuminate/Foundation/Application.php(986): Illuminate\\Container\\Container->resolve()
#12 /home/ahmad/Downloads/ishs/vendor/laravel/framework/src/Illuminate/Container/Container.php(731): Illuminate\\Foundation\\Application->resolve()
#13 /home/ahmad/Downloads/ishs/vendor/laravel/framework/src/Illuminate/Foundation/Application.php(971): Illuminate\\Container\\Container->make()
#14 /home/ahmad/Downloads/ishs/vendor/laravel/framework/src/Illuminate/Foundation/Http/Kernel.php(255): Illuminate\\Foundation\\Application->make()
#15 /home/ahmad/Downloads/ishs/vendor/laravel/framework/src/Illuminate/Foundation/Http/Kernel.php(213): Illuminate\\Foundation\\Http\\Kernel->terminateMiddleware()
#16 /home/ahmad/Downloads/ishs/public/index.php(55): Illuminate\\Foundation\\Http\\Kernel->terminate()
#17 /home/ahmad/Downloads/ishs/vendor/laravel/framework/src/Illuminate/Foundation/resources/server.php(16): require_once('...')
#18 {main}
"} 
[2026-02-27 07:46:57] laravel.EMERGENCY: Unable to create configured logger. Using emergency logger. {"exception":"[object] (InvalidArgumentException(code: 0): Log [] is not defined. at /home/ahmad/Downloads/ishs/vendor/laravel/framework/src/Illuminate/Log/LogManager.php:212)
[stacktrace]
#0 /home/ahmad/Downloads/ishs/vendor/laravel/framework/src/Illuminate/Log/LogManager.php(137): Illuminate\\Log\\LogManager->resolve()
#1 /home/ahmad/Downloads/ishs/vendor/laravel/framework/src/Illuminate/Log/LogManager.php(124): Illuminate\\Log\\LogManager->get()
#2 /home/ahmad/Downloads/ishs/vendor/laravel/framework/src/Illuminate/Log/LogManager.php(681): Illuminate\\Log\\LogManager->driver()
#3 /home/ahmad/Downloads/ishs/vendor/laravel/framework/src/Illuminate/Foundation/Exceptions/Handler.php(317): Illuminate\\Log\\LogManager->error()
#4 /home/ahmad/Downloads/ishs/vendor/laravel/framework/src/Illuminate/Foundation/Exceptions/Handler.php(278): Illuminate\\Foundation\\Exceptions\\Handler->reportThrowable()
#5 /home/ahmad/Downloads/ishs/vendor/laravel/framework/src/Illuminate/Routing/Pipeline.php(49): Illuminate\\Foundation\\Exceptions\\Handler->report()
#6 /home/ahmad/Downloads/ishs/vendor/laravel/framework/src/Illuminate/Pipeline/Pipeline.php(188): Illuminate\\Routing\\Pipeline->handleException()
#7 /home/ahmad/Downloads/ishs/vendor/laravel/framework/src/Illuminate/Cookie/Middleware/EncryptCookies.php(67): Illuminate\\Pipeline\\Pipeline->Illuminate\\Pipeline\\{closure}()
#8 /home/ahmad/Downloads/ishs/vendor/laravel/framework/src/Illuminate/Pipeline/Pipeline.php(183): Illuminate\\Cookie\\Middleware\\EncryptCookies->handle()
#9 /home/ahmad/Downloads/ishs/vendor/laravel/framework/src/Illuminate/Pipeline/Pipeline.php(119): Illuminate\\Pipeline\\Pipeline->Illuminate\\Pipeline\\{closure}()
#10 /home/ahmad/Downloads/ishs/vendor/laravel/framework/src/Illuminate/Routing/Router.php(805): Illuminate\\Pipeline\\Pipeline->then()
#11 /home/ahmad/Downloads/ishs/vendor/laravel/framework/src/Illuminate/Routing/Router.php(784): Illuminate\\Routing\\Router->runRouteWithinStack()
#12 /home/ahmad/Downloads/ishs/vendor/laravel/framework/src/Illuminate/Routing/Router.php(748): Illuminate\\Routing\\Router->runRoute()
#13 /home/ahmad/Downloads/ishs/vendor/laravel/framework/src/Illuminate/Routing/Router.php(737): Illuminate\\Routing\\Router->dispatchToRoute()
#14 /home/ahmad/Downloads/ishs/vendor/laravel/framework/src/Illuminate/Foundation/Http/Kernel.php(200): Illuminate\\Routing\\Router->dispatch()
#15 /home/ahmad/Downloads/ishs/vendor/laravel/framework/src/Illuminate/Pipeline/Pipeline.php(144): Illuminate\\Foundation\\Http\\Kernel->Illuminate\\Foundation\\Http\\{closure}()
#16 /home/ahmad/Downloads/ishs/vendor/laravel/framework/src/Illuminate/Foundation/Http/Middleware/TransformsRequest.php(21): Illuminate\\Pipeline\\Pipeline->Illuminate\\Pipeline\\{closure}()
#17 /home/ahmad/Downloads/ishs/vendor/laravel/framework/src/Illuminate/Foundation/Http/Middleware/ConvertEmptyStringsToNull.php(31): Illuminate\\Foundation\\Http\\Middleware\\TransformsRequest->handle()
#18 /home/ahmad/Downloads/ishs/vendor/laravel/framework/src/Illuminate/Pipeline/Pipeline.php(183): Illuminate\\Foundation\\Http\\Middleware\\ConvertEmptyStringsToNull->handle()
#19 /home/ahmad/Downloads/ishs/vendor/laravel/framework/src/Illuminate/Foundation/Http/Middleware/TransformsRequest.php(21): Illuminate\\Pipeline\\Pipeline->Illuminate\\Pipeline\\{closure}()
#20 /home/ahmad/Downloads/ishs/vendor/laravel/framework/src/Illuminate/Foundation/Http/Middleware/TrimStrings.php(40): Illuminate\\Foundation\\Http\\Middleware\\TransformsRequest->handle()
#21 /home/ahmad/Downloads/ishs/vendor/laravel/framework/src/Illuminate/Pipeline/Pipeline.php(183): Illuminate\\Foundation\\Http\\Middleware\\TrimStrings->handle()
#22 /home/ahmad/Downloads/ishs/vendor/laravel/framework/src/Illuminate/Foundation/Http/Middleware/ValidatePostSize.php(27): Illuminate\\Pipeline\\Pipeline->Illuminate\\Pipeline\\{closure}()
#23 /home/ahmad/Downloads/ishs/vendor/laravel/framework/src/Illuminate/Pipeline/Pipeline.php(183): Illuminate\\Foundation\\Http\\Middleware\\ValidatePostSize->handle()
#24 /home/ahmad/Downloads/ishs/vendor/laravel/framework/src/Illuminate/Foundation/Http/Middleware/PreventRequestsDuringMaintenance.php(99): Illuminate\\Pipeline\\Pipeline->Illuminate\\Pipeline\\{closure}()
#25 /home/ahmad/Downloads/ishs/vendor/laravel/framework/src/Illuminate/Pipeline/Pipeline.php(183): Illuminate\\Foundation\\Http\\Middleware\\PreventRequestsDuringMaintenance->handle()
#26 /home/ahmad/Downloads/ishs/vendor/laravel/framework/src/Illuminate/Http/Middleware/HandleCors.php(49): Illuminate\\Pipeline\\Pipeline->Illuminate\\Pipeline\\{closure}()
#27 /home/ahmad/Downloads/ishs/vendor/laravel/framework/src/Illuminate/Pipeline/Pipeline.php(183): Illuminate\\Http\\Middleware\\HandleCors->handle()
#28 /home/ahmad/Downloads/ishs/vendor/laravel/framework/src/Illuminate/Http/Middleware/TrustProxies.php(39): Illuminate\\Pipeline\\Pipeline->Illuminate\\Pipeline\\{closure}()
#29 /home/ahmad/Downloads/ishs/vendor/laravel/framework/src/Illuminate/Pipeline/Pipeline.php(183): Illuminate\\Http\\Middleware\\TrustProxies->handle()
#30 /home/ahmad/Downloads/ishs/vendor/laravel/framework/src/Illuminate/Pipeline/Pipeline.php(119): Illuminate\\Pipeline\\Pipeline->Illuminate\\Pipeline\\{closure}()
#31 /home/ahmad/Downloads/ishs/vendor/laravel/framework/src/Illuminate/Foundation/Http/Kernel.php(175): Illuminate\\Pipeline\\Pipeline->then()
#32 /home/ahmad/Downloads/ishs/vendor/laravel/framework/src/Illuminate/Foundation/Http/Kernel.php(144): Illuminate\\Foundation\\Http\\Kernel->sendRequestThroughRouter()
#33 /home/ahmad/Downloads/ishs/public/index.php(51): Illuminate\\Foundation\\Http\\Kernel->handle()
#34 /home/ahmad/Downloads/ishs/vendor/laravel/framework/src/Illuminate/Foundation/resources/server.php(16): require_once('...')
#35 {main}
"} 
[2026-02-27 07:46:57] laravel.ERROR: Trying to access array offset on value of type null {"exception":"[object] (ErrorException(code: 0): Trying to access array offset on value of type null at /home/ahmad/Downloads/ishs/vendor/laravel/framework/src/Illuminate/Cookie/CookieServiceProvider.php:20)
[stacktrace]
#0 /home/ahmad/Downloads/ishs/vendor/laravel/framework/src/Illuminate/Foundation/Bootstrap/HandleExceptions.php(255): Illuminate\\Foundation\\Bootstrap\\HandleExceptions->handleError()
#1 /home/ahmad/Downloads/ishs/vendor/laravel/framework/src/Illuminate/Cookie/CookieServiceProvider.php(20): Illuminate\\Foundation\\Bootstrap\\HandleExceptions->Illuminate\\Foundation\\Bootstrap\\{closure}()
#2 /home/ahmad/Downloads/ishs/vendor/laravel/framework/src/Illuminate/Container/Container.php(908): Illuminate\\Cookie\\CookieServiceProvider->Illuminate\\Cookie\\{closure}()
#3 /home/ahmad/Downloads/ishs/vendor/laravel/framework/src/Illuminate/Container/Container.php(795): Illuminate\\Container\\Container->build()
#4 /home/ahmad/Downloads/ishs/vendor/laravel/framework/src/Illuminate/Foundation/Application.php(986): Illuminate\\Container\\Container->resolve()
#5 /home/ahmad/Downloads/ishs/vendor/laravel/framework/src/Illuminate/Container/Container.php(731): Illuminate\\Foundation\\Application->resolve()
#6 /home/ahmad/Downloads/ishs/vendor/laravel/framework/src/Illuminate/Foundation/Application.php(971): Illuminate\\Container\\Container->make()
#7 /home/ahmad/Downloads/ishs/vendor/laravel/framework/src/Illuminate/Container/Container.php(1066): Illuminate\\Foundation\\Application->make()
#8 /home/ahmad/Downloads/ishs/vendor/laravel/framework/src/Illuminate/Container/Container.php(982): Illuminate\\Container\\Container->resolveClass()
#9 /home/ahmad/Downloads/ishs/vendor/laravel/framework/src/Illuminate/Container/Container.php(943): Illuminate\\Container\\Container->resolveDependencies()
#10 /home/ahmad/Downloads/ishs/vendor/laravel/framework/src/Illuminate/Container/Container.php(795): Illuminate\\Container\\Container->build()
#11 /home/ahmad/Downloads/ishs/vendor/laravel/framework/src/Illuminate/Foundation/Application.php(986): Illuminate\\Container\\Container->resolve()
#12 /home/ahmad/Downloads/ishs/vendor/laravel/framework/src/Illuminate/Container/Container.php(731): Illuminate\\Foundation\\Application->resolve()
#13 /home/ahmad/Downloads/ishs/vendor/laravel/framework/src/Illuminate/Foundation/Application.php(971): Illuminate\\Container\\Container->make()
#14 /home/ahmad/Downloads/ishs/vendor/laravel/framework/src/Illuminate/Pipeline/Pipeline.php(172): Illuminate\\Foundation\\Application->make()
#15 /home/ahmad/Downloads/ishs/vendor/laravel/framework/src/Illuminate/Cookie/Middleware/EncryptCookies.php(67): Illuminate\\Pipeline\\Pipeline->Illuminate\\Pipeline\\{closure}()
#16 /home/ahmad/Downloads/ishs/vendor/laravel/framework/src/Illuminate/Pipeline/Pipeline.php(183): Illuminate\\Cookie\\Middleware\\EncryptCookies->handle()
#17 /home/ahmad/Downloads/ishs/vendor/laravel/framework/src/Illuminate/Pipeline/Pipeline.php(119): Illuminate\\Pipeline\\Pipeline->Illuminate\\Pipeline\\{closure}()
#18 /home/ahmad/Downloads/ishs/vendor/laravel/framework/src/Illuminate/Routing/Router.php(805): Illuminate\\Pipeline\\Pipeline->then()
#19 /home/ahmad/Downloads/ishs/vendor/laravel/framework/src/Illuminate/Routing/Router.php(784): Illuminate\\Routing\\Router->runRouteWithinStack()
#20 /home/ahmad/Downloads/ishs/vendor/laravel/framework/src/Illuminate/Routing/Router.php(748): Illuminate\\Routing\\Router->runRoute()
#21 /home/ahmad/Downloads/ishs/vendor/laravel/framework/src/Illuminate/Routing/Router.php(737): Illuminate\\Routing\\Router->dispatchToRoute()
#22 /home/ahmad/Downloads/ishs/vendor/laravel/framework/src/Illuminate/Foundation/Http/Kernel.php(200): Illuminate\\Routing\\Router->dispatch()
#23 /home/ahmad/Downloads/ishs/vendor/laravel/framework/src/Illuminate/Pipeline/Pipeline.php(144): Illuminate\\Foundation\\Http\\Kernel->Illuminate\\Foundation\\Http\\{closure}()
#24 /home/ahmad/Downloads/ishs/vendor/laravel/framework/src/Illuminate/Foundation/Http/Middleware/TransformsRequest.php(21): Illuminate\\Pipeline\\Pipeline->Illuminate\\Pipeline\\{closure}()
#25 /home/ahmad/Downloads/ishs/vendor/laravel/framework/src/Illuminate/Foundation/Http/Middleware/ConvertEmptyStringsToNull.php(31): Illuminate\\Foundation\\Http\\Middleware\\TransformsRequest->handle()
#26 /home/ahmad/Downloads/ishs/vendor/laravel/framework/src/Illuminate/Pipeline/Pipeline.php(183): Illuminate\\Foundation\\Http\\Middleware\\ConvertEmptyStringsToNull->handle()
#27 /home/ahmad/Downloads/ishs/vendor/laravel/framework/src/Illuminate/Foundation/Http/Middleware/TransformsRequest.php(21): Illuminate\\Pipeline\\Pipeline->Illuminate\\Pipeline\\{closure}()
#28 /home/ahmad/Downloads/ishs/vendor/laravel/framework/src/Illuminate/Foundation/Http/Middleware/TrimStrings.php(40): Illuminate\\Foundation\\Http\\Middleware\\TransformsRequest->handle()
#29 /home/ahmad/Downloads/ishs/vendor/laravel/framework/src/Illuminate/Pipeline/Pipeline.php(183): Illuminate\\Foundation\\Http\\Middleware\\TrimStrings->handle()
#30 /home/ahmad/Downloads/ishs/vendor/laravel/framework/src/Illuminate/Foundation/Http/Middleware/ValidatePostSize.php(27): Illuminate\\Pipeline\\Pipeline->Illuminate\\Pipeline\\{closure}()
#31 /home/ahmad/Downloads/ishs/vendor/laravel/framework/src/Illuminate/Pipeline/Pipeline.php(183): Illuminate\\Foundation\\Http\\Middleware\\ValidatePostSize->handle()
#32 /home/ahmad/Downloads/ishs/vendor/laravel/framework/src/Illuminate/Foundation/Http/Middleware/PreventRequestsDuringMaintenance.php(99): Illuminate\\Pipeline\\Pipeline->Illuminate\\Pipeline\\{closure}()
#33 /home/ahmad/Downloads/ishs/vendor/laravel/framework/src/Illuminate/Pipeline/Pipeline.php(183): Illuminate\\Foundation\\Http\\Middleware\\PreventRequestsDuringMaintenance->handle()
#34 /home/ahmad/Downloads/ishs/vendor/laravel/framework/src/Illuminate/Http/Middleware/HandleCors.php(49): Illuminate\\Pipeline\\Pipeline->Illuminate\\Pipeline\\{closure}()
#35 /home/ahmad/Downloads/ishs/vendor/laravel/framework/src/Illuminate/Pipeline/Pipeline.php(183): Illuminate\\Http\\Middleware\\HandleCors->handle()
#36 /home/ahmad/Downloads/ishs/vendor/laravel/framework/src/Illuminate/Http/Middleware/TrustProxies.php(39): Illuminate\\Pipeline\\Pipeline->Illuminate\\Pipeline\\{closure}()
#37 /home/ahmad/Downloads/ishs/vendor/laravel/framework/src/Illuminate/Pipeline/Pipeline.php(183): Illuminate\\Http\\Middleware\\TrustProxies->handle()
#38 /home/ahmad/Downloads/ishs/vendor/laravel/framework/src/Illuminate/Pipeline/Pipeline.php(119): Illuminate\\Pipeline\\Pipeline->Illuminate\\Pipeline\\{closure}()
#39 /home/ahmad/Downloads/ishs/vendor/laravel/framework/src/Illuminate/Foundation/Http/Kernel.php(175): Illuminate\\Pipeline\\Pipeline->then()
#40 /home/ahmad/Downloads/ishs/vendor/laravel/framework/src/Illuminate/Foundation/Http/Kernel.php(144): Illuminate\\Foundation\\Http\\Kernel->sendRequestThroughRouter()
#41 /home/ahmad/Downloads/ishs/public/index.php(51): Illuminate\\Foundation\\Http\\Kernel->handle()
#42 /home/ahmad/Downloads/ishs/vendor/laravel/framework/src/Illuminate/Foundation/resources/server.php(16): require_once('...')
#43 {main}
"} 
[2026-02-27 07:46:57] laravel.EMERGENCY: Unable to create configured logger. Using emergency logger. {"exception":"[object] (InvalidArgumentException(code: 0): Log [] is not defined. at /home/ahmad/Downloads/ishs/vendor/laravel/framework/src/Illuminate/Log/LogManager.php:212)
[stacktrace]
#0 /home/ahmad/Downloads/ishs/vendor/laravel/framework/src/Illuminate/Log/LogManager.php(137): Illuminate\\Log\\LogManager->resolve()
#1 /home/ahmad/Downloads/ishs/vendor/laravel/framework/src/Illuminate/Log/LogManager.php(124): Illuminate\\Log\\LogManager->get()
#2 /home/ahmad/Downloads/ishs/vendor/laravel/framework/src/Illuminate/Log/LogManager.php(681): Illuminate\\Log\\LogManager->driver()
#3 /home/ahmad/Downloads/ishs/vendor/laravel/framework/src/Illuminate/Foundation/Exceptions/Handler.php(317): Illuminate\\Log\\LogManager->error()
#4 /home/ahmad/Downloads/ishs/vendor/laravel/framework/src/Illuminate/Foundation/Exceptions/Handler.php(278): Illuminate\\Foundation\\Exceptions\\Handler->reportThrowable()
#5 /home/ahmad/Downloads/ishs/vendor/laravel/framework/src/Illuminate/Foundation/Bootstrap/HandleExceptions.php(183): Illuminate\\Foundation\\Exceptions\\Handler->report()
#6 /home/ahmad/Downloads/ishs/vendor/laravel/framework/src/Illuminate/Foundation/Bootstrap/HandleExceptions.php(255): Illuminate\\Foundation\\Bootstrap\\HandleExceptions->handleException()
#7 [internal function]: Illuminate\\Foundation\\Bootstrap\\HandleExceptions->Illuminate\\Foundation\\Bootstrap\\{closure}()
#8 {main}
"} 
[2026-02-27 07:46:57] laravel.ERROR: Trying to access array offset on value of type null {"exception":"[object] (ErrorException(code: 0): Trying to access array offset on value of type null at /home/ahmad/Downloads/ishs/vendor/laravel/framework/src/Illuminate/Cookie/CookieServiceProvider.php:20)
[stacktrace]
#0 /home/ahmad/Downloads/ishs/vendor/laravel/framework/src/Illuminate/Foundation/Bootstrap/HandleExceptions.php(255): Illuminate\\Foundation\\Bootstrap\\HandleExceptions->handleError()
#1 /home/ahmad/Downloads/ishs/vendor/laravel/framework/src/Illuminate/Cookie/CookieServiceProvider.php(20): Illuminate\\Foundation\\Bootstrap\\HandleExceptions->Illuminate\\Foundation\\Bootstrap\\{closure}()
#2 /home/ahmad/Downloads/ishs/vendor/laravel/framework/src/Illuminate/Container/Container.php(908): Illuminate\\Cookie\\CookieServiceProvider->Illuminate\\Cookie\\{closure}()
#3 /home/ahmad/Downloads/ishs/vendor/laravel/framework/src/Illuminate/Container/Container.php(795): Illuminate\\Container\\Container->build()
#4 /home/ahmad/Downloads/ishs/vendor/laravel/framework/src/Illuminate/Foundation/Application.php(986): Illuminate\\Container\\Container->resolve()
#5 /home/ahmad/Downloads/ishs/vendor/laravel/framework/src/Illuminate/Container/Container.php(731): Illuminate\\Foundation\\Application->resolve()
#6 /home/ahmad/Downloads/ishs/vendor/laravel/framework/src/Illuminate/Foundation/Application.php(971): Illuminate\\Container\\Container->make()
#7 /home/ahmad/Downloads/ishs/vendor/laravel/framework/src/Illuminate/Container/Container.php(1066): Illuminate\\Foundation\\Application->make()
#8 /home/ahmad/Downloads/ishs/vendor/laravel/framework/src/Illuminate/Container/Container.php(982): Illuminate\\Container\\Container->resolveClass()
#9 /home/ahmad/Downloads/ishs/vendor/laravel/framework/src/Illuminate/Container/Container.php(943): Illuminate\\Container\\Container->resolveDependencies()
#10 /home/ahmad/Downloads/ishs/vendor/laravel/framework/src/Illuminate/Container/Container.php(795): Illuminate\\Container\\Container->build()
#11 /home/ahmad/Downloads/ishs/vendor/laravel/framework/src/Illuminate/Foundation/Application.php(986): Illuminate\\Container\\Container->resolve()
#12 /home/ahmad/Downloads/ishs/vendor/laravel/framework/src/Illuminate/Container/Container.php(731): Illuminate\\Foundation\\Application->resolve()
#13 /home/ahmad/Downloads/ishs/vendor/laravel/framework/src/Illuminate/Foundation/Application.php(971): Illuminate\\Container\\Container->make()
#14 /home/ahmad/Downloads/ishs/vendor/laravel/framework/src/Illuminate/Foundation/Http/Kernel.php(255): Illuminate\\Foundation\\Application->make()
#15 /home/ahmad/Downloads/ishs/vendor/laravel/framework/src/Illuminate/Foundation/Http/Kernel.php(213): Illuminate\\Foundation\\Http\\Kernel->terminateMiddleware()
#16 /home/ahmad/Downloads/ishs/public/index.php(55): Illuminate\\Foundation\\Http\\Kernel->terminate()
#17 /home/ahmad/Downloads/ishs/vendor/laravel/framework/src/Illuminate/Foundation/resources/server.php(16): require_once('...')
#18 {main}
"} 
[2026-02-27 07:46:58] laravel.EMERGENCY: Unable to create configured logger. Using emergency logger. {"exception":"[object] (InvalidArgumentException(code: 0): Log [] is not defined. at /home/ahmad/Downloads/ishs/vendor/laravel/framework/src/Illuminate/Log/LogManager.php:212)
[stacktrace]
#0 /home/ahmad/Downloads/ishs/vendor/laravel/framework/src/Illuminate/Log/LogManager.php(137): Illuminate\\Log\\LogManager->resolve()
#1 /home/ahmad/Downloads/ishs/vendor/laravel/framework/src/Illuminate/Log/LogManager.php(124): Illuminate\\Log\\LogManager->get()
#2 /home/ahmad/Downloads/ishs/vendor/laravel/framework/src/Illuminate/Log/LogManager.php(681): Illuminate\\Log\\LogManager->driver()
#3 /home/ahmad/Downloads/ishs/vendor/laravel/framework/src/Illuminate/Foundation/Exceptions/Handler.php(317): Illuminate\\Log\\LogManager->error()
#4 /home/ahmad/Downloads/ishs/vendor/laravel/framework/src/Illuminate/Foundation/Exceptions/Handler.php(278): Illuminate\\Foundation\\Exceptions\\Handler->reportThrowable()
#5 /home/ahmad/Downloads/ishs/vendor/laravel/framework/src/Illuminate/Routing/Pipeline.php(49): Illuminate\\Foundation\\Exceptions\\Handler->report()
#6 /home/ahmad/Downloads/ishs/vendor/laravel/framework/src/Illuminate/Pipeline/Pipeline.php(188): Illuminate\\Routing\\Pipeline->handleException()
#7 /home/ahmad/Downloads/ishs/vendor/laravel/framework/src/Illuminate/Cookie/Middleware/EncryptCookies.php(67): Illuminate\\Pipeline\\Pipeline->Illuminate\\Pipeline\\{closure}()
#8 /home/ahmad/Downloads/ishs/vendor/laravel/framework/src/Illuminate/Pipeline/Pipeline.php(183): Illuminate\\Cookie\\Middleware\\EncryptCookies->handle()
#9 /home/ahmad/Downloads/ishs/vendor/laravel/framework/src/Illuminate/Pipeline/Pipeline.php(119): Illuminate\\Pipeline\\Pipeline->Illuminate\\Pipeline\\{closure}()
#10 /home/ahmad/Downloads/ishs/vendor/laravel/framework/src/Illuminate/Routing/Router.php(805): Illuminate\\Pipeline\\Pipeline->then()
#11 /home/ahmad/Downloads/ishs/vendor/laravel/framework/src/Illuminate/Routing/Router.php(784): Illuminate\\Routing\\Router->runRouteWithinStack()
#12 /home/ahmad/Downloads/ishs/vendor/laravel/framework/src/Illuminate/Routing/Router.php(748): Illuminate\\Routing\\Router->runRoute()
#13 /home/ahmad/Downloads/ishs/vendor/laravel/framework/src/Illuminate/Routing/Router.php(737): Illuminate\\Routing\\Router->dispatchToRoute()
#14 /home/ahmad/Downloads/ishs/vendor/laravel/framework/src/Illuminate/Foundation/Http/Kernel.php(200): Illuminate\\Routing\\Router->dispatch()
#15 /home/ahmad/Downloads/ishs/vendor/laravel/framework/src/Illuminate/Pipeline/Pipeline.php(144): Illuminate\\Foundation\\Http\\Kernel->Illuminate\\Foundation\\Http\\{closure}()
#16 /home/ahmad/Downloads/ishs/vendor/laravel/framework/src/Illuminate/Foundation/Http/Middleware/TransformsRequest.php(21): Illuminate\\Pipeline\\Pipeline->Illuminate\\Pipeline\\{closure}()
#17 /home/ahmad/Downloads/ishs/vendor/laravel/framework/src/Illuminate/Foundation/Http/Middleware/ConvertEmptyStringsToNull.php(31): Illuminate\\Foundation\\Http\\Middleware\\TransformsRequest->handle()
#18 /home/ahmad/Downloads/ishs/vendor/laravel/framework/src/Illuminate/Pipeline/Pipeline.php(183): Illuminate\\Foundation\\Http\\Middleware\\ConvertEmptyStringsToNull->handle()
#19 /home/ahmad/Downloads/ishs/vendor/laravel/framework/src/Illuminate/Foundation/Http/Middleware/TransformsRequest.php(21): Illuminate\\Pipeline\\Pipeline->Illuminate\\Pipeline\\{closure}()
#20 /home/ahmad/Downloads/ishs/vendor/laravel/framework/src/Illuminate/Foundation/Http/Middleware/TrimStrings.php(40): Illuminate\\Foundation\\Http\\Middleware\\TransformsRequest->handle()
#21 /home/ahmad/Downloads/ishs/vendor/laravel/framework/src/Illuminate/Pipeline/Pipeline.php(183): Illuminate\\Foundation\\Http\\Middleware\\TrimStrings->handle()
#22 /home/ahmad/Downloads/ishs/vendor/laravel/framework/src/Illuminate/Foundation/Http/Middleware/ValidatePostSize.php(27): Illuminate\\Pipeline\\Pipeline->Illuminate\\Pipeline\\{closure}()
#23 /home/ahmad/Downloads/ishs/vendor/laravel/framework/src/Illuminate/Pipeline/Pipeline.php(183): Illuminate\\Foundation\\Http\\Middleware\\ValidatePostSize->handle()
#24 /home/ahmad/Downloads/ishs/vendor/laravel/framework/src/Illuminate/Foundation/Http/Middleware/PreventRequestsDuringMaintenance.php(99): Illuminate\\Pipeline\\Pipeline->Illuminate\\Pipeline\\{closure}()
#25 /home/ahmad/Downloads/ishs/vendor/laravel/framework/src/Illuminate/Pipeline/Pipeline.php(183): Illuminate\\Foundation\\Http\\Middleware\\PreventRequestsDuringMaintenance->handle()
#26 /home/ahmad/Downloads/ishs/vendor/laravel/framework/src/Illuminate/Http/Middleware/HandleCors.php(49): Illuminate\\Pipeline\\Pipeline->Illuminate\\Pipeline\\{closure}()
#27 /home/ahmad/Downloads/ishs/vendor/laravel/framework/src/Illuminate/Pipeline/Pipeline.php(183): Illuminate\\Http\\Middleware\\HandleCors->handle()
#28 /home/ahmad/Downloads/ishs/vendor/laravel/framework/src/Illuminate/Http/Middleware/TrustProxies.php(39): Illuminate\\Pipeline\\Pipeline->Illuminate\\Pipeline\\{closure}()
#29 /home/ahmad/Downloads/ishs/vendor/laravel/framework/src/Illuminate/Pipeline/Pipeline.php(183): Illuminate\\Http\\Middleware\\TrustProxies->handle()
#30 /home/ahmad/Downloads/ishs/vendor/laravel/framework/src/Illuminate/Pipeline/Pipeline.php(119): Illuminate\\Pipeline\\Pipeline->Illuminate\\Pipeline\\{closure}()
#31 /home/ahmad/Downloads/ishs/vendor/laravel/framework/src/Illuminate/Foundation/Http/Kernel.php(175): Illuminate\\Pipeline\\Pipeline->then()
#32 /home/ahmad/Downloads/ishs/vendor/laravel/framework/src/Illuminate/Foundation/Http/Kernel.php(144): Illuminate\\Foundation\\Http\\Kernel->sendRequestThroughRouter()
#33 /home/ahmad/Downloads/ishs/public/index.php(51): Illuminate\\Foundation\\Http\\Kernel->handle()
#34 /home/ahmad/Downloads/ishs/vendor/laravel/framework/src/Illuminate/Foundation/resources/server.php(16): require_once('...')
#35 {main}
"} 
[2026-02-27 07:46:58] laravel.ERROR: Trying to access array offset on value of type null {"exception":"[object] (ErrorException(code: 0): Trying to access array offset on value of type null at /home/ahmad/Downloads/ishs/vendor/laravel/framework/src/Illuminate/Cookie/CookieServiceProvider.php:20)
[stacktrace]
#0 /home/ahmad/Downloads/ishs/vendor/laravel/framework/src/Illuminate/Foundation/Bootstrap/HandleExceptions.php(255): Illuminate\\Foundation\\Bootstrap\\HandleExceptions->handleError()
#1 /home/ahmad/Downloads/ishs/vendor/laravel/framework/src/Illuminate/Cookie/CookieServiceProvider.php(20): Illuminate\\Foundation\\Bootstrap\\HandleExceptions->Illuminate\\Foundation\\Bootstrap\\{closure}()
#2 /home/ahmad/Downloads/ishs/vendor/laravel/framework/src/Illuminate/Container/Container.php(908): Illuminate\\Cookie\\CookieServiceProvider->Illuminate\\Cookie\\{closure}()
#3 /home/ahmad/Downloads/ishs/vendor/laravel/framework/src/Illuminate/Container/Container.php(795): Illuminate\\Container\\Container->build()
#4 /home/ahmad/Downloads/ishs/vendor/laravel/framework/src/Illuminate/Foundation/Application.php(986): Illuminate\\Container\\Container->resolve()
#5 /home/ahmad/Downloads/ishs/vendor/laravel/framework/src/Illuminate/Container/Container.php(731): Illuminate\\Foundation\\Application->resolve()
#6 /home/ahmad/Downloads/ishs/vendor/laravel/framework/src/Illuminate/Foundation/Application.php(971): Illuminate\\Container\\Container->make()
#7 /home/ahmad/Downloads/ishs/vendor/laravel/framework/src/Illuminate/Container/Container.php(1066): Illuminate\\Foundation\\Application->make()
#8 /home/ahmad/Downloads/ishs/vendor/laravel/framework/src/Illuminate/Container/Container.php(982): Illuminate\\Container\\Container->resolveClass()
#9 /home/ahmad/Downloads/ishs/vendor/laravel/framework/src/Illuminate/Container/Container.php(943): Illuminate\\Container\\Container->resolveDependencies()
#10 /home/ahmad/Downloads/ishs/vendor/laravel/framework/src/Illuminate/Container/Container.php(795): Illuminate\\Container\\Container->build()
#11 /home/ahmad/Downloads/ishs/vendor/laravel/framework/src/Illuminate/Foundation/Application.php(986): Illuminate\\Container\\Container->resolve()
#12 /home/ahmad/Downloads/ishs/vendor/laravel/framework/src/Illuminate/Container/Container.php(731): Illuminate\\Foundation\\Application->resolve()
#13 /home/ahmad/Downloads/ishs/vendor/laravel/framework/src/Illuminate/Foundation/Application.php(971): Illuminate\\Container\\Container->make()
#14 /home/ahmad/Downloads/ishs/vendor/laravel/framework/src/Illuminate/Pipeline/Pipeline.php(172): Illuminate\\Foundation\\Application->make()
#15 /home/ahmad/Downloads/ishs/vendor/laravel/framework/src/Illuminate/Cookie/Middleware/EncryptCookies.php(67): Illuminate\\Pipeline\\Pipeline->Illuminate\\Pipeline\\{closure}()
#16 /home/ahmad/Downloads/ishs/vendor/laravel/framework/src/Illuminate/Pipeline/Pipeline.php(183): Illuminate\\Cookie\\Middleware\\EncryptCookies->handle()
#17 /home/ahmad/Downloads/ishs/vendor/laravel/framework/src/Illuminate/Pipeline/Pipeline.php(119): Illuminate\\Pipeline\\Pipeline->Illuminate\\Pipeline\\{closure}()
#18 /home/ahmad/Downloads/ishs/vendor/laravel/framework/src/Illuminate/Routing/Router.php(805): Illuminate\\Pipeline\\Pipeline->then()
#19 /home/ahmad/Downloads/ishs/vendor/laravel/framework/src/Illuminate/Routing/Router.php(784): Illuminate\\Routing\\Router->runRouteWithinStack()
#20 /home/ahmad/Downloads/ishs/vendor/laravel/framework/src/Illuminate/Routing/Router.php(748): Illuminate\\Routing\\Router->runRoute()
#21 /home/ahmad/Downloads/ishs/vendor/laravel/framework/src/Illuminate/Routing/Router.php(737): Illuminate\\Routing\\Router->dispatchToRoute()
#22 /home/ahmad/Downloads/ishs/vendor/laravel/framework/src/Illuminate/Foundation/Http/Kernel.php(200): Illuminate\\Routing\\Router->dispatch()
#23 /home/ahmad/Downloads/ishs/vendor/laravel/framework/src/Illuminate/Pipeline/Pipeline.php(144): Illuminate\\Foundation\\Http\\Kernel->Illuminate\\Foundation\\Http\\{closure}()
#24 /home/ahmad/Downloads/ishs/vendor/laravel/framework/src/Illuminate/Foundation/Http/Middleware/TransformsRequest.php(21): Illuminate\\Pipeline\\Pipeline->Illuminate\\Pipeline\\{closure}()
#25 /home/ahmad/Downloads/ishs/vendor/laravel/framework/src/Illuminate/Foundation/Http/Middleware/ConvertEmptyStringsToNull.php(31): Illuminate\\Foundation\\Http\\Middleware\\TransformsRequest->handle()
#26 /home/ahmad/Downloads/ishs/vendor/laravel/framework/src/Illuminate/Pipeline/Pipeline.php(183): Illuminate\\Foundation\\Http\\Middleware\\ConvertEmptyStringsToNull->handle()
#27 /home/ahmad/Downloads/ishs/vendor/laravel/framework/src/Illuminate/Foundation/Http/Middleware/TransformsRequest.php(21): Illuminate\\Pipeline\\Pipeline->Illuminate\\Pipeline\\{closure}()
#28 /home/ahmad/Downloads/ishs/vendor/laravel/framework/src/Illuminate/Foundation/Http/Middleware/TrimStrings.php(40): Illuminate\\Foundation\\Http\\Middleware\\TransformsRequest->handle()
#29 /home/ahmad/Downloads/ishs/vendor/laravel/framework/src/Illuminate/Pipeline/Pipeline.php(183): Illuminate\\Foundation\\Http\\Middleware\\TrimStrings->handle()
#30 /home/ahmad/Downloads/ishs/vendor/laravel/framework/src/Illuminate/Foundation/Http/Middleware/ValidatePostSize.php(27): Illuminate\\Pipeline\\Pipeline->Illuminate\\Pipeline\\{closure}()
#31 /home/ahmad/Downloads/ishs/vendor/laravel/framework/src/Illuminate/Pipeline/Pipeline.php(183): Illuminate\\Foundation\\Http\\Middleware\\ValidatePostSize->handle()
#32 /home/ahmad/Downloads/ishs/vendor/laravel/framework/src/Illuminate/Foundation/Http/Middleware/PreventRequestsDuringMaintenance.php(99): Illuminate\\Pipeline\\Pipeline->Illuminate\\Pipeline\\{closure}()
#33 /home/ahmad/Downloads/ishs/vendor/laravel/framework/src/Illuminate/Pipeline/Pipeline.php(183): Illuminate\\Foundation\\Http\\Middleware\\PreventRequestsDuringMaintenance->handle()
#34 /home/ahmad/Downloads/ishs/vendor/laravel/framework/src/Illuminate/Http/Middleware/HandleCors.php(49): Illuminate\\Pipeline\\Pipeline->Illuminate\\Pipeline\\{closure}()
#35 /home/ahmad/Downloads/ishs/vendor/laravel/framework/src/Illuminate/Pipeline/Pipeline.php(183): Illuminate\\Http\\Middleware\\HandleCors->handle()
#36 /home/ahmad/Downloads/ishs/vendor/laravel/framework/src/Illuminate/Http/Middleware/TrustProxies.php(39): Illuminate\\Pipeline\\Pipeline->Illuminate\\Pipeline\\{closure}()
#37 /home/ahmad/Downloads/ishs/vendor/laravel/framework/src/Illuminate/Pipeline/Pipeline.php(183): Illuminate\\Http\\Middleware\\TrustProxies->handle()
#38 /home/ahmad/Downloads/ishs/vendor/laravel/framework/src/Illuminate/Pipeline/Pipeline.php(119): Illuminate\\Pipeline\\Pipeline->Illuminate\\Pipeline\\{closure}()
#39 /home/ahmad/Downloads/ishs/vendor/laravel/framework/src/Illuminate/Foundation/Http/Kernel.php(175): Illuminate\\Pipeline\\Pipeline->then()
#40 /home/ahmad/Downloads/ishs/vendor/laravel/framework/src/Illuminate/Foundation/Http/Kernel.php(144): Illuminate\\Foundation\\Http\\Kernel->sendRequestThroughRouter()
#41 /home/ahmad/Downloads/ishs/public/index.php(51): Illuminate\\Foundation\\Http\\Kernel->handle()
#42 /home/ahmad/Downloads/ishs/vendor/laravel/framework/src/Illuminate/Foundation/resources/server.php(16): require_once('...')
#43 {main}
"} 
[2026-02-27 07:46:58] laravel.EMERGENCY: Unable to create configured logger. Using emergency logger. {"exception":"[object] (InvalidArgumentException(code: 0): Log [] is not defined. at /home/ahmad/Downloads/ishs/vendor/laravel/framework/src/Illuminate/Log/LogManager.php:212)
[stacktrace]
#0 /home/ahmad/Downloads/ishs/vendor/laravel/framework/src/Illuminate/Log/LogManager.php(137): Illuminate\\Log\\LogManager->resolve()
#1 /home/ahmad/Downloads/ishs/vendor/laravel/framework/src/Illuminate/Log/LogManager.php(124): Illuminate\\Log\\LogManager->get()
#2 /home/ahmad/Downloads/ishs/vendor/laravel/framework/src/Illuminate/Log/LogManager.php(681): Illuminate\\Log\\LogManager->driver()
#3 /home/ahmad/Downloads/ishs/vendor/laravel/framework/src/Illuminate/Foundation/Exceptions/Handler.php(317): Illuminate\\Log\\LogManager->error()
#4 /home/ahmad/Downloads/ishs/vendor/laravel/framework/src/Illuminate/Foundation/Exceptions/Handler.php(278): Illuminate\\Foundation\\Exceptions\\Handler->reportThrowable()
#5 /home/ahmad/Downloads/ishs/vendor/laravel/framework/src/Illuminate/Foundation/Bootstrap/HandleExceptions.php(183): Illuminate\\Foundation\\Exceptions\\Handler->report()
#6 /home/ahmad/Downloads/ishs/vendor/laravel/framework/src/Illuminate/Foundation/Bootstrap/HandleExceptions.php(255): Illuminate\\Foundation\\Bootstrap\\HandleExceptions->handleException()
#7 [internal function]: Illuminate\\Foundation\\Bootstrap\\HandleExceptions->Illuminate\\Foundation\\Bootstrap\\{closure}()
#8 {main}
"} 
[2026-02-27 07:46:58] laravel.ERROR: Trying to access array offset on value of type null {"exception":"[object] (ErrorException(code: 0): Trying to access array offset on value of type null at /home/ahmad/Downloads/ishs/vendor/laravel/framework/src/Illuminate/Cookie/CookieServiceProvider.php:20)
[stacktrace]
#0 /home/ahmad/Downloads/ishs/vendor/laravel/framework/src/Illuminate/Foundation/Bootstrap/HandleExceptions.php(255): Illuminate\\Foundation\\Bootstrap\\HandleExceptions->handleError()
#1 /home/ahmad/Downloads/ishs/vendor/laravel/framework/src/Illuminate/Cookie/CookieServiceProvider.php(20): Illuminate\\Foundation\\Bootstrap\\HandleExceptions->Illuminate\\Foundation\\Bootstrap\\{closure}()
#2 /home/ahmad/Downloads/ishs/vendor/laravel/framework/src/Illuminate/Container/Container.php(908): Illuminate\\Cookie\\CookieServiceProvider->Illuminate\\Cookie\\{closure}()
#3 /home/ahmad/Downloads/ishs/vendor/laravel/framework/src/Illuminate/Container/Container.php(795): Illuminate\\Container\\Container->build()
#4 /home/ahmad/Downloads/ishs/vendor/laravel/framework/src/Illuminate/Foundation/Application.php(986): Illuminate\\Container\\Container->resolve()
#5 /home/ahmad/Downloads/ishs/vendor/laravel/framework/src/Illuminate/Container/Container.php(731): Illuminate\\Foundation\\Application->resolve()
#6 /home/ahmad/Downloads/ishs/vendor/laravel/framework/src/Illuminate/Foundation/Application.php(971): Illuminate\\Container\\Container->make()
#7 /home/ahmad/Downloads/ishs/vendor/laravel/framework/src/Illuminate/Container/Container.php(1066): Illuminate\\Foundation\\Application->make()
#8 /home/ahmad/Downloads/ishs/vendor/laravel/framework/src/Illuminate/Container/Container.php(982): Illuminate\\Container\\Container->resolveClass()
#9 /home/ahmad/Downloads/ishs/vendor/laravel/framework/src/Illuminate/Container/Container.php(943): Illuminate\\Container\\Container->resolveDependencies()
#10 /home/ahmad/Downloads/ishs/vendor/laravel/framework/src/Illuminate/Container/Container.php(795): Illuminate\\Container\\Container->build()
#11 /home/ahmad/Downloads/ishs/vendor/laravel/framework/src/Illuminate/Foundation/Application.php(986): Illuminate\\Container\\Container->resolve()
#12 /home/ahmad/Downloads/ishs/vendor/laravel/framework/src/Illuminate/Container/Container.php(731): Illuminate\\Foundation\\Application->resolve()
#13 /home/ahmad/Downloads/ishs/vendor/laravel/framework/src/Illuminate/Foundation/Application.php(971): Illuminate\\Container\\Container->make()
#14 /home/ahmad/Downloads/ishs/vendor/laravel/framework/src/Illuminate/Foundation/Http/Kernel.php(255): Illuminate\\Foundation\\Application->make()
#15 /home/ahmad/Downloads/ishs/vendor/laravel/framework/src/Illuminate/Foundation/Http/Kernel.php(213): Illuminate\\Foundation\\Http\\Kernel->terminateMiddleware()
#16 /home/ahmad/Downloads/ishs/public/index.php(55): Illuminate\\Foundation\\Http\\Kernel->terminate()
#17 /home/ahmad/Downloads/ishs/vendor/laravel/framework/src/Illuminate/Foundation/resources/server.php(16): require_once('...')
#18 {main}
"} 
[2026-02-27 07:46:59] laravel.EMERGENCY: Unable to create configured logger. Using emergency logger. {"exception":"[object] (InvalidArgumentException(code: 0): Log [] is not defined. at /home/ahmad/Downloads/ishs/vendor/laravel/framework/src/Illuminate/Log/LogManager.php:212)
[stacktrace]
#0 /home/ahmad/Downloads/ishs/vendor/laravel/framework/src/Illuminate/Log/LogManager.php(137): Illuminate\\Log\\LogManager->resolve()
#1 /home/ahmad/Downloads/ishs/vendor/laravel/framework/src/Illuminate/Log/LogManager.php(124): Illuminate\\Log\\LogManager->get()
#2 /home/ahmad/Downloads/ishs/vendor/laravel/framework/src/Illuminate/Log/LogManager.php(681): Illuminate\\Log\\LogManager->driver()
#3 /home/ahmad/Downloads/ishs/vendor/laravel/framework/src/Illuminate/Foundation/Exceptions/Handler.php(317): Illuminate\\Log\\LogManager->error()
#4 /home/ahmad/Downloads/ishs/vendor/laravel/framework/src/Illuminate/Foundation/Exceptions/Handler.php(278): Illuminate\\Foundation\\Exceptions\\Handler->reportThrowable()
#5 /home/ahmad/Downloads/ishs/vendor/laravel/framework/src/Illuminate/Routing/Pipeline.php(49): Illuminate\\Foundation\\Exceptions\\Handler->report()
#6 /home/ahmad/Downloads/ishs/vendor/laravel/framework/src/Illuminate/Pipeline/Pipeline.php(188): Illuminate\\Routing\\Pipeline->handleException()
#7 /home/ahmad/Downloads/ishs/vendor/laravel/framework/src/Illuminate/Cookie/Middleware/EncryptCookies.php(67): Illuminate\\Pipeline\\Pipeline->Illuminate\\Pipeline\\{closure}()
#8 /home/ahmad/Downloads/ishs/vendor/laravel/framework/src/Illuminate/Pipeline/Pipeline.php(183): Illuminate\\Cookie\\Middleware\\EncryptCookies->handle()
#9 /home/ahmad/Downloads/ishs/vendor/laravel/framework/src/Illuminate/Pipeline/Pipeline.php(119): Illuminate\\Pipeline\\Pipeline->Illuminate\\Pipeline\\{closure}()
#10 /home/ahmad/Downloads/ishs/vendor/laravel/framework/src/Illuminate/Routing/Router.php(805): Illuminate\\Pipeline\\Pipeline->then()
#11 /home/ahmad/Downloads/ishs/vendor/laravel/framework/src/Illuminate/Routing/Router.php(784): Illuminate\\Routing\\Router->runRouteWithinStack()
#12 /home/ahmad/Downloads/ishs/vendor/laravel/framework/src/Illuminate/Routing/Router.php(748): Illuminate\\Routing\\Router->runRoute()
#13 /home/ahmad/Downloads/ishs/vendor/laravel/framework/src/Illuminate/Routing/Router.php(737): Illuminate\\Routing\\Router->dispatchToRoute()
#14 /home/ahmad/Downloads/ishs/vendor/laravel/framework/src/Illuminate/Foundation/Http/Kernel.php(200): Illuminate\\Routing\\Router->dispatch()
#15 /home/ahmad/Downloads/ishs/vendor/laravel/framework/src/Illuminate/Pipeline/Pipeline.php(144): Illuminate\\Foundation\\Http\\Kernel->Illuminate\\Foundation\\Http\\{closure}()
#16 /home/ahmad/Downloads/ishs/vendor/laravel/framework/src/Illuminate/Foundation/Http/Middleware/TransformsRequest.php(21): Illuminate\\Pipeline\\Pipeline->Illuminate\\Pipeline\\{closure}()
#17 /home/ahmad/Downloads/ishs/vendor/laravel/framework/src/Illuminate/Foundation/Http/Middleware/ConvertEmptyStringsToNull.php(31): Illuminate\\Foundation\\Http\\Middleware\\TransformsRequest->handle()
#18 /home/ahmad/Downloads/ishs/vendor/laravel/framework/src/Illuminate/Pipeline/Pipeline.php(183): Illuminate\\Foundation\\Http\\Middleware\\ConvertEmptyStringsToNull->handle()
#19 /home/ahmad/Downloads/ishs/vendor/laravel/framework/src/Illuminate/Foundation/Http/Middleware/TransformsRequest.php(21): Illuminate\\Pipeline\\Pipeline->Illuminate\\Pipeline\\{closure}()
#20 /home/ahmad/Downloads/ishs/vendor/laravel/framework/src/Illuminate/Foundation/Http/Middleware/TrimStrings.php(40): Illuminate\\Foundation\\Http\\Middleware\\TransformsRequest->handle()
#21 /home/ahmad/Downloads/ishs/vendor/laravel/framework/src/Illuminate/Pipeline/Pipeline.php(183): Illuminate\\Foundation\\Http\\Middleware\\TrimStrings->handle()
#22 /home/ahmad/Downloads/ishs/vendor/laravel/framework/src/Illuminate/Foundation/Http/Middleware/ValidatePostSize.php(27): Illuminate\\Pipeline\\Pipeline->Illuminate\\Pipeline\\{closure}()
#23 /home/ahmad/Downloads/ishs/vendor/laravel/framework/src/Illuminate/Pipeline/Pipeline.php(183): Illuminate\\Foundation\\Http\\Middleware\\ValidatePostSize->handle()
#24 /home/ahmad/Downloads/ishs/vendor/laravel/framework/src/Illuminate/Foundation/Http/Middleware/PreventRequestsDuringMaintenance.php(99): Illuminate\\Pipeline\\Pipeline->Illuminate\\Pipeline\\{closure}()
#25 /home/ahmad/Downloads/ishs/vendor/laravel/framework/src/Illuminate/Pipeline/Pipeline.php(183): Illuminate\\Foundation\\Http\\Middleware\\PreventRequestsDuringMaintenance->handle()
#26 /home/ahmad/Downloads/ishs/vendor/laravel/framework/src/Illuminate/Http/Middleware/HandleCors.php(49): Illuminate\\Pipeline\\Pipeline->Illuminate\\Pipeline\\{closure}()
#27 /home/ahmad/Downloads/ishs/vendor/laravel/framework/src/Illuminate/Pipeline/Pipeline.php(183): Illuminate\\Http\\Middleware\\HandleCors->handle()
#28 /home/ahmad/Downloads/ishs/vendor/laravel/framework/src/Illuminate/Http/Middleware/TrustProxies.php(39): Illuminate\\Pipeline\\Pipeline->Illuminate\\Pipeline\\{closure}()
#29 /home/ahmad/Downloads/ishs/vendor/laravel/framework/src/Illuminate/Pipeline/Pipeline.php(183): Illuminate\\Http\\Middleware\\TrustProxies->handle()
#30 /home/ahmad/Downloads/ishs/vendor/laravel/framework/src/Illuminate/Pipeline/Pipeline.php(119): Illuminate\\Pipeline\\Pipeline->Illuminate\\Pipeline\\{closure}()
#31 /home/ahmad/Downloads/ishs/vendor/laravel/framework/src/Illuminate/Foundation/Http/Kernel.php(175): Illuminate\\Pipeline\\Pipeline->then()
#32 /home/ahmad/Downloads/ishs/vendor/laravel/framework/src/Illuminate/Foundation/Http/Kernel.php(144): Illuminate\\Foundation\\Http\\Kernel->sendRequestThroughRouter()
#33 /home/ahmad/Downloads/ishs/public/index.php(51): Illuminate\\Foundation\\Http\\Kernel->handle()
#34 /home/ahmad/Downloads/ishs/vendor/laravel/framework/src/Illuminate/Foundation/resources/server.php(16): require_once('...')
#35 {main}
"} 
[2026-02-27 07:46:59] laravel.ERROR: Trying to access array offset on value of type null {"exception":"[object] (ErrorException(code: 0): Trying to access array offset on value of type null at /home/ahmad/Downloads/ishs/vendor/laravel/framework/src/Illuminate/Cookie/CookieServiceProvider.php:20)
[stacktrace]
#0 /home/ahmad/Downloads/ishs/vendor/laravel/framework/src/Illuminate/Foundation/Bootstrap/HandleExceptions.php(255): Illuminate\\Foundation\\Bootstrap\\HandleExceptions->handleError()
#1 /home/ahmad/Downloads/ishs/vendor/laravel/framework/src/Illuminate/Cookie/CookieServiceProvider.php(20): Illuminate\\Foundation\\Bootstrap\\HandleExceptions->Illuminate\\Foundation\\Bootstrap\\{closure}()
#2 /home/ahmad/Downloads/ishs/vendor/laravel/framework/src/Illuminate/Container/Container.php(908): Illuminate\\Cookie\\CookieServiceProvider->Illuminate\\Cookie\\{closure}()
#3 /home/ahmad/Downloads/ishs/vendor/laravel/framework/src/Illuminate/Container/Container.php(795): Illuminate\\Container\\Container->build()
#4 /home/ahmad/Downloads/ishs/vendor/laravel/framework/src/Illuminate/Foundation/Application.php(986): Illuminate\\Container\\Container->resolve()
#5 /home/ahmad/Downloads/ishs/vendor/laravel/framework/src/Illuminate/Container/Container.php(731): Illuminate\\Foundation\\Application->resolve()
#6 /home/ahmad/Downloads/ishs/vendor/laravel/framework/src/Illuminate/Foundation/Application.php(971): Illuminate\\Container\\Container->make()
#7 /home/ahmad/Downloads/ishs/vendor/laravel/framework/src/Illuminate/Container/Container.php(1066): Illuminate\\Foundation\\Application->make()
#8 /home/ahmad/Downloads/ishs/vendor/laravel/framework/src/Illuminate/Container/Container.php(982): Illuminate\\Container\\Container->resolveClass()
#9 /home/ahmad/Downloads/ishs/vendor/laravel/framework/src/Illuminate/Container/Container.php(943): Illuminate\\Container\\Container->resolveDependencies()
#10 /home/ahmad/Downloads/ishs/vendor/laravel/framework/src/Illuminate/Container/Container.php(795): Illuminate\\Container\\Container->build()
#11 /home/ahmad/Downloads/ishs/vendor/laravel/framework/src/Illuminate/Foundation/Application.php(986): Illuminate\\Container\\Container->resolve()
#12 /home/ahmad/Downloads/ishs/vendor/laravel/framework/src/Illuminate/Container/Container.php(731): Illuminate\\Foundation\\Application->resolve()
#13 /home/ahmad/Downloads/ishs/vendor/laravel/framework/src/Illuminate/Foundation/Application.php(971): Illuminate\\Container\\Container->make()
#14 /home/ahmad/Downloads/ishs/vendor/laravel/framework/src/Illuminate/Pipeline/Pipeline.php(172): Illuminate\\Foundation\\Application->make()
#15 /home/ahmad/Downloads/ishs/vendor/laravel/framework/src/Illuminate/Cookie/Middleware/EncryptCookies.php(67): Illuminate\\Pipeline\\Pipeline->Illuminate\\Pipeline\\{closure}()
#16 /home/ahmad/Downloads/ishs/vendor/laravel/framework/src/Illuminate/Pipeline/Pipeline.php(183): Illuminate\\Cookie\\Middleware\\EncryptCookies->handle()
#17 /home/ahmad/Downloads/ishs/vendor/laravel/framework/src/Illuminate/Pipeline/Pipeline.php(119): Illuminate\\Pipeline\\Pipeline->Illuminate\\Pipeline\\{closure}()
#18 /home/ahmad/Downloads/ishs/vendor/laravel/framework/src/Illuminate/Routing/Router.php(805): Illuminate\\Pipeline\\Pipeline->then()
#19 /home/ahmad/Downloads/ishs/vendor/laravel/framework/src/Illuminate/Routing/Router.php(784): Illuminate\\Routing\\Router->runRouteWithinStack()
#20 /home/ahmad/Downloads/ishs/vendor/laravel/framework/src/Illuminate/Routing/Router.php(748): Illuminate\\Routing\\Router->runRoute()
#21 /home/ahmad/Downloads/ishs/vendor/laravel/framework/src/Illuminate/Routing/Router.php(737): Illuminate\\Routing\\Router->dispatchToRoute()
#22 /home/ahmad/Downloads/ishs/vendor/laravel/framework/src/Illuminate/Foundation/Http/Kernel.php(200): Illuminate\\Routing\\Router->dispatch()
#23 /home/ahmad/Downloads/ishs/vendor/laravel/framework/src/Illuminate/Pipeline/Pipeline.php(144): Illuminate\\Foundation\\Http\\Kernel->Illuminate\\Foundation\\Http\\{closure}()
#24 /home/ahmad/Downloads/ishs/vendor/laravel/framework/src/Illuminate/Foundation/Http/Middleware/TransformsRequest.php(21): Illuminate\\Pipeline\\Pipeline->Illuminate\\Pipeline\\{closure}()
#25 /home/ahmad/Downloads/ishs/vendor/laravel/framework/src/Illuminate/Foundation/Http/Middleware/ConvertEmptyStringsToNull.php(31): Illuminate\\Foundation\\Http\\Middleware\\TransformsRequest->handle()
#26 /home/ahmad/Downloads/ishs/vendor/laravel/framework/src/Illuminate/Pipeline/Pipeline.php(183): Illuminate\\Foundation\\Http\\Middleware\\ConvertEmptyStringsToNull->handle()
#27 /home/ahmad/Downloads/ishs/vendor/laravel/framework/src/Illuminate/Foundation/Http/Middleware/TransformsRequest.php(21): Illuminate\\Pipeline\\Pipeline->Illuminate\\Pipeline\\{closure}()
#28 /home/ahmad/Downloads/ishs/vendor/laravel/framework/src/Illuminate/Foundation/Http/Middleware/TrimStrings.php(40): Illuminate\\Foundation\\Http\\Middleware\\TransformsRequest->handle()
#29 /home/ahmad/Downloads/ishs/vendor/laravel/framework/src/Illuminate/Pipeline/Pipeline.php(183): Illuminate\\Foundation\\Http\\Middleware\\TrimStrings->handle()
#30 /home/ahmad/Downloads/ishs/vendor/laravel/framework/src/Illuminate/Foundation/Http/Middleware/ValidatePostSize.php(27): Illuminate\\Pipeline\\Pipeline->Illuminate\\Pipeline\\{closure}()
#31 /home/ahmad/Downloads/ishs/vendor/laravel/framework/src/Illuminate/Pipeline/Pipeline.php(183): Illuminate\\Foundation\\Http\\Middleware\\ValidatePostSize->handle()
#32 /home/ahmad/Downloads/ishs/vendor/laravel/framework/src/Illuminate/Foundation/Http/Middleware/PreventRequestsDuringMaintenance.php(99): Illuminate\\Pipeline\\Pipeline->Illuminate\\Pipeline\\{closure}()
#33 /home/ahmad/Downloads/ishs/vendor/laravel/framework/src/Illuminate/Pipeline/Pipeline.php(183): Illuminate\\Foundation\\Http\\Middleware\\PreventRequestsDuringMaintenance->handle()
#34 /home/ahmad/Downloads/ishs/vendor/laravel/framework/src/Illuminate/Http/Middleware/HandleCors.php(49): Illuminate\\Pipeline\\Pipeline->Illuminate\\Pipeline\\{closure}()
#35 /home/ahmad/Downloads/ishs/vendor/laravel/framework/src/Illuminate/Pipeline/Pipeline.php(183): Illuminate\\Http\\Middleware\\HandleCors->handle()
#36 /home/ahmad/Downloads/ishs/vendor/laravel/framework/src/Illuminate/Http/Middleware/TrustProxies.php(39): Illuminate\\Pipeline\\Pipeline->Illuminate\\Pipeline\\{closure}()
#37 /home/ahmad/Downloads/ishs/vendor/laravel/framework/src/Illuminate/Pipeline/Pipeline.php(183): Illuminate\\Http\\Middleware\\TrustProxies->handle()
#38 /home/ahmad/Downloads/ishs/vendor/laravel/framework/src/Illuminate/Pipeline/Pipeline.php(119): Illuminate\\Pipeline\\Pipeline->Illuminate\\Pipeline\\{closure}()
#39 /home/ahmad/Downloads/ishs/vendor/laravel/framework/src/Illuminate/Foundation/Http/Kernel.php(175): Illuminate\\Pipeline\\Pipeline->then()
#40 /home/ahmad/Downloads/ishs/vendor/laravel/framework/src/Illuminate/Foundation/Http/Kernel.php(144): Illuminate\\Foundation\\Http\\Kernel->sendRequestThroughRouter()
#41 /home/ahmad/Downloads/ishs/public/index.php(51): Illuminate\\Foundation\\Http\\Kernel->handle()
#42 /home/ahmad/Downloads/ishs/vendor/laravel/framework/src/Illuminate/Foundation/resources/server.php(16): require_once('...')
#43 {main}
"} 
[2026-02-27 07:46:59] laravel.EMERGENCY: Unable to create configured logger. Using emergency logger. {"exception":"[object] (InvalidArgumentException(code: 0): Log [] is not defined. at /home/ahmad/Downloads/ishs/vendor/laravel/framework/src/Illuminate/Log/LogManager.php:212)
[stacktrace]
#0 /home/ahmad/Downloads/ishs/vendor/laravel/framework/src/Illuminate/Log/LogManager.php(137): Illuminate\\Log\\LogManager->resolve()
#1 /home/ahmad/Downloads/ishs/vendor/laravel/framework/src/Illuminate/Log/LogManager.php(124): Illuminate\\Log\\LogManager->get()
#2 /home/ahmad/Downloads/ishs/vendor/laravel/framework/src/Illuminate/Log/LogManager.php(681): Illuminate\\Log\\LogManager->driver()
#3 /home/ahmad/Downloads/ishs/vendor/laravel/framework/src/Illuminate/Foundation/Exceptions/Handler.php(317): Illuminate\\Log\\LogManager->error()
#4 /home/ahmad/Downloads/ishs/vendor/laravel/framework/src/Illuminate/Foundation/Exceptions/Handler.php(278): Illuminate\\Foundation\\Exceptions\\Handler->reportThrowable()
#5 /home/ahmad/Downloads/ishs/vendor/laravel/framework/src/Illuminate/Foundation/Bootstrap/HandleExceptions.php(183): Illuminate\\Foundation\\Exceptions\\Handler->report()
#6 /home/ahmad/Downloads/ishs/vendor/laravel/framework/src/Illuminate/Foundation/Bootstrap/HandleExceptions.php(255): Illuminate\\Foundation\\Bootstrap\\HandleExceptions->handleException()
#7 [internal function]: Illuminate\\Foundation\\Bootstrap\\HandleExceptions->Illuminate\\Foundation\\Bootstrap\\{closure}()
#8 {main}
"} 
[2026-02-27 07:46:59] laravel.ERROR: Trying to access array offset on value of type null {"exception":"[object] (ErrorException(code: 0): Trying to access array offset on value of type null at /home/ahmad/Downloads/ishs/vendor/laravel/framework/src/Illuminate/Cookie/CookieServiceProvider.php:20)
[stacktrace]
#0 /home/ahmad/Downloads/ishs/vendor/laravel/framework/src/Illuminate/Foundation/Bootstrap/HandleExceptions.php(255): Illuminate\\Foundation\\Bootstrap\\HandleExceptions->handleError()
#1 /home/ahmad/Downloads/ishs/vendor/laravel/framework/src/Illuminate/Cookie/CookieServiceProvider.php(20): Illuminate\\Foundation\\Bootstrap\\HandleExceptions->Illuminate\\Foundation\\Bootstrap\\{closure}()
#2 /home/ahmad/Downloads/ishs/vendor/laravel/framework/src/Illuminate/Container/Container.php(908): Illuminate\\Cookie\\CookieServiceProvider->Illuminate\\Cookie\\{closure}()
#3 /home/ahmad/Downloads/ishs/vendor/laravel/framework/src/Illuminate/Container/Container.php(795): Illuminate\\Container\\Container->build()
#4 /home/ahmad/Downloads/ishs/vendor/laravel/framework/src/Illuminate/Foundation/Application.php(986): Illuminate\\Container\\Container->resolve()
#5 /home/ahmad/Downloads/ishs/vendor/laravel/framework/src/Illuminate/Container/Container.php(731): Illuminate\\Foundation\\Application->resolve()
#6 /home/ahmad/Downloads/ishs/vendor/laravel/framework/src/Illuminate/Foundation/Application.php(971): Illuminate\\Container\\Container->make()
#7 /home/ahmad/Downloads/ishs/vendor/laravel/framework/src/Illuminate/Container/Container.php(1066): Illuminate\\Foundation\\Application->make()
#8 /home/ahmad/Downloads/ishs/vendor/laravel/framework/src/Illuminate/Container/Container.php(982): Illuminate\\Container\\Container->resolveClass()
#9 /home/ahmad/Downloads/ishs/vendor/laravel/framework/src/Illuminate/Container/Container.php(943): Illuminate\\Container\\Container->resolveDependencies()
#10 /home/ahmad/Downloads/ishs/vendor/laravel/framework/src/Illuminate/Container/Container.php(795): Illuminate\\Container\\Container->build()
#11 /home/ahmad/Downloads/ishs/vendor/laravel/framework/src/Illuminate/Foundation/Application.php(986): Illuminate\\Container\\Container->resolve()
#12 /home/ahmad/Downloads/ishs/vendor/laravel/framework/src/Illuminate/Container/Container.php(731): Illuminate\\Foundation\\Application->resolve()
#13 /home/ahmad/Downloads/ishs/vendor/laravel/framework/src/Illuminate/Foundation/Application.php(971): Illuminate\\Container\\Container->make()
#14 /home/ahmad/Downloads/ishs/vendor/laravel/framework/src/Illuminate/Foundation/Http/Kernel.php(255): Illuminate\\Foundation\\Application->make()
#15 /home/ahmad/Downloads/ishs/vendor/laravel/framework/src/Illuminate/Foundation/Http/Kernel.php(213): Illuminate\\Foundation\\Http\\Kernel->terminateMiddleware()
#16 /home/ahmad/Downloads/ishs/public/index.php(55): Illuminate\\Foundation\\Http\\Kernel->terminate()
#17 /home/ahmad/Downloads/ishs/vendor/laravel/framework/src/Illuminate/Foundation/resources/server.php(16): require_once('...')
#18 {main}
"} 
[2026-02-27 07:47:53] laravel.EMERGENCY: Unable to create configured logger. Using emergency logger. {"exception":"[object] (InvalidArgumentException(code: 0): Log [] is not defined. at /home/ahmad/Downloads/ishs/vendor/laravel/framework/src/Illuminate/Log/LogManager.php:212)
[stacktrace]
#0 /home/ahmad/Downloads/ishs/vendor/laravel/framework/src/Illuminate/Log/LogManager.php(137): Illuminate\\Log\\LogManager->resolve()
#1 /home/ahmad/Downloads/ishs/vendor/laravel/framework/src/Illuminate/Log/LogManager.php(124): Illuminate\\Log\\LogManager->get()
#2 /home/ahmad/Downloads/ishs/vendor/laravel/framework/src/Illuminate/Log/LogManager.php(681): Illuminate\\Log\\LogManager->driver()
#3 /home/ahmad/Downloads/ishs/vendor/laravel/framework/src/Illuminate/Foundation/Exceptions/Handler.php(317): Illuminate\\Log\\LogManager->error()
#4 /home/ahmad/Downloads/ishs/vendor/laravel/framework/src/Illuminate/Foundation/Exceptions/Handler.php(278): Illuminate\\Foundation\\Exceptions\\Handler->reportThrowable()
#5 /home/ahmad/Downloads/ishs/vendor/laravel/framework/src/Illuminate/Routing/Pipeline.php(49): Illuminate\\Foundation\\Exceptions\\Handler->report()
#6 /home/ahmad/Downloads/ishs/vendor/laravel/framework/src/Illuminate/Pipeline/Pipeline.php(188): Illuminate\\Routing\\Pipeline->handleException()
#7 /home/ahmad/Downloads/ishs/vendor/laravel/framework/src/Illuminate/Cookie/Middleware/EncryptCookies.php(67): Illuminate\\Pipeline\\Pipeline->Illuminate\\Pipeline\\{closure}()
#8 /home/ahmad/Downloads/ishs/vendor/laravel/framework/src/Illuminate/Pipeline/Pipeline.php(183): Illuminate\\Cookie\\Middleware\\EncryptCookies->handle()
#9 /home/ahmad/Downloads/ishs/vendor/laravel/framework/src/Illuminate/Pipeline/Pipeline.php(119): Illuminate\\Pipeline\\Pipeline->Illuminate\\Pipeline\\{closure}()
#10 /home/ahmad/Downloads/ishs/vendor/laravel/framework/src/Illuminate/Routing/Router.php(805): Illuminate\\Pipeline\\Pipeline->then()
#11 /home/ahmad/Downloads/ishs/vendor/laravel/framework/src/Illuminate/Routing/Router.php(784): Illuminate\\Routing\\Router->runRouteWithinStack()
#12 /home/ahmad/Downloads/ishs/vendor/laravel/framework/src/Illuminate/Routing/Router.php(748): Illuminate\\Routing\\Router->runRoute()
#13 /home/ahmad/Downloads/ishs/vendor/laravel/framework/src/Illuminate/Routing/Router.php(737): Illuminate\\Routing\\Router->dispatchToRoute()
#14 /home/ahmad/Downloads/ishs/vendor/laravel/framework/src/Illuminate/Foundation/Http/Kernel.php(200): Illuminate\\Routing\\Router->dispatch()
#15 /home/ahmad/Downloads/ishs/vendor/laravel/framework/src/Illuminate/Pipeline/Pipeline.php(144): Illuminate\\Foundation\\Http\\Kernel->Illuminate\\Foundation\\Http\\{closure}()
#16 /home/ahmad/Downloads/ishs/vendor/laravel/framework/src/Illuminate/Foundation/Http/Middleware/TransformsRequest.php(21): Illuminate\\Pipeline\\Pipeline->Illuminate\\Pipeline\\{closure}()
#17 /home/ahmad/Downloads/ishs/vendor/laravel/framework/src/Illuminate/Foundation/Http/Middleware/ConvertEmptyStringsToNull.php(31): Illuminate\\Foundation\\Http\\Middleware\\TransformsRequest->handle()
#18 /home/ahmad/Downloads/ishs/vendor/laravel/framework/src/Illuminate/Pipeline/Pipeline.php(183): Illuminate\\Foundation\\Http\\Middleware\\ConvertEmptyStringsToNull->handle()
#19 /home/ahmad/Downloads/ishs/vendor/laravel/framework/src/Illuminate/Foundation/Http/Middleware/TransformsRequest.php(21): Illuminate\\Pipeline\\Pipeline->Illuminate\\Pipeline\\{closure}()
#20 /home/ahmad/Downloads/ishs/vendor/laravel/framework/src/Illuminate/Foundation/Http/Middleware/TrimStrings.php(40): Illuminate\\Foundation\\Http\\Middleware\\TransformsRequest->handle()
#21 /home/ahmad/Downloads/ishs/vendor/laravel/framework/src/Illuminate/Pipeline/Pipeline.php(183): Illuminate\\Foundation\\Http\\Middleware\\TrimStrings->handle()
#22 /home/ahmad/Downloads/ishs/vendor/laravel/framework/src/Illuminate/Foundation/Http/Middleware/ValidatePostSize.php(27): Illuminate\\Pipeline\\Pipeline->Illuminate\\Pipeline\\{closure}()
#23 /home/ahmad/Downloads/ishs/vendor/laravel/framework/src/Illuminate/Pipeline/Pipeline.php(183): Illuminate\\Foundation\\Http\\Middleware\\ValidatePostSize->handle()
#24 /home/ahmad/Downloads/ishs/vendor/laravel/framework/src/Illuminate/Foundation/Http/Middleware/PreventRequestsDuringMaintenance.php(99): Illuminate\\Pipeline\\Pipeline->Illuminate\\Pipeline\\{closure}()
#25 /home/ahmad/Downloads/ishs/vendor/laravel/framework/src/Illuminate/Pipeline/Pipeline.php(183): Illuminate\\Foundation\\Http\\Middleware\\PreventRequestsDuringMaintenance->handle()
#26 /home/ahmad/Downloads/ishs/vendor/laravel/framework/src/Illuminate/Http/Middleware/HandleCors.php(49): Illuminate\\Pipeline\\Pipeline->Illuminate\\Pipeline\\{closure}()
#27 /home/ahmad/Downloads/ishs/vendor/laravel/framework/src/Illuminate/Pipeline/Pipeline.php(183): Illuminate\\Http\\Middleware\\HandleCors->handle()
#28 /home/ahmad/Downloads/ishs/vendor/laravel/framework/src/Illuminate/Http/Middleware/TrustProxies.php(39): Illuminate\\Pipeline\\Pipeline->Illuminate\\Pipeline\\{closure}()
#29 /home/ahmad/Downloads/ishs/vendor/laravel/framework/src/Illuminate/Pipeline/Pipeline.php(183): Illuminate\\Http\\Middleware\\TrustProxies->handle()
#30 /home/ahmad/Downloads/ishs/vendor/laravel/framework/src/Illuminate/Pipeline/Pipeline.php(119): Illuminate\\Pipeline\\Pipeline->Illuminate\\Pipeline\\{closure}()
#31 /home/ahmad/Downloads/ishs/vendor/laravel/framework/src/Illuminate/Foundation/Http/Kernel.php(175): Illuminate\\Pipeline\\Pipeline->then()
#32 /home/ahmad/Downloads/ishs/vendor/laravel/framework/src/Illuminate/Foundation/Http/Kernel.php(144): Illuminate\\Foundation\\Http\\Kernel->sendRequestThroughRouter()
#33 /home/ahmad/Downloads/ishs/public/index.php(51): Illuminate\\Foundation\\Http\\Kernel->handle()
#34 /home/ahmad/Downloads/ishs/vendor/laravel/framework/src/Illuminate/Foundation/resources/server.php(16): require_once('...')
#35 {main}
"} 
[2026-02-27 07:47:53] laravel.ERROR: Trying to access array offset on value of type null {"exception":"[object] (ErrorException(code: 0): Trying to access array offset on value of type null at /home/ahmad/Downloads/ishs/vendor/laravel/framework/src/Illuminate/Cookie/CookieServiceProvider.php:20)
[stacktrace]
#0 /home/ahmad/Downloads/ishs/vendor/laravel/framework/src/Illuminate/Foundation/Bootstrap/HandleExceptions.php(255): Illuminate\\Foundation\\Bootstrap\\HandleExceptions->handleError()
#1 /home/ahmad/Downloads/ishs/vendor/laravel/framework/src/Illuminate/Cookie/CookieServiceProvider.php(20): Illuminate\\Foundation\\Bootstrap\\HandleExceptions->Illuminate\\Foundation\\Bootstrap\\{closure}()
#2 /home/ahmad/Downloads/ishs/vendor/laravel/framework/src/Illuminate/Container/Container.php(908): Illuminate\\Cookie\\CookieServiceProvider->Illuminate\\Cookie\\{closure}()
#3 /home/ahmad/Downloads/ishs/vendor/laravel/framework/src/Illuminate/Container/Container.php(795): Illuminate\\Container\\Container->build()
#4 /home/ahmad/Downloads/ishs/vendor/laravel/framework/src/Illuminate/Foundation/Application.php(986): Illuminate\\Container\\Container->resolve()
#5 /home/ahmad/Downloads/ishs/vendor/laravel/framework/src/Illuminate/Container/Container.php(731): Illuminate\\Foundation\\Application->resolve()
#6 /home/ahmad/Downloads/ishs/vendor/laravel/framework/src/Illuminate/Foundation/Application.php(971): Illuminate\\Container\\Container->make()
#7 /home/ahmad/Downloads/ishs/vendor/laravel/framework/src/Illuminate/Container/Container.php(1066): Illuminate\\Foundation\\Application->make()
#8 /home/ahmad/Downloads/ishs/vendor/laravel/framework/src/Illuminate/Container/Container.php(982): Illuminate\\Container\\Container->resolveClass()
#9 /home/ahmad/Downloads/ishs/vendor/laravel/framework/src/Illuminate/Container/Container.php(943): Illuminate\\Container\\Container->resolveDependencies()
#10 /home/ahmad/Downloads/ishs/vendor/laravel/framework/src/Illuminate/Container/Container.php(795): Illuminate\\Container\\Container->build()
#11 /home/ahmad/Downloads/ishs/vendor/laravel/framework/src/Illuminate/Foundation/Application.php(986): Illuminate\\Container\\Container->resolve()
#12 /home/ahmad/Downloads/ishs/vendor/laravel/framework/src/Illuminate/Container/Container.php(731): Illuminate\\Foundation\\Application->resolve()
#13 /home/ahmad/Downloads/ishs/vendor/laravel/framework/src/Illuminate/Foundation/Application.php(971): Illuminate\\Container\\Container->make()
#14 /home/ahmad/Downloads/ishs/vendor/laravel/framework/src/Illuminate/Pipeline/Pipeline.php(172): Illuminate\\Foundation\\Application->make()
#15 /home/ahmad/Downloads/ishs/vendor/laravel/framework/src/Illuminate/Cookie/Middleware/EncryptCookies.php(67): Illuminate\\Pipeline\\Pipeline->Illuminate\\Pipeline\\{closure}()
#16 /home/ahmad/Downloads/ishs/vendor/laravel/framework/src/Illuminate/Pipeline/Pipeline.php(183): Illuminate\\Cookie\\Middleware\\EncryptCookies->handle()
#17 /home/ahmad/Downloads/ishs/vendor/laravel/framework/src/Illuminate/Pipeline/Pipeline.php(119): Illuminate\\Pipeline\\Pipeline->Illuminate\\Pipeline\\{closure}()
#18 /home/ahmad/Downloads/ishs/vendor/laravel/framework/src/Illuminate/Routing/Router.php(805): Illuminate\\Pipeline\\Pipeline->then()
#19 /home/ahmad/Downloads/ishs/vendor/laravel/framework/src/Illuminate/Routing/Router.php(784): Illuminate\\Routing\\Router->runRouteWithinStack()
#20 /home/ahmad/Downloads/ishs/vendor/laravel/framework/src/Illuminate/Routing/Router.php(748): Illuminate\\Routing\\Router->runRoute()
#21 /home/ahmad/Downloads/ishs/vendor/laravel/framework/src/Illuminate/Routing/Router.php(737): Illuminate\\Routing\\Router->dispatchToRoute()
#22 /home/ahmad/Downloads/ishs/vendor/laravel/framework/src/Illuminate/Foundation/Http/Kernel.php(200): Illuminate\\Routing\\Router->dispatch()
#23 /home/ahmad/Downloads/ishs/vendor/laravel/framework/src/Illuminate/Pipeline/Pipeline.php(144): Illuminate\\Foundation\\Http\\Kernel->Illuminate\\Foundation\\Http\\{closure}()
#24 /home/ahmad/Downloads/ishs/vendor/laravel/framework/src/Illuminate/Foundation/Http/Middleware/TransformsRequest.php(21): Illuminate\\Pipeline\\Pipeline->Illuminate\\Pipeline\\{closure}()
#25 /home/ahmad/Downloads/ishs/vendor/laravel/framework/src/Illuminate/Foundation/Http/Middleware/ConvertEmptyStringsToNull.php(31): Illuminate\\Foundation\\Http\\Middleware\\TransformsRequest->handle()
#26 /home/ahmad/Downloads/ishs/vendor/laravel/framework/src/Illuminate/Pipeline/Pipeline.php(183): Illuminate\\Foundation\\Http\\Middleware\\ConvertEmptyStringsToNull->handle()
#27 /home/ahmad/Downloads/ishs/vendor/laravel/framework/src/Illuminate/Foundation/Http/Middleware/TransformsRequest.php(21): Illuminate\\Pipeline\\Pipeline->Illuminate\\Pipeline\\{closure}()
#28 /home/ahmad/Downloads/ishs/vendor/laravel/framework/src/Illuminate/Foundation/Http/Middleware/TrimStrings.php(40): Illuminate\\Foundation\\Http\\Middleware\\TransformsRequest->handle()
#29 /home/ahmad/Downloads/ishs/vendor/laravel/framework/src/Illuminate/Pipeline/Pipeline.php(183): Illuminate\\Foundation\\Http\\Middleware\\TrimStrings->handle()
#30 /home/ahmad/Downloads/ishs/vendor/laravel/framework/src/Illuminate/Foundation/Http/Middleware/ValidatePostSize.php(27): Illuminate\\Pipeline\\Pipeline->Illuminate\\Pipeline\\{closure}()
#31 /home/ahmad/Downloads/ishs/vendor/laravel/framework/src/Illuminate/Pipeline/Pipeline.php(183): Illuminate\\Foundation\\Http\\Middleware\\ValidatePostSize->handle()
#32 /home/ahmad/Downloads/ishs/vendor/laravel/framework/src/Illuminate/Foundation/Http/Middleware/PreventRequestsDuringMaintenance.php(99): Illuminate\\Pipeline\\Pipeline->Illuminate\\Pipeline\\{closure}()
#33 /home/ahmad/Downloads/ishs/vendor/laravel/framework/src/Illuminate/Pipeline/Pipeline.php(183): Illuminate\\Foundation\\Http\\Middleware\\PreventRequestsDuringMaintenance->handle()
#34 /home/ahmad/Downloads/ishs/vendor/laravel/framework/src/Illuminate/Http/Middleware/HandleCors.php(49): Illuminate\\Pipeline\\Pipeline->Illuminate\\Pipeline\\{closure}()
#35 /home/ahmad/Downloads/ishs/vendor/laravel/framework/src/Illuminate/Pipeline/Pipeline.php(183): Illuminate\\Http\\Middleware\\HandleCors->handle()
#36 /home/ahmad/Downloads/ishs/vendor/laravel/framework/src/Illuminate/Http/Middleware/TrustProxies.php(39): Illuminate\\Pipeline\\Pipeline->Illuminate\\Pipeline\\{closure}()
#37 /home/ahmad/Downloads/ishs/vendor/laravel/framework/src/Illuminate/Pipeline/Pipeline.php(183): Illuminate\\Http\\Middleware\\TrustProxies->handle()
#38 /home/ahmad/Downloads/ishs/vendor/laravel/framework/src/Illuminate/Pipeline/Pipeline.php(119): Illuminate\\Pipeline\\Pipeline->Illuminate\\Pipeline\\{closure}()
#39 /home/ahmad/Downloads/ishs/vendor/laravel/framework/src/Illuminate/Foundation/Http/Kernel.php(175): Illuminate\\Pipeline\\Pipeline->then()
#40 /home/ahmad/Downloads/ishs/vendor/laravel/framework/src/Illuminate/Foundation/Http/Kernel.php(144): Illuminate\\Foundation\\Http\\Kernel->sendRequestThroughRouter()
#41 /home/ahmad/Downloads/ishs/public/index.php(51): Illuminate\\Foundation\\Http\\Kernel->handle()
#42 /home/ahmad/Downloads/ishs/vendor/laravel/framework/src/Illuminate/Foundation/resources/server.php(16): require_once('...')
#43 {main}
"} 
[2026-02-27 07:47:54] laravel.EMERGENCY: Unable to create configured logger. Using emergency logger. {"exception":"[object] (InvalidArgumentException(code: 0): Log [] is not defined. at /home/ahmad/Downloads/ishs/vendor/laravel/framework/src/Illuminate/Log/LogManager.php:212)
[stacktrace]
#0 /home/ahmad/Downloads/ishs/vendor/laravel/framework/src/Illuminate/Log/LogManager.php(137): Illuminate\\Log\\LogManager->resolve()
#1 /home/ahmad/Downloads/ishs/vendor/laravel/framework/src/Illuminate/Log/LogManager.php(124): Illuminate\\Log\\LogManager->get()
#2 /home/ahmad/Downloads/ishs/vendor/laravel/framework/src/Illuminate/Log/LogManager.php(681): Illuminate\\Log\\LogManager->driver()
#3 /home/ahmad/Downloads/ishs/vendor/laravel/framework/src/Illuminate/Foundation/Exceptions/Handler.php(317): Illuminate\\Log\\LogManager->error()
#4 /home/ahmad/Downloads/ishs/vendor/laravel/framework/src/Illuminate/Foundation/Exceptions/Handler.php(278): Illuminate\\Foundation\\Exceptions\\Handler->reportThrowable()
#5 /home/ahmad/Downloads/ishs/vendor/laravel/framework/src/Illuminate/Foundation/Bootstrap/HandleExceptions.php(183): Illuminate\\Foundation\\Exceptions\\Handler->report()
#6 /home/ahmad/Downloads/ishs/vendor/laravel/framework/src/Illuminate/Foundation/Bootstrap/HandleExceptions.php(255): Illuminate\\Foundation\\Bootstrap\\HandleExceptions->handleException()
#7 [internal function]: Illuminate\\Foundation\\Bootstrap\\HandleExceptions->Illuminate\\Foundation\\Bootstrap\\{closure}()
#8 {main}
"} 
[2026-02-27 07:47:54] laravel.ERROR: Trying to access array offset on value of type null {"exception":"[object] (ErrorException(code: 0): Trying to access array offset on value of type null at /home/ahmad/Downloads/ishs/vendor/laravel/framework/src/Illuminate/Cookie/CookieServiceProvider.php:20)
[stacktrace]
#0 /home/ahmad/Downloads/ishs/vendor/laravel/framework/src/Illuminate/Foundation/Bootstrap/HandleExceptions.php(255): Illuminate\\Foundation\\Bootstrap\\HandleExceptions->handleError()
#1 /home/ahmad/Downloads/ishs/vendor/laravel/framework/src/Illuminate/Cookie/CookieServiceProvider.php(20): Illuminate\\Foundation\\Bootstrap\\HandleExceptions->Illuminate\\Foundation\\Bootstrap\\{closure}()
#2 /home/ahmad/Downloads/ishs/vendor/laravel/framework/src/Illuminate/Container/Container.php(908): Illuminate\\Cookie\\CookieServiceProvider->Illuminate\\Cookie\\{closure}()
#3 /home/ahmad/Downloads/ishs/vendor/laravel/framework/src/Illuminate/Container/Container.php(795): Illuminate\\Container\\Container->build()
#4 /home/ahmad/Downloads/ishs/vendor/laravel/framework/src/Illuminate/Foundation/Application.php(986): Illuminate\\Container\\Container->resolve()
#5 /home/ahmad/Downloads/ishs/vendor/laravel/framework/src/Illuminate/Container/Container.php(731): Illuminate\\Foundation\\Application->resolve()
#6 /home/ahmad/Downloads/ishs/vendor/laravel/framework/src/Illuminate/Foundation/Application.php(971): Illuminate\\Container\\Container->make()
#7 /home/ahmad/Downloads/ishs/vendor/laravel/framework/src/Illuminate/Container/Container.php(1066): Illuminate\\Foundation\\Application->make()
#8 /home/ahmad/Downloads/ishs/vendor/laravel/framework/src/Illuminate/Container/Container.php(982): Illuminate\\Container\\Container->resolveClass()
#9 /home/ahmad/Downloads/ishs/vendor/laravel/framework/src/Illuminate/Container/Container.php(943): Illuminate\\Container\\Container->resolveDependencies()
#10 /home/ahmad/Downloads/ishs/vendor/laravel/framework/src/Illuminate/Container/Container.php(795): Illuminate\\Container\\Container->build()
#11 /home/ahmad/Downloads/ishs/vendor/laravel/framework/src/Illuminate/Foundation/Application.php(986): Illuminate\\Container\\Container->resolve()
#12 /home/ahmad/Downloads/ishs/vendor/laravel/framework/src/Illuminate/Container/Container.php(731): Illuminate\\Foundation\\Application->resolve()
#13 /home/ahmad/Downloads/ishs/vendor/laravel/framework/src/Illuminate/Foundation/Application.php(971): Illuminate\\Container\\Container->make()
#14 /home/ahmad/Downloads/ishs/vendor/laravel/framework/src/Illuminate/Foundation/Http/Kernel.php(255): Illuminate\\Foundation\\Application->make()
#15 /home/ahmad/Downloads/ishs/vendor/laravel/framework/src/Illuminate/Foundation/Http/Kernel.php(213): Illuminate\\Foundation\\Http\\Kernel->terminateMiddleware()
#16 /home/ahmad/Downloads/ishs/public/index.php(55): Illuminate\\Foundation\\Http\\Kernel->terminate()
#17 /home/ahmad/Downloads/ishs/vendor/laravel/framework/src/Illuminate/Foundation/resources/server.php(16): require_once('...')
#18 {main}
"} 
[2026-02-27 07:47:54] laravel.EMERGENCY: Unable to create configured logger. Using emergency logger. {"exception":"[object] (InvalidArgumentException(code: 0): Log [] is not defined. at /home/ahmad/Downloads/ishs/vendor/laravel/framework/src/Illuminate/Log/LogManager.php:212)
[stacktrace]
#0 /home/ahmad/Downloads/ishs/vendor/laravel/framework/src/Illuminate/Log/LogManager.php(137): Illuminate\\Log\\LogManager->resolve()
#1 /home/ahmad/Downloads/ishs/vendor/laravel/framework/src/Illuminate/Log/LogManager.php(124): Illuminate\\Log\\LogManager->get()
#2 /home/ahmad/Downloads/ishs/vendor/laravel/framework/src/Illuminate/Log/LogManager.php(681): Illuminate\\Log\\LogManager->driver()
#3 /home/ahmad/Downloads/ishs/vendor/laravel/framework/src/Illuminate/Foundation/Exceptions/Handler.php(317): Illuminate\\Log\\LogManager->error()
#4 /home/ahmad/Downloads/ishs/vendor/laravel/framework/src/Illuminate/Foundation/Exceptions/Handler.php(278): Illuminate\\Foundation\\Exceptions\\Handler->reportThrowable()
#5 /home/ahmad/Downloads/ishs/vendor/laravel/framework/src/Illuminate/Routing/Pipeline.php(49): Illuminate\\Foundation\\Exceptions\\Handler->report()
#6 /home/ahmad/Downloads/ishs/vendor/laravel/framework/src/Illuminate/Pipeline/Pipeline.php(188): Illuminate\\Routing\\Pipeline->handleException()
#7 /home/ahmad/Downloads/ishs/vendor/laravel/framework/src/Illuminate/Cookie/Middleware/EncryptCookies.php(67): Illuminate\\Pipeline\\Pipeline->Illuminate\\Pipeline\\{closure}()
#8 /home/ahmad/Downloads/ishs/vendor/laravel/framework/src/Illuminate/Pipeline/Pipeline.php(183): Illuminate\\Cookie\\Middleware\\EncryptCookies->handle()
#9 /home/ahmad/Downloads/ishs/vendor/laravel/framework/src/Illuminate/Pipeline/Pipeline.php(119): Illuminate\\Pipeline\\Pipeline->Illuminate\\Pipeline\\{closure}()
#10 /home/ahmad/Downloads/ishs/vendor/laravel/framework/src/Illuminate/Routing/Router.php(805): Illuminate\\Pipeline\\Pipeline->then()
#11 /home/ahmad/Downloads/ishs/vendor/laravel/framework/src/Illuminate/Routing/Router.php(784): Illuminate\\Routing\\Router->runRouteWithinStack()
#12 /home/ahmad/Downloads/ishs/vendor/laravel/framework/src/Illuminate/Routing/Router.php(748): Illuminate\\Routing\\Router->runRoute()
#13 /home/ahmad/Downloads/ishs/vendor/laravel/framework/src/Illuminate/Routing/Router.php(737): Illuminate\\Routing\\Router->dispatchToRoute()
#14 /home/ahmad/Downloads/ishs/vendor/laravel/framework/src/Illuminate/Foundation/Http/Kernel.php(200): Illuminate\\Routing\\Router->dispatch()
#15 /home/ahmad/Downloads/ishs/vendor/laravel/framework/src/Illuminate/Pipeline/Pipeline.php(144): Illuminate\\Foundation\\Http\\Kernel->Illuminate\\Foundation\\Http\\{closure}()
#16 /home/ahmad/Downloads/ishs/vendor/laravel/framework/src/Illuminate/Foundation/Http/Middleware/TransformsRequest.php(21): Illuminate\\Pipeline\\Pipeline->Illuminate\\Pipeline\\{closure}()
#17 /home/ahmad/Downloads/ishs/vendor/laravel/framework/src/Illuminate/Foundation/Http/Middleware/ConvertEmptyStringsToNull.php(31): Illuminate\\Foundation\\Http\\Middleware\\TransformsRequest->handle()
#18 /home/ahmad/Downloads/ishs/vendor/laravel/framework/src/Illuminate/Pipeline/Pipeline.php(183): Illuminate\\Foundation\\Http\\Middleware\\ConvertEmptyStringsToNull->handle()
#19 /home/ahmad/Downloads/ishs/vendor/laravel/framework/src/Illuminate/Foundation/Http/Middleware/TransformsRequest.php(21): Illuminate\\Pipeline\\Pipeline->Illuminate\\Pipeline\\{closure}()
#20 /home/ahmad/Downloads/ishs/vendor/laravel/framework/src/Illuminate/Foundation/Http/Middleware/TrimStrings.php(40): Illuminate\\Foundation\\Http\\Middleware\\TransformsRequest->handle()
#21 /home/ahmad/Downloads/ishs/vendor/laravel/framework/src/Illuminate/Pipeline/Pipeline.php(183): Illuminate\\Foundation\\Http\\Middleware\\TrimStrings->handle()
#22 /home/ahmad/Downloads/ishs/vendor/laravel/framework/src/Illuminate/Foundation/Http/Middleware/ValidatePostSize.php(27): Illuminate\\Pipeline\\Pipeline->Illuminate\\Pipeline\\{closure}()
#23 /home/ahmad/Downloads/ishs/vendor/laravel/framework/src/Illuminate/Pipeline/Pipeline.php(183): Illuminate\\Foundation\\Http\\Middleware\\ValidatePostSize->handle()
#24 /home/ahmad/Downloads/ishs/vendor/laravel/framework/src/Illuminate/Foundation/Http/Middleware/PreventRequestsDuringMaintenance.php(99): Illuminate\\Pipeline\\Pipeline->Illuminate\\Pipeline\\{closure}()
#25 /home/ahmad/Downloads/ishs/vendor/laravel/framework/src/Illuminate/Pipeline/Pipeline.php(183): Illuminate\\Foundation\\Http\\Middleware\\PreventRequestsDuringMaintenance->handle()
#26 /home/ahmad/Downloads/ishs/vendor/laravel/framework/src/Illuminate/Http/Middleware/HandleCors.php(49): Illuminate\\Pipeline\\Pipeline->Illuminate\\Pipeline\\{closure}()
#27 /home/ahmad/Downloads/ishs/vendor/laravel/framework/src/Illuminate/Pipeline/Pipeline.php(183): Illuminate\\Http\\Middleware\\HandleCors->handle()
#28 /home/ahmad/Downloads/ishs/vendor/laravel/framework/src/Illuminate/Http/Middleware/TrustProxies.php(39): Illuminate\\Pipeline\\Pipeline->Illuminate\\Pipeline\\{closure}()
#29 /home/ahmad/Downloads/ishs/vendor/laravel/framework/src/Illuminate/Pipeline/Pipeline.php(183): Illuminate\\Http\\Middleware\\TrustProxies->handle()
#30 /home/ahmad/Downloads/ishs/vendor/laravel/framework/src/Illuminate/Pipeline/Pipeline.php(119): Illuminate\\Pipeline\\Pipeline->Illuminate\\Pipeline\\{closure}()
#31 /home/ahmad/Downloads/ishs/vendor/laravel/framework/src/Illuminate/Foundation/Http/Kernel.php(175): Illuminate\\Pipeline\\Pipeline->then()
#32 /home/ahmad/Downloads/ishs/vendor/laravel/framework/src/Illuminate/Foundation/Http/Kernel.php(144): Illuminate\\Foundation\\Http\\Kernel->sendRequestThroughRouter()
#33 /home/ahmad/Downloads/ishs/public/index.php(51): Illuminate\\Foundation\\Http\\Kernel->handle()
#34 /home/ahmad/Downloads/ishs/vendor/laravel/framework/src/Illuminate/Foundation/resources/server.php(16): require_once('...')
#35 {main}
"} 
[2026-02-27 07:47:54] laravel.ERROR: Trying to access array offset on value of type null {"exception":"[object] (ErrorException(code: 0): Trying to access array offset on value of type null at /home/ahmad/Downloads/ishs/vendor/laravel/framework/src/Illuminate/Cookie/CookieServiceProvider.php:20)
[stacktrace]
#0 /home/ahmad/Downloads/ishs/vendor/laravel/framework/src/Illuminate/Foundation/Bootstrap/HandleExceptions.php(255): Illuminate\\Foundation\\Bootstrap\\HandleExceptions->handleError()
#1 /home/ahmad/Downloads/ishs/vendor/laravel/framework/src/Illuminate/Cookie/CookieServiceProvider.php(20): Illuminate\\Foundation\\Bootstrap\\HandleExceptions->Illuminate\\Foundation\\Bootstrap\\{closure}()
#2 /home/ahmad/Downloads/ishs/vendor/laravel/framework/src/Illuminate/Container/Container.php(908): Illuminate\\Cookie\\CookieServiceProvider->Illuminate\\Cookie\\{closure}()
#3 /home/ahmad/Downloads/ishs/vendor/laravel/framework/src/Illuminate/Container/Container.php(795): Illuminate\\Container\\Container->build()
#4 /home/ahmad/Downloads/ishs/vendor/laravel/framework/src/Illuminate/Foundation/Application.php(986): Illuminate\\Container\\Container->resolve()
#5 /home/ahmad/Downloads/ishs/vendor/laravel/framework/src/Illuminate/Container/Container.php(731): Illuminate\\Foundation\\Application->resolve()
#6 /home/ahmad/Downloads/ishs/vendor/laravel/framework/src/Illuminate/Foundation/Application.php(971): Illuminate\\Container\\Container->make()
#7 /home/ahmad/Downloads/ishs/vendor/laravel/framework/src/Illuminate/Container/Container.php(1066): Illuminate\\Foundation\\Application->make()
#8 /home/ahmad/Downloads/ishs/vendor/laravel/framework/src/Illuminate/Container/Container.php(982): Illuminate\\Container\\Container->resolveClass()
#9 /home/ahmad/Downloads/ishs/vendor/laravel/framework/src/Illuminate/Container/Container.php(943): Illuminate\\Container\\Container->resolveDependencies()
#10 /home/ahmad/Downloads/ishs/vendor/laravel/framework/src/Illuminate/Container/Container.php(795): Illuminate\\Container\\Container->build()
#11 /home/ahmad/Downloads/ishs/vendor/laravel/framework/src/Illuminate/Foundation/Application.php(986): Illuminate\\Container\\Container->resolve()
#12 /home/ahmad/Downloads/ishs/vendor/laravel/framework/src/Illuminate/Container/Container.php(731): Illuminate\\Foundation\\Application->resolve()
#13 /home/ahmad/Downloads/ishs/vendor/laravel/framework/src/Illuminate/Foundation/Application.php(971): Illuminate\\Container\\Container->make()
#14 /home/ahmad/Downloads/ishs/vendor/laravel/framework/src/Illuminate/Pipeline/Pipeline.php(172): Illuminate\\Foundation\\Application->make()
#15 /home/ahmad/Downloads/ishs/vendor/laravel/framework/src/Illuminate/Cookie/Middleware/EncryptCookies.php(67): Illuminate\\Pipeline\\Pipeline->Illuminate\\Pipeline\\{closure}()
#16 /home/ahmad/Downloads/ishs/vendor/laravel/framework/src/Illuminate/Pipeline/Pipeline.php(183): Illuminate\\Cookie\\Middleware\\EncryptCookies->handle()
#17 /home/ahmad/Downloads/ishs/vendor/laravel/framework/src/Illuminate/Pipeline/Pipeline.php(119): Illuminate\\Pipeline\\Pipeline->Illuminate\\Pipeline\\{closure}()
#18 /home/ahmad/Downloads/ishs/vendor/laravel/framework/src/Illuminate/Routing/Router.php(805): Illuminate\\Pipeline\\Pipeline->then()
#19 /home/ahmad/Downloads/ishs/vendor/laravel/framework/src/Illuminate/Routing/Router.php(784): Illuminate\\Routing\\Router->runRouteWithinStack()
#20 /home/ahmad/Downloads/ishs/vendor/laravel/framework/src/Illuminate/Routing/Router.php(748): Illuminate\\Routing\\Router->runRoute()
#21 /home/ahmad/Downloads/ishs/vendor/laravel/framework/src/Illuminate/Routing/Router.php(737): Illuminate\\Routing\\Router->dispatchToRoute()
#22 /home/ahmad/Downloads/ishs/vendor/laravel/framework/src/Illuminate/Foundation/Http/Kernel.php(200): Illuminate\\Routing\\Router->dispatch()
#23 /home/ahmad/Downloads/ishs/vendor/laravel/framework/src/Illuminate/Pipeline/Pipeline.php(144): Illuminate\\Foundation\\Http\\Kernel->Illuminate\\Foundation\\Http\\{closure}()
#24 /home/ahmad/Downloads/ishs/vendor/laravel/framework/src/Illuminate/Foundation/Http/Middleware/TransformsRequest.php(21): Illuminate\\Pipeline\\Pipeline->Illuminate\\Pipeline\\{closure}()
#25 /home/ahmad/Downloads/ishs/vendor/laravel/framework/src/Illuminate/Foundation/Http/Middleware/ConvertEmptyStringsToNull.php(31): Illuminate\\Foundation\\Http\\Middleware\\TransformsRequest->handle()
#26 /home/ahmad/Downloads/ishs/vendor/laravel/framework/src/Illuminate/Pipeline/Pipeline.php(183): Illuminate\\Foundation\\Http\\Middleware\\ConvertEmptyStringsToNull->handle()
#27 /home/ahmad/Downloads/ishs/vendor/laravel/framework/src/Illuminate/Foundation/Http/Middleware/TransformsRequest.php(21): Illuminate\\Pipeline\\Pipeline->Illuminate\\Pipeline\\{closure}()
#28 /home/ahmad/Downloads/ishs/vendor/laravel/framework/src/Illuminate/Foundation/Http/Middleware/TrimStrings.php(40): Illuminate\\Foundation\\Http\\Middleware\\TransformsRequest->handle()
#29 /home/ahmad/Downloads/ishs/vendor/laravel/framework/src/Illuminate/Pipeline/Pipeline.php(183): Illuminate\\Foundation\\Http\\Middleware\\TrimStrings->handle()
#30 /home/ahmad/Downloads/ishs/vendor/laravel/framework/src/Illuminate/Foundation/Http/Middleware/ValidatePostSize.php(27): Illuminate\\Pipeline\\Pipeline->Illuminate\\Pipeline\\{closure}()
#31 /home/ahmad/Downloads/ishs/vendor/laravel/framework/src/Illuminate/Pipeline/Pipeline.php(183): Illuminate\\Foundation\\Http\\Middleware\\ValidatePostSize->handle()
#32 /home/ahmad/Downloads/ishs/vendor/laravel/framework/src/Illuminate/Foundation/Http/Middleware/PreventRequestsDuringMaintenance.php(99): Illuminate\\Pipeline\\Pipeline->Illuminate\\Pipeline\\{closure}()
#33 /home/ahmad/Downloads/ishs/vendor/laravel/framework/src/Illuminate/Pipeline/Pipeline.php(183): Illuminate\\Foundation\\Http\\Middleware\\PreventRequestsDuringMaintenance->handle()
#34 /home/ahmad/Downloads/ishs/vendor/laravel/framework/src/Illuminate/Http/Middleware/HandleCors.php(49): Illuminate\\Pipeline\\Pipeline->Illuminate\\Pipeline\\{closure}()
#35 /home/ahmad/Downloads/ishs/vendor/laravel/framework/src/Illuminate/Pipeline/Pipeline.php(183): Illuminate\\Http\\Middleware\\HandleCors->handle()
#36 /home/ahmad/Downloads/ishs/vendor/laravel/framework/src/Illuminate/Http/Middleware/TrustProxies.php(39): Illuminate\\Pipeline\\Pipeline->Illuminate\\Pipeline\\{closure}()
#37 /home/ahmad/Downloads/ishs/vendor/laravel/framework/src/Illuminate/Pipeline/Pipeline.php(183): Illuminate\\Http\\Middleware\\TrustProxies->handle()
#38 /home/ahmad/Downloads/ishs/vendor/laravel/framework/src/Illuminate/Pipeline/Pipeline.php(119): Illuminate\\Pipeline\\Pipeline->Illuminate\\Pipeline\\{closure}()
#39 /home/ahmad/Downloads/ishs/vendor/laravel/framework/src/Illuminate/Foundation/Http/Kernel.php(175): Illuminate\\Pipeline\\Pipeline->then()
#40 /home/ahmad/Downloads/ishs/vendor/laravel/framework/src/Illuminate/Foundation/Http/Kernel.php(144): Illuminate\\Foundation\\Http\\Kernel->sendRequestThroughRouter()
#41 /home/ahmad/Downloads/ishs/public/index.php(51): Illuminate\\Foundation\\Http\\Kernel->handle()
#42 /home/ahmad/Downloads/ishs/vendor/laravel/framework/src/Illuminate/Foundation/resources/server.php(16): require_once('...')
#43 {main}
"} 
[2026-02-27 07:47:54] laravel.EMERGENCY: Unable to create configured logger. Using emergency logger. {"exception":"[object] (InvalidArgumentException(code: 0): Log [] is not defined. at /home/ahmad/Downloads/ishs/vendor/laravel/framework/src/Illuminate/Log/LogManager.php:212)
[stacktrace]
#0 /home/ahmad/Downloads/ishs/vendor/laravel/framework/src/Illuminate/Log/LogManager.php(137): Illuminate\\Log\\LogManager->resolve()
#1 /home/ahmad/Downloads/ishs/vendor/laravel/framework/src/Illuminate/Log/LogManager.php(124): Illuminate\\Log\\LogManager->get()
#2 /home/ahmad/Downloads/ishs/vendor/laravel/framework/src/Illuminate/Log/LogManager.php(681): Illuminate\\Log\\LogManager->driver()
#3 /home/ahmad/Downloads/ishs/vendor/laravel/framework/src/Illuminate/Foundation/Exceptions/Handler.php(317): Illuminate\\Log\\LogManager->error()
#4 /home/ahmad/Downloads/ishs/vendor/laravel/framework/src/Illuminate/Foundation/Exceptions/Handler.php(278): Illuminate\\Foundation\\Exceptions\\Handler->reportThrowable()
#5 /home/ahmad/Downloads/ishs/vendor/laravel/framework/src/Illuminate/Foundation/Bootstrap/HandleExceptions.php(183): Illuminate\\Foundation\\Exceptions\\Handler->report()
#6 /home/ahmad/Downloads/ishs/vendor/laravel/framework/src/Illuminate/Foundation/Bootstrap/HandleExceptions.php(255): Illuminate\\Foundation\\Bootstrap\\HandleExceptions->handleException()
#7 [internal function]: Illuminate\\Foundation\\Bootstrap\\HandleExceptions->Illuminate\\Foundation\\Bootstrap\\{closure}()
#8 {main}
"} 
[2026-02-27 07:47:54] laravel.ERROR: Trying to access array offset on value of type null {"exception":"[object] (ErrorException(code: 0): Trying to access array offset on value of type null at /home/ahmad/Downloads/ishs/vendor/laravel/framework/src/Illuminate/Cookie/CookieServiceProvider.php:20)
[stacktrace]
#0 /home/ahmad/Downloads/ishs/vendor/laravel/framework/src/Illuminate/Foundation/Bootstrap/HandleExceptions.php(255): Illuminate\\Foundation\\Bootstrap\\HandleExceptions->handleError()
#1 /home/ahmad/Downloads/ishs/vendor/laravel/framework/src/Illuminate/Cookie/CookieServiceProvider.php(20): Illuminate\\Foundation\\Bootstrap\\HandleExceptions->Illuminate\\Foundation\\Bootstrap\\{closure}()
#2 /home/ahmad/Downloads/ishs/vendor/laravel/framework/src/Illuminate/Container/Container.php(908): Illuminate\\Cookie\\CookieServiceProvider->Illuminate\\Cookie\\{closure}()
#3 /home/ahmad/Downloads/ishs/vendor/laravel/framework/src/Illuminate/Container/Container.php(795): Illuminate\\Container\\Container->build()
#4 /home/ahmad/Downloads/ishs/vendor/laravel/framework/src/Illuminate/Foundation/Application.php(986): Illuminate\\Container\\Container->resolve()
#5 /home/ahmad/Downloads/ishs/vendor/laravel/framework/src/Illuminate/Container/Container.php(731): Illuminate\\Foundation\\Application->resolve()
#6 /home/ahmad/Downloads/ishs/vendor/laravel/framework/src/Illuminate/Foundation/Application.php(971): Illuminate\\Container\\Container->make()
#7 /home/ahmad/Downloads/ishs/vendor/laravel/framework/src/Illuminate/Container/Container.php(1066): Illuminate\\Foundation\\Application->make()
#8 /home/ahmad/Downloads/ishs/vendor/laravel/framework/src/Illuminate/Container/Container.php(982): Illuminate\\Container\\Container->resolveClass()
#9 /home/ahmad/Downloads/ishs/vendor/laravel/framework/src/Illuminate/Container/Container.php(943): Illuminate\\Container\\Container->resolveDependencies()
#10 /home/ahmad/Downloads/ishs/vendor/laravel/framework/src/Illuminate/Container/Container.php(795): Illuminate\\Container\\Container->build()
#11 /home/ahmad/Downloads/ishs/vendor/laravel/framework/src/Illuminate/Foundation/Application.php(986): Illuminate\\Container\\Container->resolve()
#12 /home/ahmad/Downloads/ishs/vendor/laravel/framework/src/Illuminate/Container/Container.php(731): Illuminate\\Foundation\\Application->resolve()
#13 /home/ahmad/Downloads/ishs/vendor/laravel/framework/src/Illuminate/Foundation/Application.php(971): Illuminate\\Container\\Container->make()
#14 /home/ahmad/Downloads/ishs/vendor/laravel/framework/src/Illuminate/Foundation/Http/Kernel.php(255): Illuminate\\Foundation\\Application->make()
#15 /home/ahmad/Downloads/ishs/vendor/laravel/framework/src/Illuminate/Foundation/Http/Kernel.php(213): Illuminate\\Foundation\\Http\\Kernel->terminateMiddleware()
#16 /home/ahmad/Downloads/ishs/public/index.php(55): Illuminate\\Foundation\\Http\\Kernel->terminate()
#17 /home/ahmad/Downloads/ishs/vendor/laravel/framework/src/Illuminate/Foundation/resources/server.php(16): require_once('...')
#18 {main}
"} 
[2026-02-27 07:47:55] laravel.EMERGENCY: Unable to create configured logger. Using emergency logger. {"exception":"[object] (InvalidArgumentException(code: 0): Log [] is not defined. at /home/ahmad/Downloads/ishs/vendor/laravel/framework/src/Illuminate/Log/LogManager.php:212)
[stacktrace]
#0 /home/ahmad/Downloads/ishs/vendor/laravel/framework/src/Illuminate/Log/LogManager.php(137): Illuminate\\Log\\LogManager->resolve()
#1 /home/ahmad/Downloads/ishs/vendor/laravel/framework/src/Illuminate/Log/LogManager.php(124): Illuminate\\Log\\LogManager->get()
#2 /home/ahmad/Downloads/ishs/vendor/laravel/framework/src/Illuminate/Log/LogManager.php(681): Illuminate\\Log\\LogManager->driver()
#3 /home/ahmad/Downloads/ishs/vendor/laravel/framework/src/Illuminate/Foundation/Exceptions/Handler.php(317): Illuminate\\Log\\LogManager->error()
#4 /home/ahmad/Downloads/ishs/vendor/laravel/framework/src/Illuminate/Foundation/Exceptions/Handler.php(278): Illuminate\\Foundation\\Exceptions\\Handler->reportThrowable()
#5 /home/ahmad/Downloads/ishs/vendor/laravel/framework/src/Illuminate/Routing/Pipeline.php(49): Illuminate\\Foundation\\Exceptions\\Handler->report()
#6 /home/ahmad/Downloads/ishs/vendor/laravel/framework/src/Illuminate/Pipeline/Pipeline.php(188): Illuminate\\Routing\\Pipeline->handleException()
#7 /home/ahmad/Downloads/ishs/vendor/laravel/framework/src/Illuminate/Cookie/Middleware/EncryptCookies.php(67): Illuminate\\Pipeline\\Pipeline->Illuminate\\Pipeline\\{closure}()
#8 /home/ahmad/Downloads/ishs/vendor/laravel/framework/src/Illuminate/Pipeline/Pipeline.php(183): Illuminate\\Cookie\\Middleware\\EncryptCookies->handle()
#9 /home/ahmad/Downloads/ishs/vendor/laravel/framework/src/Illuminate/Pipeline/Pipeline.php(119): Illuminate\\Pipeline\\Pipeline->Illuminate\\Pipeline\\{closure}()
#10 /home/ahmad/Downloads/ishs/vendor/laravel/framework/src/Illuminate/Routing/Router.php(805): Illuminate\\Pipeline\\Pipeline->then()
#11 /home/ahmad/Downloads/ishs/vendor/laravel/framework/src/Illuminate/Routing/Router.php(784): Illuminate\\Routing\\Router->runRouteWithinStack()
#12 /home/ahmad/Downloads/ishs/vendor/laravel/framework/src/Illuminate/Routing/Router.php(748): Illuminate\\Routing\\Router->runRoute()
#13 /home/ahmad/Downloads/ishs/vendor/laravel/framework/src/Illuminate/Routing/Router.php(737): Illuminate\\Routing\\Router->dispatchToRoute()
#14 /home/ahmad/Downloads/ishs/vendor/laravel/framework/src/Illuminate/Foundation/Http/Kernel.php(200): Illuminate\\Routing\\Router->dispatch()
#15 /home/ahmad/Downloads/ishs/vendor/laravel/framework/src/Illuminate/Pipeline/Pipeline.php(144): Illuminate\\Foundation\\Http\\Kernel->Illuminate\\Foundation\\Http\\{closure}()
#16 /home/ahmad/Downloads/ishs/vendor/laravel/framework/src/Illuminate/Foundation/Http/Middleware/TransformsRequest.php(21): Illuminate\\Pipeline\\Pipeline->Illuminate\\Pipeline\\{closure}()
#17 /home/ahmad/Downloads/ishs/vendor/laravel/framework/src/Illuminate/Foundation/Http/Middleware/ConvertEmptyStringsToNull.php(31): Illuminate\\Foundation\\Http\\Middleware\\TransformsRequest->handle()
#18 /home/ahmad/Downloads/ishs/vendor/laravel/framework/src/Illuminate/Pipeline/Pipeline.php(183): Illuminate\\Foundation\\Http\\Middleware\\ConvertEmptyStringsToNull->handle()
#19 /home/ahmad/Downloads/ishs/vendor/laravel/framework/src/Illuminate/Foundation/Http/Middleware/TransformsRequest.php(21): Illuminate\\Pipeline\\Pipeline->Illuminate\\Pipeline\\{closure}()
#20 /home/ahmad/Downloads/ishs/vendor/laravel/framework/src/Illuminate/Foundation/Http/Middleware/TrimStrings.php(40): Illuminate\\Foundation\\Http\\Middleware\\TransformsRequest->handle()
#21 /home/ahmad/Downloads/ishs/vendor/laravel/framework/src/Illuminate/Pipeline/Pipeline.php(183): Illuminate\\Foundation\\Http\\Middleware\\TrimStrings->handle()
#22 /home/ahmad/Downloads/ishs/vendor/laravel/framework/src/Illuminate/Foundation/Http/Middleware/ValidatePostSize.php(27): Illuminate\\Pipeline\\Pipeline->Illuminate\\Pipeline\\{closure}()
#23 /home/ahmad/Downloads/ishs/vendor/laravel/framework/src/Illuminate/Pipeline/Pipeline.php(183): Illuminate\\Foundation\\Http\\Middleware\\ValidatePostSize->handle()
#24 /home/ahmad/Downloads/ishs/vendor/laravel/framework/src/Illuminate/Foundation/Http/Middleware/PreventRequestsDuringMaintenance.php(99): Illuminate\\Pipeline\\Pipeline->Illuminate\\Pipeline\\{closure}()
#25 /home/ahmad/Downloads/ishs/vendor/laravel/framework/src/Illuminate/Pipeline/Pipeline.php(183): Illuminate\\Foundation\\Http\\Middleware\\PreventRequestsDuringMaintenance->handle()
#26 /home/ahmad/Downloads/ishs/vendor/laravel/framework/src/Illuminate/Http/Middleware/HandleCors.php(49): Illuminate\\Pipeline\\Pipeline->Illuminate\\Pipeline\\{closure}()
#27 /home/ahmad/Downloads/ishs/vendor/laravel/framework/src/Illuminate/Pipeline/Pipeline.php(183): Illuminate\\Http\\Middleware\\HandleCors->handle()
#28 /home/ahmad/Downloads/ishs/vendor/laravel/framework/src/Illuminate/Http/Middleware/TrustProxies.php(39): Illuminate\\Pipeline\\Pipeline->Illuminate\\Pipeline\\{closure}()
#29 /home/ahmad/Downloads/ishs/vendor/laravel/framework/src/Illuminate/Pipeline/Pipeline.php(183): Illuminate\\Http\\Middleware\\TrustProxies->handle()
#30 /home/ahmad/Downloads/ishs/vendor/laravel/framework/src/Illuminate/Pipeline/Pipeline.php(119): Illuminate\\Pipeline\\Pipeline->Illuminate\\Pipeline\\{closure}()
#31 /home/ahmad/Downloads/ishs/vendor/laravel/framework/src/Illuminate/Foundation/Http/Kernel.php(175): Illuminate\\Pipeline\\Pipeline->then()
#32 /home/ahmad/Downloads/ishs/vendor/laravel/framework/src/Illuminate/Foundation/Http/Kernel.php(144): Illuminate\\Foundation\\Http\\Kernel->sendRequestThroughRouter()
#33 /home/ahmad/Downloads/ishs/public/index.php(51): Illuminate\\Foundation\\Http\\Kernel->handle()
#34 /home/ahmad/Downloads/ishs/vendor/laravel/framework/src/Illuminate/Foundation/resources/server.php(16): require_once('...')
#35 {main}
"} 
[2026-02-27 07:47:55] laravel.ERROR: Trying to access array offset on value of type null {"exception":"[object] (ErrorException(code: 0): Trying to access array offset on value of type null at /home/ahmad/Downloads/ishs/vendor/laravel/framework/src/Illuminate/Cookie/CookieServiceProvider.php:20)
[stacktrace]
#0 /home/ahmad/Downloads/ishs/vendor/laravel/framework/src/Illuminate/Foundation/Bootstrap/HandleExceptions.php(255): Illuminate\\Foundation\\Bootstrap\\HandleExceptions->handleError()
#1 /home/ahmad/Downloads/ishs/vendor/laravel/framework/src/Illuminate/Cookie/CookieServiceProvider.php(20): Illuminate\\Foundation\\Bootstrap\\HandleExceptions->Illuminate\\Foundation\\Bootstrap\\{closure}()
#2 /home/ahmad/Downloads/ishs/vendor/laravel/framework/src/Illuminate/Container/Container.php(908): Illuminate\\Cookie\\CookieServiceProvider->Illuminate\\Cookie\\{closure}()
#3 /home/ahmad/Downloads/ishs/vendor/laravel/framework/src/Illuminate/Container/Container.php(795): Illuminate\\Container\\Container->build()
#4 /home/ahmad/Downloads/ishs/vendor/laravel/framework/src/Illuminate/Foundation/Application.php(986): Illuminate\\Container\\Container->resolve()
#5 /home/ahmad/Downloads/ishs/vendor/laravel/framework/src/Illuminate/Container/Container.php(731): Illuminate\\Foundation\\Application->resolve()
#6 /home/ahmad/Downloads/ishs/vendor/laravel/framework/src/Illuminate/Foundation/Application.php(971): Illuminate\\Container\\Container->make()
#7 /home/ahmad/Downloads/ishs/vendor/laravel/framework/src/Illuminate/Container/Container.php(1066): Illuminate\\Foundation\\Application->make()
#8 /home/ahmad/Downloads/ishs/vendor/laravel/framework/src/Illuminate/Container/Container.php(982): Illuminate\\Container\\Container->resolveClass()
#9 /home/ahmad/Downloads/ishs/vendor/laravel/framework/src/Illuminate/Container/Container.php(943): Illuminate\\Container\\Container->resolveDependencies()
#10 /home/ahmad/Downloads/ishs/vendor/laravel/framework/src/Illuminate/Container/Container.php(795): Illuminate\\Container\\Container->build()
#11 /home/ahmad/Downloads/ishs/vendor/laravel/framework/src/Illuminate/Foundation/Application.php(986): Illuminate\\Container\\Container->resolve()
#12 /home/ahmad/Downloads/ishs/vendor/laravel/framework/src/Illuminate/Container/Container.php(731): Illuminate\\Foundation\\Application->resolve()
#13 /home/ahmad/Downloads/ishs/vendor/laravel/framework/src/Illuminate/Foundation/Application.php(971): Illuminate\\Container\\Container->make()
#14 /home/ahmad/Downloads/ishs/vendor/laravel/framework/src/Illuminate/Pipeline/Pipeline.php(172): Illuminate\\Foundation\\Application->make()
#15 /home/ahmad/Downloads/ishs/vendor/laravel/framework/src/Illuminate/Cookie/Middleware/EncryptCookies.php(67): Illuminate\\Pipeline\\Pipeline->Illuminate\\Pipeline\\{closure}()
#16 /home/ahmad/Downloads/ishs/vendor/laravel/framework/src/Illuminate/Pipeline/Pipeline.php(183): Illuminate\\Cookie\\Middleware\\EncryptCookies->handle()
#17 /home/ahmad/Downloads/ishs/vendor/laravel/framework/src/Illuminate/Pipeline/Pipeline.php(119): Illuminate\\Pipeline\\Pipeline->Illuminate\\Pipeline\\{closure}()
#18 /home/ahmad/Downloads/ishs/vendor/laravel/framework/src/Illuminate/Routing/Router.php(805): Illuminate\\Pipeline\\Pipeline->then()
#19 /home/ahmad/Downloads/ishs/vendor/laravel/framework/src/Illuminate/Routing/Router.php(784): Illuminate\\Routing\\Router->runRouteWithinStack()
#20 /home/ahmad/Downloads/ishs/vendor/laravel/framework/src/Illuminate/Routing/Router.php(748): Illuminate\\Routing\\Router->runRoute()
#21 /home/ahmad/Downloads/ishs/vendor/laravel/framework/src/Illuminate/Routing/Router.php(737): Illuminate\\Routing\\Router->dispatchToRoute()
#22 /home/ahmad/Downloads/ishs/vendor/laravel/framework/src/Illuminate/Foundation/Http/Kernel.php(200): Illuminate\\Routing\\Router->dispatch()
#23 /home/ahmad/Downloads/ishs/vendor/laravel/framework/src/Illuminate/Pipeline/Pipeline.php(144): Illuminate\\Foundation\\Http\\Kernel->Illuminate\\Foundation\\Http\\{closure}()
#24 /home/ahmad/Downloads/ishs/vendor/laravel/framework/src/Illuminate/Foundation/Http/Middleware/TransformsRequest.php(21): Illuminate\\Pipeline\\Pipeline->Illuminate\\Pipeline\\{closure}()
#25 /home/ahmad/Downloads/ishs/vendor/laravel/framework/src/Illuminate/Foundation/Http/Middleware/ConvertEmptyStringsToNull.php(31): Illuminate\\Foundation\\Http\\Middleware\\TransformsRequest->handle()
#26 /home/ahmad/Downloads/ishs/vendor/laravel/framework/src/Illuminate/Pipeline/Pipeline.php(183): Illuminate\\Foundation\\Http\\Middleware\\ConvertEmptyStringsToNull->handle()
#27 /home/ahmad/Downloads/ishs/vendor/laravel/framework/src/Illuminate/Foundation/Http/Middleware/TransformsRequest.php(21): Illuminate\\Pipeline\\Pipeline->Illuminate\\Pipeline\\{closure}()
#28 /home/ahmad/Downloads/ishs/vendor/laravel/framework/src/Illuminate/Foundation/Http/Middleware/TrimStrings.php(40): Illuminate\\Foundation\\Http\\Middleware\\TransformsRequest->handle()
#29 /home/ahmad/Downloads/ishs/vendor/laravel/framework/src/Illuminate/Pipeline/Pipeline.php(183): Illuminate\\Foundation\\Http\\Middleware\\TrimStrings->handle()
#30 /home/ahmad/Downloads/ishs/vendor/laravel/framework/src/Illuminate/Foundation/Http/Middleware/ValidatePostSize.php(27): Illuminate\\Pipeline\\Pipeline->Illuminate\\Pipeline\\{closure}()
#31 /home/ahmad/Downloads/ishs/vendor/laravel/framework/src/Illuminate/Pipeline/Pipeline.php(183): Illuminate\\Foundation\\Http\\Middleware\\ValidatePostSize->handle()
#32 /home/ahmad/Downloads/ishs/vendor/laravel/framework/src/Illuminate/Foundation/Http/Middleware/PreventRequestsDuringMaintenance.php(99): Illuminate\\Pipeline\\Pipeline->Illuminate\\Pipeline\\{closure}()
#33 /home/ahmad/Downloads/ishs/vendor/laravel/framework/src/Illuminate/Pipeline/Pipeline.php(183): Illuminate\\Foundation\\Http\\Middleware\\PreventRequestsDuringMaintenance->handle()
#34 /home/ahmad/Downloads/ishs/vendor/laravel/framework/src/Illuminate/Http/Middleware/HandleCors.php(49): Illuminate\\Pipeline\\Pipeline->Illuminate\\Pipeline\\{closure}()
#35 /home/ahmad/Downloads/ishs/vendor/laravel/framework/src/Illuminate/Pipeline/Pipeline.php(183): Illuminate\\Http\\Middleware\\HandleCors->handle()
#36 /home/ahmad/Downloads/ishs/vendor/laravel/framework/src/Illuminate/Http/Middleware/TrustProxies.php(39): Illuminate\\Pipeline\\Pipeline->Illuminate\\Pipeline\\{closure}()
#37 /home/ahmad/Downloads/ishs/vendor/laravel/framework/src/Illuminate/Pipeline/Pipeline.php(183): Illuminate\\Http\\Middleware\\TrustProxies->handle()
#38 /home/ahmad/Downloads/ishs/vendor/laravel/framework/src/Illuminate/Pipeline/Pipeline.php(119): Illuminate\\Pipeline\\Pipeline->Illuminate\\Pipeline\\{closure}()
#39 /home/ahmad/Downloads/ishs/vendor/laravel/framework/src/Illuminate/Foundation/Http/Kernel.php(175): Illuminate\\Pipeline\\Pipeline->then()
#40 /home/ahmad/Downloads/ishs/vendor/laravel/framework/src/Illuminate/Foundation/Http/Kernel.php(144): Illuminate\\Foundation\\Http\\Kernel->sendRequestThroughRouter()
#41 /home/ahmad/Downloads/ishs/public/index.php(51): Illuminate\\Foundation\\Http\\Kernel->handle()
#42 /home/ahmad/Downloads/ishs/vendor/laravel/framework/src/Illuminate/Foundation/resources/server.php(16): require_once('...')
#43 {main}
"} 
[2026-02-27 07:47:55] laravel.EMERGENCY: Unable to create configured logger. Using emergency logger. {"exception":"[object] (InvalidArgumentException(code: 0): Log [] is not defined. at /home/ahmad/Downloads/ishs/vendor/laravel/framework/src/Illuminate/Log/LogManager.php:212)
[stacktrace]
#0 /home/ahmad/Downloads/ishs/vendor/laravel/framework/src/Illuminate/Log/LogManager.php(137): Illuminate\\Log\\LogManager->resolve()
#1 /home/ahmad/Downloads/ishs/vendor/laravel/framework/src/Illuminate/Log/LogManager.php(124): Illuminate\\Log\\LogManager->get()
#2 /home/ahmad/Downloads/ishs/vendor/laravel/framework/src/Illuminate/Log/LogManager.php(681): Illuminate\\Log\\LogManager->driver()
#3 /home/ahmad/Downloads/ishs/vendor/laravel/framework/src/Illuminate/Foundation/Exceptions/Handler.php(317): Illuminate\\Log\\LogManager->error()
#4 /home/ahmad/Downloads/ishs/vendor/laravel/framework/src/Illuminate/Foundation/Exceptions/Handler.php(278): Illuminate\\Foundation\\Exceptions\\Handler->reportThrowable()
#5 /home/ahmad/Downloads/ishs/vendor/laravel/framework/src/Illuminate/Foundation/Bootstrap/HandleExceptions.php(183): Illuminate\\Foundation\\Exceptions\\Handler->report()
#6 /home/ahmad/Downloads/ishs/vendor/laravel/framework/src/Illuminate/Foundation/Bootstrap/HandleExceptions.php(255): Illuminate\\Foundation\\Bootstrap\\HandleExceptions->handleException()
#7 [internal function]: Illuminate\\Foundation\\Bootstrap\\HandleExceptions->Illuminate\\Foundation\\Bootstrap\\{closure}()
#8 {main}
"} 
[2026-02-27 07:47:55] laravel.ERROR: Trying to access array offset on value of type null {"exception":"[object] (ErrorException(code: 0): Trying to access array offset on value of type null at /home/ahmad/Downloads/ishs/vendor/laravel/framework/src/Illuminate/Cookie/CookieServiceProvider.php:20)
[stacktrace]
#0 /home/ahmad/Downloads/ishs/vendor/laravel/framework/src/Illuminate/Foundation/Bootstrap/HandleExceptions.php(255): Illuminate\\Foundation\\Bootstrap\\HandleExceptions->handleError()
#1 /home/ahmad/Downloads/ishs/vendor/laravel/framework/src/Illuminate/Cookie/CookieServiceProvider.php(20): Illuminate\\Foundation\\Bootstrap\\HandleExceptions->Illuminate\\Foundation\\Bootstrap\\{closure}()
#2 /home/ahmad/Downloads/ishs/vendor/laravel/framework/src/Illuminate/Container/Container.php(908): Illuminate\\Cookie\\CookieServiceProvider->Illuminate\\Cookie\\{closure}()
#3 /home/ahmad/Downloads/ishs/vendor/laravel/framework/src/Illuminate/Container/Container.php(795): Illuminate\\Container\\Container->build()
#4 /home/ahmad/Downloads/ishs/vendor/laravel/framework/src/Illuminate/Foundation/Application.php(986): Illuminate\\Container\\Container->resolve()
#5 /home/ahmad/Downloads/ishs/vendor/laravel/framework/src/Illuminate/Container/Container.php(731): Illuminate\\Foundation\\Application->resolve()
#6 /home/ahmad/Downloads/ishs/vendor/laravel/framework/src/Illuminate/Foundation/Application.php(971): Illuminate\\Container\\Container->make()
#7 /home/ahmad/Downloads/ishs/vendor/laravel/framework/src/Illuminate/Container/Container.php(1066): Illuminate\\Foundation\\Application->make()
#8 /home/ahmad/Downloads/ishs/vendor/laravel/framework/src/Illuminate/Container/Container.php(982): Illuminate\\Container\\Container->resolveClass()
#9 /home/ahmad/Downloads/ishs/vendor/laravel/framework/src/Illuminate/Container/Container.php(943): Illuminate\\Container\\Container->resolveDependencies()
#10 /home/ahmad/Downloads/ishs/vendor/laravel/framework/src/Illuminate/Container/Container.php(795): Illuminate\\Container\\Container->build()
#11 /home/ahmad/Downloads/ishs/vendor/laravel/framework/src/Illuminate/Foundation/Application.php(986): Illuminate\\Container\\Container->resolve()
#12 /home/ahmad/Downloads/ishs/vendor/laravel/framework/src/Illuminate/Container/Container.php(731): Illuminate\\Foundation\\Application->resolve()
#13 /home/ahmad/Downloads/ishs/vendor/laravel/framework/src/Illuminate/Foundation/Application.php(971): Illuminate\\Container\\Container->make()
#14 /home/ahmad/Downloads/ishs/vendor/laravel/framework/src/Illuminate/Foundation/Http/Kernel.php(255): Illuminate\\Foundation\\Application->make()
#15 /home/ahmad/Downloads/ishs/vendor/laravel/framework/src/Illuminate/Foundation/Http/Kernel.php(213): Illuminate\\Foundation\\Http\\Kernel->terminateMiddleware()
#16 /home/ahmad/Downloads/ishs/public/index.php(55): Illuminate\\Foundation\\Http\\Kernel->terminate()
#17 /home/ahmad/Downloads/ishs/vendor/laravel/framework/src/Illuminate/Foundation/resources/server.php(16): require_once('...')
#18 {main}
"} 
[2026-02-27 07:47:56] laravel.EMERGENCY: Unable to create configured logger. Using emergency logger. {"exception":"[object] (InvalidArgumentException(code: 0): Log [] is not defined. at /home/ahmad/Downloads/ishs/vendor/laravel/framework/src/Illuminate/Log/LogManager.php:212)
[stacktrace]
#0 /home/ahmad/Downloads/ishs/vendor/laravel/framework/src/Illuminate/Log/LogManager.php(137): Illuminate\\Log\\LogManager->resolve()
#1 /home/ahmad/Downloads/ishs/vendor/laravel/framework/src/Illuminate/Log/LogManager.php(124): Illuminate\\Log\\LogManager->get()
#2 /home/ahmad/Downloads/ishs/vendor/laravel/framework/src/Illuminate/Log/LogManager.php(681): Illuminate\\Log\\LogManager->driver()
#3 /home/ahmad/Downloads/ishs/vendor/laravel/framework/src/Illuminate/Foundation/Exceptions/Handler.php(317): Illuminate\\Log\\LogManager->error()
#4 /home/ahmad/Downloads/ishs/vendor/laravel/framework/src/Illuminate/Foundation/Exceptions/Handler.php(278): Illuminate\\Foundation\\Exceptions\\Handler->reportThrowable()
#5 /home/ahmad/Downloads/ishs/vendor/laravel/framework/src/Illuminate/Routing/Pipeline.php(49): Illuminate\\Foundation\\Exceptions\\Handler->report()
#6 /home/ahmad/Downloads/ishs/vendor/laravel/framework/src/Illuminate/Pipeline/Pipeline.php(188): Illuminate\\Routing\\Pipeline->handleException()
#7 /home/ahmad/Downloads/ishs/vendor/laravel/framework/src/Illuminate/Cookie/Middleware/EncryptCookies.php(67): Illuminate\\Pipeline\\Pipeline->Illuminate\\Pipeline\\{closure}()
#8 /home/ahmad/Downloads/ishs/vendor/laravel/framework/src/Illuminate/Pipeline/Pipeline.php(183): Illuminate\\Cookie\\Middleware\\EncryptCookies->handle()
#9 /home/ahmad/Downloads/ishs/vendor/laravel/framework/src/Illuminate/Pipeline/Pipeline.php(119): Illuminate\\Pipeline\\Pipeline->Illuminate\\Pipeline\\{closure}()
#10 /home/ahmad/Downloads/ishs/vendor/laravel/framework/src/Illuminate/Routing/Router.php(805): Illuminate\\Pipeline\\Pipeline->then()
#11 /home/ahmad/Downloads/ishs/vendor/laravel/framework/src/Illuminate/Routing/Router.php(784): Illuminate\\Routing\\Router->runRouteWithinStack()
#12 /home/ahmad/Downloads/ishs/vendor/laravel/framework/src/Illuminate/Routing/Router.php(748): Illuminate\\Routing\\Router->runRoute()
#13 /home/ahmad/Downloads/ishs/vendor/laravel/framework/src/Illuminate/Routing/Router.php(737): Illuminate\\Routing\\Router->dispatchToRoute()
#14 /home/ahmad/Downloads/ishs/vendor/laravel/framework/src/Illuminate/Foundation/Http/Kernel.php(200): Illuminate\\Routing\\Router->dispatch()
#15 /home/ahmad/Downloads/ishs/vendor/laravel/framework/src/Illuminate/Pipeline/Pipeline.php(144): Illuminate\\Foundation\\Http\\Kernel->Illuminate\\Foundation\\Http\\{closure}()
#16 /home/ahmad/Downloads/ishs/vendor/laravel/framework/src/Illuminate/Foundation/Http/Middleware/TransformsRequest.php(21): Illuminate\\Pipeline\\Pipeline->Illuminate\\Pipeline\\{closure}()
#17 /home/ahmad/Downloads/ishs/vendor/laravel/framework/src/Illuminate/Foundation/Http/Middleware/ConvertEmptyStringsToNull.php(31): Illuminate\\Foundation\\Http\\Middleware\\TransformsRequest->handle()
#18 /home/ahmad/Downloads/ishs/vendor/laravel/framework/src/Illuminate/Pipeline/Pipeline.php(183): Illuminate\\Foundation\\Http\\Middleware\\ConvertEmptyStringsToNull->handle()
#19 /home/ahmad/Downloads/ishs/vendor/laravel/framework/src/Illuminate/Foundation/Http/Middleware/TransformsRequest.php(21): Illuminate\\Pipeline\\Pipeline->Illuminate\\Pipeline\\{closure}()
#20 /home/ahmad/Downloads/ishs/vendor/laravel/framework/src/Illuminate/Foundation/Http/Middleware/TrimStrings.php(40): Illuminate\\Foundation\\Http\\Middleware\\TransformsRequest->handle()
#21 /home/ahmad/Downloads/ishs/vendor/laravel/framework/src/Illuminate/Pipeline/Pipeline.php(183): Illuminate\\Foundation\\Http\\Middleware\\TrimStrings->handle()
#22 /home/ahmad/Downloads/ishs/vendor/laravel/framework/src/Illuminate/Foundation/Http/Middleware/ValidatePostSize.php(27): Illuminate\\Pipeline\\Pipeline->Illuminate\\Pipeline\\{closure}()
#23 /home/ahmad/Downloads/ishs/vendor/laravel/framework/src/Illuminate/Pipeline/Pipeline.php(183): Illuminate\\Foundation\\Http\\Middleware\\ValidatePostSize->handle()
#24 /home/ahmad/Downloads/ishs/vendor/laravel/framework/src/Illuminate/Foundation/Http/Middleware/PreventRequestsDuringMaintenance.php(99): Illuminate\\Pipeline\\Pipeline->Illuminate\\Pipeline\\{closure}()
#25 /home/ahmad/Downloads/ishs/vendor/laravel/framework/src/Illuminate/Pipeline/Pipeline.php(183): Illuminate\\Foundation\\Http\\Middleware\\PreventRequestsDuringMaintenance->handle()
#26 /home/ahmad/Downloads/ishs/vendor/laravel/framework/src/Illuminate/Http/Middleware/HandleCors.php(49): Illuminate\\Pipeline\\Pipeline->Illuminate\\Pipeline\\{closure}()
#27 /home/ahmad/Downloads/ishs/vendor/laravel/framework/src/Illuminate/Pipeline/Pipeline.php(183): Illuminate\\Http\\Middleware\\HandleCors->handle()
#28 /home/ahmad/Downloads/ishs/vendor/laravel/framework/src/Illuminate/Http/Middleware/TrustProxies.php(39): Illuminate\\Pipeline\\Pipeline->Illuminate\\Pipeline\\{closure}()
#29 /home/ahmad/Downloads/ishs/vendor/laravel/framework/src/Illuminate/Pipeline/Pipeline.php(183): Illuminate\\Http\\Middleware\\TrustProxies->handle()
#30 /home/ahmad/Downloads/ishs/vendor/laravel/framework/src/Illuminate/Pipeline/Pipeline.php(119): Illuminate\\Pipeline\\Pipeline->Illuminate\\Pipeline\\{closure}()
#31 /home/ahmad/Downloads/ishs/vendor/laravel/framework/src/Illuminate/Foundation/Http/Kernel.php(175): Illuminate\\Pipeline\\Pipeline->then()
#32 /home/ahmad/Downloads/ishs/vendor/laravel/framework/src/Illuminate/Foundation/Http/Kernel.php(144): Illuminate\\Foundation\\Http\\Kernel->sendRequestThroughRouter()
#33 /home/ahmad/Downloads/ishs/public/index.php(51): Illuminate\\Foundation\\Http\\Kernel->handle()
#34 /home/ahmad/Downloads/ishs/vendor/laravel/framework/src/Illuminate/Foundation/resources/server.php(16): require_once('...')
#35 {main}
"} 
[2026-02-27 07:47:56] laravel.ERROR: Trying to access array offset on value of type null {"exception":"[object] (ErrorException(code: 0): Trying to access array offset on value of type null at /home/ahmad/Downloads/ishs/vendor/laravel/framework/src/Illuminate/Cookie/CookieServiceProvider.php:20)
[stacktrace]
#0 /home/ahmad/Downloads/ishs/vendor/laravel/framework/src/Illuminate/Foundation/Bootstrap/HandleExceptions.php(255): Illuminate\\Foundation\\Bootstrap\\HandleExceptions->handleError()
#1 /home/ahmad/Downloads/ishs/vendor/laravel/framework/src/Illuminate/Cookie/CookieServiceProvider.php(20): Illuminate\\Foundation\\Bootstrap\\HandleExceptions->Illuminate\\Foundation\\Bootstrap\\{closure}()
#2 /home/ahmad/Downloads/ishs/vendor/laravel/framework/src/Illuminate/Container/Container.php(908): Illuminate\\Cookie\\CookieServiceProvider->Illuminate\\Cookie\\{closure}()
#3 /home/ahmad/Downloads/ishs/vendor/laravel/framework/src/Illuminate/Container/Container.php(795): Illuminate\\Container\\Container->build()
#4 /home/ahmad/Downloads/ishs/vendor/laravel/framework/src/Illuminate/Foundation/Application.php(986): Illuminate\\Container\\Container->resolve()
#5 /home/ahmad/Downloads/ishs/vendor/laravel/framework/src/Illuminate/Container/Container.php(731): Illuminate\\Foundation\\Application->resolve()
#6 /home/ahmad/Downloads/ishs/vendor/laravel/framework/src/Illuminate/Foundation/Application.php(971): Illuminate\\Container\\Container->make()
#7 /home/ahmad/Downloads/ishs/vendor/laravel/framework/src/Illuminate/Container/Container.php(1066): Illuminate\\Foundation\\Application->make()
#8 /home/ahmad/Downloads/ishs/vendor/laravel/framework/src/Illuminate/Container/Container.php(982): Illuminate\\Container\\Container->resolveClass()
#9 /home/ahmad/Downloads/ishs/vendor/laravel/framework/src/Illuminate/Container/Container.php(943): Illuminate\\Container\\Container->resolveDependencies()
#10 /home/ahmad/Downloads/ishs/vendor/laravel/framework/src/Illuminate/Container/Container.php(795): Illuminate\\Container\\Container->build()
#11 /home/ahmad/Downloads/ishs/vendor/laravel/framework/src/Illuminate/Foundation/Application.php(986): Illuminate\\Container\\Container->resolve()
#12 /home/ahmad/Downloads/ishs/vendor/laravel/framework/src/Illuminate/Container/Container.php(731): Illuminate\\Foundation\\Application->resolve()
#13 /home/ahmad/Downloads/ishs/vendor/laravel/framework/src/Illuminate/Foundation/Application.php(971): Illuminate\\Container\\Container->make()
#14 /home/ahmad/Downloads/ishs/vendor/laravel/framework/src/Illuminate/Pipeline/Pipeline.php(172): Illuminate\\Foundation\\Application->make()
#15 /home/ahmad/Downloads/ishs/vendor/laravel/framework/src/Illuminate/Cookie/Middleware/EncryptCookies.php(67): Illuminate\\Pipeline\\Pipeline->Illuminate\\Pipeline\\{closure}()
#16 /home/ahmad/Downloads/ishs/vendor/laravel/framework/src/Illuminate/Pipeline/Pipeline.php(183): Illuminate\\Cookie\\Middleware\\EncryptCookies->handle()
#17 /home/ahmad/Downloads/ishs/vendor/laravel/framework/src/Illuminate/Pipeline/Pipeline.php(119): Illuminate\\Pipeline\\Pipeline->Illuminate\\Pipeline\\{closure}()
#18 /home/ahmad/Downloads/ishs/vendor/laravel/framework/src/Illuminate/Routing/Router.php(805): Illuminate\\Pipeline\\Pipeline->then()
#19 /home/ahmad/Downloads/ishs/vendor/laravel/framework/src/Illuminate/Routing/Router.php(784): Illuminate\\Routing\\Router->runRouteWithinStack()
#20 /home/ahmad/Downloads/ishs/vendor/laravel/framework/src/Illuminate/Routing/Router.php(748): Illuminate\\Routing\\Router->runRoute()
#21 /home/ahmad/Downloads/ishs/vendor/laravel/framework/src/Illuminate/Routing/Router.php(737): Illuminate\\Routing\\Router->dispatchToRoute()
#22 /home/ahmad/Downloads/ishs/vendor/laravel/framework/src/Illuminate/Foundation/Http/Kernel.php(200): Illuminate\\Routing\\Router->dispatch()
#23 /home/ahmad/Downloads/ishs/vendor/laravel/framework/src/Illuminate/Pipeline/Pipeline.php(144): Illuminate\\Foundation\\Http\\Kernel->Illuminate\\Foundation\\Http\\{closure}()
#24 /home/ahmad/Downloads/ishs/vendor/laravel/framework/src/Illuminate/Foundation/Http/Middleware/TransformsRequest.php(21): Illuminate\\Pipeline\\Pipeline->Illuminate\\Pipeline\\{closure}()
#25 /home/ahmad/Downloads/ishs/vendor/laravel/framework/src/Illuminate/Foundation/Http/Middleware/ConvertEmptyStringsToNull.php(31): Illuminate\\Foundation\\Http\\Middleware\\TransformsRequest->handle()
#26 /home/ahmad/Downloads/ishs/vendor/laravel/framework/src/Illuminate/Pipeline/Pipeline.php(183): Illuminate\\Foundation\\Http\\Middleware\\ConvertEmptyStringsToNull->handle()
#27 /home/ahmad/Downloads/ishs/vendor/laravel/framework/src/Illuminate/Foundation/Http/Middleware/TransformsRequest.php(21): Illuminate\\Pipeline\\Pipeline->Illuminate\\Pipeline\\{closure}()
#28 /home/ahmad/Downloads/ishs/vendor/laravel/framework/src/Illuminate/Foundation/Http/Middleware/TrimStrings.php(40): Illuminate\\Foundation\\Http\\Middleware\\TransformsRequest->handle()
#29 /home/ahmad/Downloads/ishs/vendor/laravel/framework/src/Illuminate/Pipeline/Pipeline.php(183): Illuminate\\Foundation\\Http\\Middleware\\TrimStrings->handle()
#30 /home/ahmad/Downloads/ishs/vendor/laravel/framework/src/Illuminate/Foundation/Http/Middleware/ValidatePostSize.php(27): Illuminate\\Pipeline\\Pipeline->Illuminate\\Pipeline\\{closure}()
#31 /home/ahmad/Downloads/ishs/vendor/laravel/framework/src/Illuminate/Pipeline/Pipeline.php(183): Illuminate\\Foundation\\Http\\Middleware\\ValidatePostSize->handle()
#32 /home/ahmad/Downloads/ishs/vendor/laravel/framework/src/Illuminate/Foundation/Http/Middleware/PreventRequestsDuringMaintenance.php(99): Illuminate\\Pipeline\\Pipeline->Illuminate\\Pipeline\\{closure}()
#33 /home/ahmad/Downloads/ishs/vendor/laravel/framework/src/Illuminate/Pipeline/Pipeline.php(183): Illuminate\\Foundation\\Http\\Middleware\\PreventRequestsDuringMaintenance->handle()
#34 /home/ahmad/Downloads/ishs/vendor/laravel/framework/src/Illuminate/Http/Middleware/HandleCors.php(49): Illuminate\\Pipeline\\Pipeline->Illuminate\\Pipeline\\{closure}()
#35 /home/ahmad/Downloads/ishs/vendor/laravel/framework/src/Illuminate/Pipeline/Pipeline.php(183): Illuminate\\Http\\Middleware\\HandleCors->handle()
#36 /home/ahmad/Downloads/ishs/vendor/laravel/framework/src/Illuminate/Http/Middleware/TrustProxies.php(39): Illuminate\\Pipeline\\Pipeline->Illuminate\\Pipeline\\{closure}()
#37 /home/ahmad/Downloads/ishs/vendor/laravel/framework/src/Illuminate/Pipeline/Pipeline.php(183): Illuminate\\Http\\Middleware\\TrustProxies->handle()
#38 /home/ahmad/Downloads/ishs/vendor/laravel/framework/src/Illuminate/Pipeline/Pipeline.php(119): Illuminate\\Pipeline\\Pipeline->Illuminate\\Pipeline\\{closure}()
#39 /home/ahmad/Downloads/ishs/vendor/laravel/framework/src/Illuminate/Foundation/Http/Kernel.php(175): Illuminate\\Pipeline\\Pipeline->then()
#40 /home/ahmad/Downloads/ishs/vendor/laravel/framework/src/Illuminate/Foundation/Http/Kernel.php(144): Illuminate\\Foundation\\Http\\Kernel->sendRequestThroughRouter()
#41 /home/ahmad/Downloads/ishs/public/index.php(51): Illuminate\\Foundation\\Http\\Kernel->handle()
#42 /home/ahmad/Downloads/ishs/vendor/laravel/framework/src/Illuminate/Foundation/resources/server.php(16): require_once('...')
#43 {main}
"} 
[2026-02-27 07:47:56] laravel.EMERGENCY: Unable to create configured logger. Using emergency logger. {"exception":"[object] (InvalidArgumentException(code: 0): Log [] is not defined. at /home/ahmad/Downloads/ishs/vendor/laravel/framework/src/Illuminate/Log/LogManager.php:212)
[stacktrace]
#0 /home/ahmad/Downloads/ishs/vendor/laravel/framework/src/Illuminate/Log/LogManager.php(137): Illuminate\\Log\\LogManager->resolve()
#1 /home/ahmad/Downloads/ishs/vendor/laravel/framework/src/Illuminate/Log/LogManager.php(124): Illuminate\\Log\\LogManager->get()
#2 /home/ahmad/Downloads/ishs/vendor/laravel/framework/src/Illuminate/Log/LogManager.php(681): Illuminate\\Log\\LogManager->driver()
#3 /home/ahmad/Downloads/ishs/vendor/laravel/framework/src/Illuminate/Foundation/Exceptions/Handler.php(317): Illuminate\\Log\\LogManager->error()
#4 /home/ahmad/Downloads/ishs/vendor/laravel/framework/src/Illuminate/Foundation/Exceptions/Handler.php(278): Illuminate\\Foundation\\Exceptions\\Handler->reportThrowable()
#5 /home/ahmad/Downloads/ishs/vendor/laravel/framework/src/Illuminate/Foundation/Bootstrap/HandleExceptions.php(183): Illuminate\\Foundation\\Exceptions\\Handler->report()
#6 /home/ahmad/Downloads/ishs/vendor/laravel/framework/src/Illuminate/Foundation/Bootstrap/HandleExceptions.php(255): Illuminate\\Foundation\\Bootstrap\\HandleExceptions->handleException()
#7 [internal function]: Illuminate\\Foundation\\Bootstrap\\HandleExceptions->Illuminate\\Foundation\\Bootstrap\\{closure}()
#8 {main}
"} 
[2026-02-27 07:47:56] laravel.ERROR: Trying to access array offset on value of type null {"exception":"[object] (ErrorException(code: 0): Trying to access array offset on value of type null at /home/ahmad/Downloads/ishs/vendor/laravel/framework/src/Illuminate/Cookie/CookieServiceProvider.php:20)
[stacktrace]
#0 /home/ahmad/Downloads/ishs/vendor/laravel/framework/src/Illuminate/Foundation/Bootstrap/HandleExceptions.php(255): Illuminate\\Foundation\\Bootstrap\\HandleExceptions->handleError()
#1 /home/ahmad/Downloads/ishs/vendor/laravel/framework/src/Illuminate/Cookie/CookieServiceProvider.php(20): Illuminate\\Foundation\\Bootstrap\\HandleExceptions->Illuminate\\Foundation\\Bootstrap\\{closure}()
#2 /home/ahmad/Downloads/ishs/vendor/laravel/framework/src/Illuminate/Container/Container.php(908): Illuminate\\Cookie\\CookieServiceProvider->Illuminate\\Cookie\\{closure}()
#3 /home/ahmad/Downloads/ishs/vendor/laravel/framework/src/Illuminate/Container/Container.php(795): Illuminate\\Container\\Container->build()
#4 /home/ahmad/Downloads/ishs/vendor/laravel/framework/src/Illuminate/Foundation/Application.php(986): Illuminate\\Container\\Container->resolve()
#5 /home/ahmad/Downloads/ishs/vendor/laravel/framework/src/Illuminate/Container/Container.php(731): Illuminate\\Foundation\\Application->resolve()
#6 /home/ahmad/Downloads/ishs/vendor/laravel/framework/src/Illuminate/Foundation/Application.php(971): Illuminate\\Container\\Container->make()
#7 /home/ahmad/Downloads/ishs/vendor/laravel/framework/src/Illuminate/Container/Container.php(1066): Illuminate\\Foundation\\Application->make()
#8 /home/ahmad/Downloads/ishs/vendor/laravel/framework/src/Illuminate/Container/Container.php(982): Illuminate\\Container\\Container->resolveClass()
#9 /home/ahmad/Downloads/ishs/vendor/laravel/framework/src/Illuminate/Container/Container.php(943): Illuminate\\Container\\Container->resolveDependencies()
#10 /home/ahmad/Downloads/ishs/vendor/laravel/framework/src/Illuminate/Container/Container.php(795): Illuminate\\Container\\Container->build()
#11 /home/ahmad/Downloads/ishs/vendor/laravel/framework/src/Illuminate/Foundation/Application.php(986): Illuminate\\Container\\Container->resolve()
#12 /home/ahmad/Downloads/ishs/vendor/laravel/framework/src/Illuminate/Container/Container.php(731): Illuminate\\Foundation\\Application->resolve()
#13 /home/ahmad/Downloads/ishs/vendor/laravel/framework/src/Illuminate/Foundation/Application.php(971): Illuminate\\Container\\Container->make()
#14 /home/ahmad/Downloads/ishs/vendor/laravel/framework/src/Illuminate/Foundation/Http/Kernel.php(255): Illuminate\\Foundation\\Application->make()
#15 /home/ahmad/Downloads/ishs/vendor/laravel/framework/src/Illuminate/Foundation/Http/Kernel.php(213): Illuminate\\Foundation\\Http\\Kernel->terminateMiddleware()
#16 /home/ahmad/Downloads/ishs/public/index.php(55): Illuminate\\Foundation\\Http\\Kernel->terminate()
#17 /home/ahmad/Downloads/ishs/vendor/laravel/framework/src/Illuminate/Foundation/resources/server.php(16): require_once('...')
#18 {main}
"} 
[2026-02-27 07:48:10] laravel.EMERGENCY: Unable to create configured logger. Using emergency logger. {"exception":"[object] (InvalidArgumentException(code: 0): Log [] is not defined. at /home/ahmad/Downloads/ishs/vendor/laravel/framework/src/Illuminate/Log/LogManager.php:212)
[stacktrace]
#0 /home/ahmad/Downloads/ishs/vendor/laravel/framework/src/Illuminate/Log/LogManager.php(137): Illuminate\\Log\\LogManager->resolve()
#1 /home/ahmad/Downloads/ishs/vendor/laravel/framework/src/Illuminate/Log/LogManager.php(124): Illuminate\\Log\\LogManager->get()
#2 /home/ahmad/Downloads/ishs/vendor/laravel/framework/src/Illuminate/Log/LogManager.php(681): Illuminate\\Log\\LogManager->driver()
#3 /home/ahmad/Downloads/ishs/vendor/laravel/framework/src/Illuminate/Foundation/Exceptions/Handler.php(317): Illuminate\\Log\\LogManager->error()
#4 /home/ahmad/Downloads/ishs/vendor/laravel/framework/src/Illuminate/Foundation/Exceptions/Handler.php(278): Illuminate\\Foundation\\Exceptions\\Handler->reportThrowable()
#5 /home/ahmad/Downloads/ishs/vendor/laravel/framework/src/Illuminate/Routing/Pipeline.php(49): Illuminate\\Foundation\\Exceptions\\Handler->report()
#6 /home/ahmad/Downloads/ishs/vendor/laravel/framework/src/Illuminate/Pipeline/Pipeline.php(188): Illuminate\\Routing\\Pipeline->handleException()
#7 /home/ahmad/Downloads/ishs/vendor/laravel/framework/src/Illuminate/Cookie/Middleware/EncryptCookies.php(67): Illuminate\\Pipeline\\Pipeline->Illuminate\\Pipeline\\{closure}()
#8 /home/ahmad/Downloads/ishs/vendor/laravel/framework/src/Illuminate/Pipeline/Pipeline.php(183): Illuminate\\Cookie\\Middleware\\EncryptCookies->handle()
#9 /home/ahmad/Downloads/ishs/vendor/laravel/framework/src/Illuminate/Pipeline/Pipeline.php(119): Illuminate\\Pipeline\\Pipeline->Illuminate\\Pipeline\\{closure}()
#10 /home/ahmad/Downloads/ishs/vendor/laravel/framework/src/Illuminate/Routing/Router.php(805): Illuminate\\Pipeline\\Pipeline->then()
#11 /home/ahmad/Downloads/ishs/vendor/laravel/framework/src/Illuminate/Routing/Router.php(784): Illuminate\\Routing\\Router->runRouteWithinStack()
#12 /home/ahmad/Downloads/ishs/vendor/laravel/framework/src/Illuminate/Routing/Router.php(748): Illuminate\\Routing\\Router->runRoute()
#13 /home/ahmad/Downloads/ishs/vendor/laravel/framework/src/Illuminate/Routing/Router.php(737): Illuminate\\Routing\\Router->dispatchToRoute()
#14 /home/ahmad/Downloads/ishs/vendor/laravel/framework/src/Illuminate/Foundation/Http/Kernel.php(200): Illuminate\\Routing\\Router->dispatch()
#15 /home/ahmad/Downloads/ishs/vendor/laravel/framework/src/Illuminate/Pipeline/Pipeline.php(144): Illuminate\\Foundation\\Http\\Kernel->Illuminate\\Foundation\\Http\\{closure}()
#16 /home/ahmad/Downloads/ishs/vendor/laravel/framework/src/Illuminate/Foundation/Http/Middleware/TransformsRequest.php(21): Illuminate\\Pipeline\\Pipeline->Illuminate\\Pipeline\\{closure}()
#17 /home/ahmad/Downloads/ishs/vendor/laravel/framework/src/Illuminate/Foundation/Http/Middleware/ConvertEmptyStringsToNull.php(31): Illuminate\\Foundation\\Http\\Middleware\\TransformsRequest->handle()
#18 /home/ahmad/Downloads/ishs/vendor/laravel/framework/src/Illuminate/Pipeline/Pipeline.php(183): Illuminate\\Foundation\\Http\\Middleware\\ConvertEmptyStringsToNull->handle()
#19 /home/ahmad/Downloads/ishs/vendor/laravel/framework/src/Illuminate/Foundation/Http/Middleware/TransformsRequest.php(21): Illuminate\\Pipeline\\Pipeline->Illuminate\\Pipeline\\{closure}()
#20 /home/ahmad/Downloads/ishs/vendor/laravel/framework/src/Illuminate/Foundation/Http/Middleware/TrimStrings.php(40): Illuminate\\Foundation\\Http\\Middleware\\TransformsRequest->handle()
#21 /home/ahmad/Downloads/ishs/vendor/laravel/framework/src/Illuminate/Pipeline/Pipeline.php(183): Illuminate\\Foundation\\Http\\Middleware\\TrimStrings->handle()
#22 /home/ahmad/Downloads/ishs/vendor/laravel/framework/src/Illuminate/Foundation/Http/Middleware/ValidatePostSize.php(27): Illuminate\\Pipeline\\Pipeline->Illuminate\\Pipeline\\{closure}()
#23 /home/ahmad/Downloads/ishs/vendor/laravel/framework/src/Illuminate/Pipeline/Pipeline.php(183): Illuminate\\Foundation\\Http\\Middleware\\ValidatePostSize->handle()
#24 /home/ahmad/Downloads/ishs/vendor/laravel/framework/src/Illuminate/Foundation/Http/Middleware/PreventRequestsDuringMaintenance.php(99): Illuminate\\Pipeline\\Pipeline->Illuminate\\Pipeline\\{closure}()
#25 /home/ahmad/Downloads/ishs/vendor/laravel/framework/src/Illuminate/Pipeline/Pipeline.php(183): Illuminate\\Foundation\\Http\\Middleware\\PreventRequestsDuringMaintenance->handle()
#26 /home/ahmad/Downloads/ishs/vendor/laravel/framework/src/Illuminate/Http/Middleware/HandleCors.php(49): Illuminate\\Pipeline\\Pipeline->Illuminate\\Pipeline\\{closure}()
#27 /home/ahmad/Downloads/ishs/vendor/laravel/framework/src/Illuminate/Pipeline/Pipeline.php(183): Illuminate\\Http\\Middleware\\HandleCors->handle()
#28 /home/ahmad/Downloads/ishs/vendor/laravel/framework/src/Illuminate/Http/Middleware/TrustProxies.php(39): Illuminate\\Pipeline\\Pipeline->Illuminate\\Pipeline\\{closure}()
#29 /home/ahmad/Downloads/ishs/vendor/laravel/framework/src/Illuminate/Pipeline/Pipeline.php(183): Illuminate\\Http\\Middleware\\TrustProxies->handle()
#30 /home/ahmad/Downloads/ishs/vendor/laravel/framework/src/Illuminate/Pipeline/Pipeline.php(119): Illuminate\\Pipeline\\Pipeline->Illuminate\\Pipeline\\{closure}()
#31 /home/ahmad/Downloads/ishs/vendor/laravel/framework/src/Illuminate/Foundation/Http/Kernel.php(175): Illuminate\\Pipeline\\Pipeline->then()
#32 /home/ahmad/Downloads/ishs/vendor/laravel/framework/src/Illuminate/Foundation/Http/Kernel.php(144): Illuminate\\Foundation\\Http\\Kernel->sendRequestThroughRouter()
#33 /home/ahmad/Downloads/ishs/public/index.php(51): Illuminate\\Foundation\\Http\\Kernel->handle()
#34 /home/ahmad/Downloads/ishs/vendor/laravel/framework/src/Illuminate/Foundation/resources/server.php(16): require_once('...')
#35 {main}
"} 
[2026-02-27 07:48:10] laravel.ERROR: Trying to access array offset on value of type null {"exception":"[object] (ErrorException(code: 0): Trying to access array offset on value of type null at /home/ahmad/Downloads/ishs/vendor/laravel/framework/src/Illuminate/Cookie/CookieServiceProvider.php:20)
[stacktrace]
#0 /home/ahmad/Downloads/ishs/vendor/laravel/framework/src/Illuminate/Foundation/Bootstrap/HandleExceptions.php(255): Illuminate\\Foundation\\Bootstrap\\HandleExceptions->handleError()
#1 /home/ahmad/Downloads/ishs/vendor/laravel/framework/src/Illuminate/Cookie/CookieServiceProvider.php(20): Illuminate\\Foundation\\Bootstrap\\HandleExceptions->Illuminate\\Foundation\\Bootstrap\\{closure}()
#2 /home/ahmad/Downloads/ishs/vendor/laravel/framework/src/Illuminate/Container/Container.php(908): Illuminate\\Cookie\\CookieServiceProvider->Illuminate\\Cookie\\{closure}()
#3 /home/ahmad/Downloads/ishs/vendor/laravel/framework/src/Illuminate/Container/Container.php(795): Illuminate\\Container\\Container->build()
#4 /home/ahmad/Downloads/ishs/vendor/laravel/framework/src/Illuminate/Foundation/Application.php(986): Illuminate\\Container\\Container->resolve()
#5 /home/ahmad/Downloads/ishs/vendor/laravel/framework/src/Illuminate/Container/Container.php(731): Illuminate\\Foundation\\Application->resolve()
#6 /home/ahmad/Downloads/ishs/vendor/laravel/framework/src/Illuminate/Foundation/Application.php(971): Illuminate\\Container\\Container->make()
#7 /home/ahmad/Downloads/ishs/vendor/laravel/framework/src/Illuminate/Container/Container.php(1066): Illuminate\\Foundation\\Application->make()
#8 /home/ahmad/Downloads/ishs/vendor/laravel/framework/src/Illuminate/Container/Container.php(982): Illuminate\\Container\\Container->resolveClass()
#9 /home/ahmad/Downloads/ishs/vendor/laravel/framework/src/Illuminate/Container/Container.php(943): Illuminate\\Container\\Container->resolveDependencies()
#10 /home/ahmad/Downloads/ishs/vendor/laravel/framework/src/Illuminate/Container/Container.php(795): Illuminate\\Container\\Container->build()
#11 /home/ahmad/Downloads/ishs/vendor/laravel/framework/src/Illuminate/Foundation/Application.php(986): Illuminate\\Container\\Container->resolve()
#12 /home/ahmad/Downloads/ishs/vendor/laravel/framework/src/Illuminate/Container/Container.php(731): Illuminate\\Foundation\\Application->resolve()
#13 /home/ahmad/Downloads/ishs/vendor/laravel/framework/src/Illuminate/Foundation/Application.php(971): Illuminate\\Container\\Container->make()
#14 /home/ahmad/Downloads/ishs/vendor/laravel/framework/src/Illuminate/Pipeline/Pipeline.php(172): Illuminate\\Foundation\\Application->make()
#15 /home/ahmad/Downloads/ishs/vendor/laravel/framework/src/Illuminate/Cookie/Middleware/EncryptCookies.php(67): Illuminate\\Pipeline\\Pipeline->Illuminate\\Pipeline\\{closure}()
#16 /home/ahmad/Downloads/ishs/vendor/laravel/framework/src/Illuminate/Pipeline/Pipeline.php(183): Illuminate\\Cookie\\Middleware\\EncryptCookies->handle()
#17 /home/ahmad/Downloads/ishs/vendor/laravel/framework/src/Illuminate/Pipeline/Pipeline.php(119): Illuminate\\Pipeline\\Pipeline->Illuminate\\Pipeline\\{closure}()
#18 /home/ahmad/Downloads/ishs/vendor/laravel/framework/src/Illuminate/Routing/Router.php(805): Illuminate\\Pipeline\\Pipeline->then()
#19 /home/ahmad/Downloads/ishs/vendor/laravel/framework/src/Illuminate/Routing/Router.php(784): Illuminate\\Routing\\Router->runRouteWithinStack()
#20 /home/ahmad/Downloads/ishs/vendor/laravel/framework/src/Illuminate/Routing/Router.php(748): Illuminate\\Routing\\Router->runRoute()
#21 /home/ahmad/Downloads/ishs/vendor/laravel/framework/src/Illuminate/Routing/Router.php(737): Illuminate\\Routing\\Router->dispatchToRoute()
#22 /home/ahmad/Downloads/ishs/vendor/laravel/framework/src/Illuminate/Foundation/Http/Kernel.php(200): Illuminate\\Routing\\Router->dispatch()
#23 /home/ahmad/Downloads/ishs/vendor/laravel/framework/src/Illuminate/Pipeline/Pipeline.php(144): Illuminate\\Foundation\\Http\\Kernel->Illuminate\\Foundation\\Http\\{closure}()
#24 /home/ahmad/Downloads/ishs/vendor/laravel/framework/src/Illuminate/Foundation/Http/Middleware/TransformsRequest.php(21): Illuminate\\Pipeline\\Pipeline->Illuminate\\Pipeline\\{closure}()
#25 /home/ahmad/Downloads/ishs/vendor/laravel/framework/src/Illuminate/Foundation/Http/Middleware/ConvertEmptyStringsToNull.php(31): Illuminate\\Foundation\\Http\\Middleware\\TransformsRequest->handle()
#26 /home/ahmad/Downloads/ishs/vendor/laravel/framework/src/Illuminate/Pipeline/Pipeline.php(183): Illuminate\\Foundation\\Http\\Middleware\\ConvertEmptyStringsToNull->handle()
#27 /home/ahmad/Downloads/ishs/vendor/laravel/framework/src/Illuminate/Foundation/Http/Middleware/TransformsRequest.php(21): Illuminate\\Pipeline\\Pipeline->Illuminate\\Pipeline\\{closure}()
#28 /home/ahmad/Downloads/ishs/vendor/laravel/framework/src/Illuminate/Foundation/Http/Middleware/TrimStrings.php(40): Illuminate\\Foundation\\Http\\Middleware\\TransformsRequest->handle()
#29 /home/ahmad/Downloads/ishs/vendor/laravel/framework/src/Illuminate/Pipeline/Pipeline.php(183): Illuminate\\Foundation\\Http\\Middleware\\TrimStrings->handle()
#30 /home/ahmad/Downloads/ishs/vendor/laravel/framework/src/Illuminate/Foundation/Http/Middleware/ValidatePostSize.php(27): Illuminate\\Pipeline\\Pipeline->Illuminate\\Pipeline\\{closure}()
#31 /home/ahmad/Downloads/ishs/vendor/laravel/framework/src/Illuminate/Pipeline/Pipeline.php(183): Illuminate\\Foundation\\Http\\Middleware\\ValidatePostSize->handle()
#32 /home/ahmad/Downloads/ishs/vendor/laravel/framework/src/Illuminate/Foundation/Http/Middleware/PreventRequestsDuringMaintenance.php(99): Illuminate\\Pipeline\\Pipeline->Illuminate\\Pipeline\\{closure}()
#33 /home/ahmad/Downloads/ishs/vendor/laravel/framework/src/Illuminate/Pipeline/Pipeline.php(183): Illuminate\\Foundation\\Http\\Middleware\\PreventRequestsDuringMaintenance->handle()
#34 /home/ahmad/Downloads/ishs/vendor/laravel/framework/src/Illuminate/Http/Middleware/HandleCors.php(49): Illuminate\\Pipeline\\Pipeline->Illuminate\\Pipeline\\{closure}()
#35 /home/ahmad/Downloads/ishs/vendor/laravel/framework/src/Illuminate/Pipeline/Pipeline.php(183): Illuminate\\Http\\Middleware\\HandleCors->handle()
#36 /home/ahmad/Downloads/ishs/vendor/laravel/framework/src/Illuminate/Http/Middleware/TrustProxies.php(39): Illuminate\\Pipeline\\Pipeline->Illuminate\\Pipeline\\{closure}()
#37 /home/ahmad/Downloads/ishs/vendor/laravel/framework/src/Illuminate/Pipeline/Pipeline.php(183): Illuminate\\Http\\Middleware\\TrustProxies->handle()
#38 /home/ahmad/Downloads/ishs/vendor/laravel/framework/src/Illuminate/Pipeline/Pipeline.php(119): Illuminate\\Pipeline\\Pipeline->Illuminate\\Pipeline\\{closure}()
#39 /home/ahmad/Downloads/ishs/vendor/laravel/framework/src/Illuminate/Foundation/Http/Kernel.php(175): Illuminate\\Pipeline\\Pipeline->then()
#40 /home/ahmad/Downloads/ishs/vendor/laravel/framework/src/Illuminate/Foundation/Http/Kernel.php(144): Illuminate\\Foundation\\Http\\Kernel->sendRequestThroughRouter()
#41 /home/ahmad/Downloads/ishs/public/index.php(51): Illuminate\\Foundation\\Http\\Kernel->handle()
#42 /home/ahmad/Downloads/ishs/vendor/laravel/framework/src/Illuminate/Foundation/resources/server.php(16): require_once('...')
#43 {main}
"} 
[2026-02-27 07:48:10] laravel.EMERGENCY: Unable to create configured logger. Using emergency logger. {"exception":"[object] (InvalidArgumentException(code: 0): Log [] is not defined. at /home/ahmad/Downloads/ishs/vendor/laravel/framework/src/Illuminate/Log/LogManager.php:212)
[stacktrace]
#0 /home/ahmad/Downloads/ishs/vendor/laravel/framework/src/Illuminate/Log/LogManager.php(137): Illuminate\\Log\\LogManager->resolve()
#1 /home/ahmad/Downloads/ishs/vendor/laravel/framework/src/Illuminate/Log/LogManager.php(124): Illuminate\\Log\\LogManager->get()
#2 /home/ahmad/Downloads/ishs/vendor/laravel/framework/src/Illuminate/Log/LogManager.php(681): Illuminate\\Log\\LogManager->driver()
#3 /home/ahmad/Downloads/ishs/vendor/laravel/framework/src/Illuminate/Foundation/Exceptions/Handler.php(317): Illuminate\\Log\\LogManager->error()
#4 /home/ahmad/Downloads/ishs/vendor/laravel/framework/src/Illuminate/Foundation/Exceptions/Handler.php(278): Illuminate\\Foundation\\Exceptions\\Handler->reportThrowable()
#5 /home/ahmad/Downloads/ishs/vendor/laravel/framework/src/Illuminate/Foundation/Bootstrap/HandleExceptions.php(183): Illuminate\\Foundation\\Exceptions\\Handler->report()
#6 /home/ahmad/Downloads/ishs/vendor/laravel/framework/src/Illuminate/Foundation/Bootstrap/HandleExceptions.php(255): Illuminate\\Foundation\\Bootstrap\\HandleExceptions->handleException()
#7 [internal function]: Illuminate\\Foundation\\Bootstrap\\HandleExceptions->Illuminate\\Foundation\\Bootstrap\\{closure}()
#8 {main}
"} 
[2026-02-27 07:48:10] laravel.ERROR: Trying to access array offset on value of type null {"exception":"[object] (ErrorException(code: 0): Trying to access array offset on value of type null at /home/ahmad/Downloads/ishs/vendor/laravel/framework/src/Illuminate/Cookie/CookieServiceProvider.php:20)
[stacktrace]
#0 /home/ahmad/Downloads/ishs/vendor/laravel/framework/src/Illuminate/Foundation/Bootstrap/HandleExceptions.php(255): Illuminate\\Foundation\\Bootstrap\\HandleExceptions->handleError()
#1 /home/ahmad/Downloads/ishs/vendor/laravel/framework/src/Illuminate/Cookie/CookieServiceProvider.php(20): Illuminate\\Foundation\\Bootstrap\\HandleExceptions->Illuminate\\Foundation\\Bootstrap\\{closure}()
#2 /home/ahmad/Downloads/ishs/vendor/laravel/framework/src/Illuminate/Container/Container.php(908): Illuminate\\Cookie\\CookieServiceProvider->Illuminate\\Cookie\\{closure}()
#3 /home/ahmad/Downloads/ishs/vendor/laravel/framework/src/Illuminate/Container/Container.php(795): Illuminate\\Container\\Container->build()
#4 /home/ahmad/Downloads/ishs/vendor/laravel/framework/src/Illuminate/Foundation/Application.php(986): Illuminate\\Container\\Container->resolve()
#5 /home/ahmad/Downloads/ishs/vendor/laravel/framework/src/Illuminate/Container/Container.php(731): Illuminate\\Foundation\\Application->resolve()
#6 /home/ahmad/Downloads/ishs/vendor/laravel/framework/src/Illuminate/Foundation/Application.php(971): Illuminate\\Container\\Container->make()
#7 /home/ahmad/Downloads/ishs/vendor/laravel/framework/src/Illuminate/Container/Container.php(1066): Illuminate\\Foundation\\Application->make()
#8 /home/ahmad/Downloads/ishs/vendor/laravel/framework/src/Illuminate/Container/Container.php(982): Illuminate\\Container\\Container->resolveClass()
#9 /home/ahmad/Downloads/ishs/vendor/laravel/framework/src/Illuminate/Container/Container.php(943): Illuminate\\Container\\Container->resolveDependencies()
#10 /home/ahmad/Downloads/ishs/vendor/laravel/framework/src/Illuminate/Container/Container.php(795): Illuminate\\Container\\Container->build()
#11 /home/ahmad/Downloads/ishs/vendor/laravel/framework/src/Illuminate/Foundation/Application.php(986): Illuminate\\Container\\Container->resolve()
#12 /home/ahmad/Downloads/ishs/vendor/laravel/framework/src/Illuminate/Container/Container.php(731): Illuminate\\Foundation\\Application->resolve()
#13 /home/ahmad/Downloads/ishs/vendor/laravel/framework/src/Illuminate/Foundation/Application.php(971): Illuminate\\Container\\Container->make()
#14 /home/ahmad/Downloads/ishs/vendor/laravel/framework/src/Illuminate/Foundation/Http/Kernel.php(255): Illuminate\\Foundation\\Application->make()
#15 /home/ahmad/Downloads/ishs/vendor/laravel/framework/src/Illuminate/Foundation/Http/Kernel.php(213): Illuminate\\Foundation\\Http\\Kernel->terminateMiddleware()
#16 /home/ahmad/Downloads/ishs/public/index.php(55): Illuminate\\Foundation\\Http\\Kernel->terminate()
#17 /home/ahmad/Downloads/ishs/vendor/laravel/framework/src/Illuminate/Foundation/resources/server.php(16): require_once('...')
#18 {main}
"} 
[2026-02-27 07:48:10] laravel.EMERGENCY: Unable to create configured logger. Using emergency logger. {"exception":"[object] (InvalidArgumentException(code: 0): Log [] is not defined. at /home/ahmad/Downloads/ishs/vendor/laravel/framework/src/Illuminate/Log/LogManager.php:212)
[stacktrace]
#0 /home/ahmad/Downloads/ishs/vendor/laravel/framework/src/Illuminate/Log/LogManager.php(137): Illuminate\\Log\\LogManager->resolve()
#1 /home/ahmad/Downloads/ishs/vendor/laravel/framework/src/Illuminate/Log/LogManager.php(124): Illuminate\\Log\\LogManager->get()
#2 /home/ahmad/Downloads/ishs/vendor/laravel/framework/src/Illuminate/Log/LogManager.php(681): Illuminate\\Log\\LogManager->driver()
#3 /home/ahmad/Downloads/ishs/vendor/laravel/framework/src/Illuminate/Foundation/Exceptions/Handler.php(317): Illuminate\\Log\\LogManager->error()
#4 /home/ahmad/Downloads/ishs/vendor/laravel/framework/src/Illuminate/Foundation/Exceptions/Handler.php(278): Illuminate\\Foundation\\Exceptions\\Handler->reportThrowable()
#5 /home/ahmad/Downloads/ishs/vendor/laravel/framework/src/Illuminate/Routing/Pipeline.php(49): Illuminate\\Foundation\\Exceptions\\Handler->report()
#6 /home/ahmad/Downloads/ishs/vendor/laravel/framework/src/Illuminate/Pipeline/Pipeline.php(188): Illuminate\\Routing\\Pipeline->handleException()
#7 /home/ahmad/Downloads/ishs/vendor/laravel/framework/src/Illuminate/Cookie/Middleware/EncryptCookies.php(67): Illuminate\\Pipeline\\Pipeline->Illuminate\\Pipeline\\{closure}()
#8 /home/ahmad/Downloads/ishs/vendor/laravel/framework/src/Illuminate/Pipeline/Pipeline.php(183): Illuminate\\Cookie\\Middleware\\EncryptCookies->handle()
#9 /home/ahmad/Downloads/ishs/vendor/laravel/framework/src/Illuminate/Pipeline/Pipeline.php(119): Illuminate\\Pipeline\\Pipeline->Illuminate\\Pipeline\\{closure}()
#10 /home/ahmad/Downloads/ishs/vendor/laravel/framework/src/Illuminate/Routing/Router.php(805): Illuminate\\Pipeline\\Pipeline->then()
#11 /home/ahmad/Downloads/ishs/vendor/laravel/framework/src/Illuminate/Routing/Router.php(784): Illuminate\\Routing\\Router->runRouteWithinStack()
#12 /home/ahmad/Downloads/ishs/vendor/laravel/framework/src/Illuminate/Routing/Router.php(748): Illuminate\\Routing\\Router->runRoute()
#13 /home/ahmad/Downloads/ishs/vendor/laravel/framework/src/Illuminate/Routing/Router.php(737): Illuminate\\Routing\\Router->dispatchToRoute()
#14 /home/ahmad/Downloads/ishs/vendor/laravel/framework/src/Illuminate/Foundation/Http/Kernel.php(200): Illuminate\\Routing\\Router->dispatch()
#15 /home/ahmad/Downloads/ishs/vendor/laravel/framework/src/Illuminate/Pipeline/Pipeline.php(144): Illuminate\\Foundation\\Http\\Kernel->Illuminate\\Foundation\\Http\\{closure}()
#16 /home/ahmad/Downloads/ishs/vendor/laravel/framework/src/Illuminate/Foundation/Http/Middleware/TransformsRequest.php(21): Illuminate\\Pipeline\\Pipeline->Illuminate\\Pipeline\\{closure}()
#17 /home/ahmad/Downloads/ishs/vendor/laravel/framework/src/Illuminate/Foundation/Http/Middleware/ConvertEmptyStringsToNull.php(31): Illuminate\\Foundation\\Http\\Middleware\\TransformsRequest->handle()
#18 /home/ahmad/Downloads/ishs/vendor/laravel/framework/src/Illuminate/Pipeline/Pipeline.php(183): Illuminate\\Foundation\\Http\\Middleware\\ConvertEmptyStringsToNull->handle()
#19 /home/ahmad/Downloads/ishs/vendor/laravel/framework/src/Illuminate/Foundation/Http/Middleware/TransformsRequest.php(21): Illuminate\\Pipeline\\Pipeline->Illuminate\\Pipeline\\{closure}()
#20 /home/ahmad/Downloads/ishs/vendor/laravel/framework/src/Illuminate/Foundation/Http/Middleware/TrimStrings.php(40): Illuminate\\Foundation\\Http\\Middleware\\TransformsRequest->handle()
#21 /home/ahmad/Downloads/ishs/vendor/laravel/framework/src/Illuminate/Pipeline/Pipeline.php(183): Illuminate\\Foundation\\Http\\Middleware\\TrimStrings->handle()
#22 /home/ahmad/Downloads/ishs/vendor/laravel/framework/src/Illuminate/Foundation/Http/Middleware/ValidatePostSize.php(27): Illuminate\\Pipeline\\Pipeline->Illuminate\\Pipeline\\{closure}()
#23 /home/ahmad/Downloads/ishs/vendor/laravel/framework/src/Illuminate/Pipeline/Pipeline.php(183): Illuminate\\Foundation\\Http\\Middleware\\ValidatePostSize->handle()
#24 /home/ahmad/Downloads/ishs/vendor/laravel/framework/src/Illuminate/Foundation/Http/Middleware/PreventRequestsDuringMaintenance.php(99): Illuminate\\Pipeline\\Pipeline->Illuminate\\Pipeline\\{closure}()
#25 /home/ahmad/Downloads/ishs/vendor/laravel/framework/src/Illuminate/Pipeline/Pipeline.php(183): Illuminate\\Foundation\\Http\\Middleware\\PreventRequestsDuringMaintenance->handle()
#26 /home/ahmad/Downloads/ishs/vendor/laravel/framework/src/Illuminate/Http/Middleware/HandleCors.php(49): Illuminate\\Pipeline\\Pipeline->Illuminate\\Pipeline\\{closure}()
#27 /home/ahmad/Downloads/ishs/vendor/laravel/framework/src/Illuminate/Pipeline/Pipeline.php(183): Illuminate\\Http\\Middleware\\HandleCors->handle()
#28 /home/ahmad/Downloads/ishs/vendor/laravel/framework/src/Illuminate/Http/Middleware/TrustProxies.php(39): Illuminate\\Pipeline\\Pipeline->Illuminate\\Pipeline\\{closure}()
#29 /home/ahmad/Downloads/ishs/vendor/laravel/framework/src/Illuminate/Pipeline/Pipeline.php(183): Illuminate\\Http\\Middleware\\TrustProxies->handle()
#30 /home/ahmad/Downloads/ishs/vendor/laravel/framework/src/Illuminate/Pipeline/Pipeline.php(119): Illuminate\\Pipeline\\Pipeline->Illuminate\\Pipeline\\{closure}()
#31 /home/ahmad/Downloads/ishs/vendor/laravel/framework/src/Illuminate/Foundation/Http/Kernel.php(175): Illuminate\\Pipeline\\Pipeline->then()
#32 /home/ahmad/Downloads/ishs/vendor/laravel/framework/src/Illuminate/Foundation/Http/Kernel.php(144): Illuminate\\Foundation\\Http\\Kernel->sendRequestThroughRouter()
#33 /home/ahmad/Downloads/ishs/public/index.php(51): Illuminate\\Foundation\\Http\\Kernel->handle()
#34 /home/ahmad/Downloads/ishs/vendor/laravel/framework/src/Illuminate/Foundation/resources/server.php(16): require_once('...')
#35 {main}
"} 
[2026-02-27 07:48:10] laravel.ERROR: Trying to access array offset on value of type null {"exception":"[object] (ErrorException(code: 0): Trying to access array offset on value of type null at /home/ahmad/Downloads/ishs/vendor/laravel/framework/src/Illuminate/Cookie/CookieServiceProvider.php:20)
[stacktrace]
#0 /home/ahmad/Downloads/ishs/vendor/laravel/framework/src/Illuminate/Foundation/Bootstrap/HandleExceptions.php(255): Illuminate\\Foundation\\Bootstrap\\HandleExceptions->handleError()
#1 /home/ahmad/Downloads/ishs/vendor/laravel/framework/src/Illuminate/Cookie/CookieServiceProvider.php(20): Illuminate\\Foundation\\Bootstrap\\HandleExceptions->Illuminate\\Foundation\\Bootstrap\\{closure}()
#2 /home/ahmad/Downloads/ishs/vendor/laravel/framework/src/Illuminate/Container/Container.php(908): Illuminate\\Cookie\\CookieServiceProvider->Illuminate\\Cookie\\{closure}()
#3 /home/ahmad/Downloads/ishs/vendor/laravel/framework/src/Illuminate/Container/Container.php(795): Illuminate\\Container\\Container->build()
#4 /home/ahmad/Downloads/ishs/vendor/laravel/framework/src/Illuminate/Foundation/Application.php(986): Illuminate\\Container\\Container->resolve()
#5 /home/ahmad/Downloads/ishs/vendor/laravel/framework/src/Illuminate/Container/Container.php(731): Illuminate\\Foundation\\Application->resolve()
#6 /home/ahmad/Downloads/ishs/vendor/laravel/framework/src/Illuminate/Foundation/Application.php(971): Illuminate\\Container\\Container->make()
#7 /home/ahmad/Downloads/ishs/vendor/laravel/framework/src/Illuminate/Container/Container.php(1066): Illuminate\\Foundation\\Application->make()
#8 /home/ahmad/Downloads/ishs/vendor/laravel/framework/src/Illuminate/Container/Container.php(982): Illuminate\\Container\\Container->resolveClass()
#9 /home/ahmad/Downloads/ishs/vendor/laravel/framework/src/Illuminate/Container/Container.php(943): Illuminate\\Container\\Container->resolveDependencies()
#10 /home/ahmad/Downloads/ishs/vendor/laravel/framework/src/Illuminate/Container/Container.php(795): Illuminate\\Container\\Container->build()
#11 /home/ahmad/Downloads/ishs/vendor/laravel/framework/src/Illuminate/Foundation/Application.php(986): Illuminate\\Container\\Container->resolve()
#12 /home/ahmad/Downloads/ishs/vendor/laravel/framework/src/Illuminate/Container/Container.php(731): Illuminate\\Foundation\\Application->resolve()
#13 /home/ahmad/Downloads/ishs/vendor/laravel/framework/src/Illuminate/Foundation/Application.php(971): Illuminate\\Container\\Container->make()
#14 /home/ahmad/Downloads/ishs/vendor/laravel/framework/src/Illuminate/Pipeline/Pipeline.php(172): Illuminate\\Foundation\\Application->make()
#15 /home/ahmad/Downloads/ishs/vendor/laravel/framework/src/Illuminate/Cookie/Middleware/EncryptCookies.php(67): Illuminate\\Pipeline\\Pipeline->Illuminate\\Pipeline\\{closure}()
#16 /home/ahmad/Downloads/ishs/vendor/laravel/framework/src/Illuminate/Pipeline/Pipeline.php(183): Illuminate\\Cookie\\Middleware\\EncryptCookies->handle()
#17 /home/ahmad/Downloads/ishs/vendor/laravel/framework/src/Illuminate/Pipeline/Pipeline.php(119): Illuminate\\Pipeline\\Pipeline->Illuminate\\Pipeline\\{closure}()
#18 /home/ahmad/Downloads/ishs/vendor/laravel/framework/src/Illuminate/Routing/Router.php(805): Illuminate\\Pipeline\\Pipeline->then()
#19 /home/ahmad/Downloads/ishs/vendor/laravel/framework/src/Illuminate/Routing/Router.php(784): Illuminate\\Routing\\Router->runRouteWithinStack()
#20 /home/ahmad/Downloads/ishs/vendor/laravel/framework/src/Illuminate/Routing/Router.php(748): Illuminate\\Routing\\Router->runRoute()
#21 /home/ahmad/Downloads/ishs/vendor/laravel/framework/src/Illuminate/Routing/Router.php(737): Illuminate\\Routing\\Router->dispatchToRoute()
#22 /home/ahmad/Downloads/ishs/vendor/laravel/framework/src/Illuminate/Foundation/Http/Kernel.php(200): Illuminate\\Routing\\Router->dispatch()
#23 /home/ahmad/Downloads/ishs/vendor/laravel/framework/src/Illuminate/Pipeline/Pipeline.php(144): Illuminate\\Foundation\\Http\\Kernel->Illuminate\\Foundation\\Http\\{closure}()
#24 /home/ahmad/Downloads/ishs/vendor/laravel/framework/src/Illuminate/Foundation/Http/Middleware/TransformsRequest.php(21): Illuminate\\Pipeline\\Pipeline->Illuminate\\Pipeline\\{closure}()
#25 /home/ahmad/Downloads/ishs/vendor/laravel/framework/src/Illuminate/Foundation/Http/Middleware/ConvertEmptyStringsToNull.php(31): Illuminate\\Foundation\\Http\\Middleware\\TransformsRequest->handle()
#26 /home/ahmad/Downloads/ishs/vendor/laravel/framework/src/Illuminate/Pipeline/Pipeline.php(183): Illuminate\\Foundation\\Http\\Middleware\\ConvertEmptyStringsToNull->handle()
#27 /home/ahmad/Downloads/ishs/vendor/laravel/framework/src/Illuminate/Foundation/Http/Middleware/TransformsRequest.php(21): Illuminate\\Pipeline\\Pipeline->Illuminate\\Pipeline\\{closure}()
#28 /home/ahmad/Downloads/ishs/vendor/laravel/framework/src/Illuminate/Foundation/Http/Middleware/TrimStrings.php(40): Illuminate\\Foundation\\Http\\Middleware\\TransformsRequest->handle()
#29 /home/ahmad/Downloads/ishs/vendor/laravel/framework/src/Illuminate/Pipeline/Pipeline.php(183): Illuminate\\Foundation\\Http\\Middleware\\TrimStrings->handle()
#30 /home/ahmad/Downloads/ishs/vendor/laravel/framework/src/Illuminate/Foundation/Http/Middleware/ValidatePostSize.php(27): Illuminate\\Pipeline\\Pipeline->Illuminate\\Pipeline\\{closure}()
#31 /home/ahmad/Downloads/ishs/vendor/laravel/framework/src/Illuminate/Pipeline/Pipeline.php(183): Illuminate\\Foundation\\Http\\Middleware\\ValidatePostSize->handle()
#32 /home/ahmad/Downloads/ishs/vendor/laravel/framework/src/Illuminate/Foundation/Http/Middleware/PreventRequestsDuringMaintenance.php(99): Illuminate\\Pipeline\\Pipeline->Illuminate\\Pipeline\\{closure}()
#33 /home/ahmad/Downloads/ishs/vendor/laravel/framework/src/Illuminate/Pipeline/Pipeline.php(183): Illuminate\\Foundation\\Http\\Middleware\\PreventRequestsDuringMaintenance->handle()
#34 /home/ahmad/Downloads/ishs/vendor/laravel/framework/src/Illuminate/Http/Middleware/HandleCors.php(49): Illuminate\\Pipeline\\Pipeline->Illuminate\\Pipeline\\{closure}()
#35 /home/ahmad/Downloads/ishs/vendor/laravel/framework/src/Illuminate/Pipeline/Pipeline.php(183): Illuminate\\Http\\Middleware\\HandleCors->handle()
#36 /home/ahmad/Downloads/ishs/vendor/laravel/framework/src/Illuminate/Http/Middleware/TrustProxies.php(39): Illuminate\\Pipeline\\Pipeline->Illuminate\\Pipeline\\{closure}()
#37 /home/ahmad/Downloads/ishs/vendor/laravel/framework/src/Illuminate/Pipeline/Pipeline.php(183): Illuminate\\Http\\Middleware\\TrustProxies->handle()
#38 /home/ahmad/Downloads/ishs/vendor/laravel/framework/src/Illuminate/Pipeline/Pipeline.php(119): Illuminate\\Pipeline\\Pipeline->Illuminate\\Pipeline\\{closure}()
#39 /home/ahmad/Downloads/ishs/vendor/laravel/framework/src/Illuminate/Foundation/Http/Kernel.php(175): Illuminate\\Pipeline\\Pipeline->then()
#40 /home/ahmad/Downloads/ishs/vendor/laravel/framework/src/Illuminate/Foundation/Http/Kernel.php(144): Illuminate\\Foundation\\Http\\Kernel->sendRequestThroughRouter()
#41 /home/ahmad/Downloads/ishs/public/index.php(51): Illuminate\\Foundation\\Http\\Kernel->handle()
#42 /home/ahmad/Downloads/ishs/vendor/laravel/framework/src/Illuminate/Foundation/resources/server.php(16): require_once('...')
#43 {main}
"} 
[2026-02-27 07:48:10] laravel.EMERGENCY: Unable to create configured logger. Using emergency logger. {"exception":"[object] (InvalidArgumentException(code: 0): Log [] is not defined. at /home/ahmad/Downloads/ishs/vendor/laravel/framework/src/Illuminate/Log/LogManager.php:212)
[stacktrace]
#0 /home/ahmad/Downloads/ishs/vendor/laravel/framework/src/Illuminate/Log/LogManager.php(137): Illuminate\\Log\\LogManager->resolve()
#1 /home/ahmad/Downloads/ishs/vendor/laravel/framework/src/Illuminate/Log/LogManager.php(124): Illuminate\\Log\\LogManager->get()
#2 /home/ahmad/Downloads/ishs/vendor/laravel/framework/src/Illuminate/Log/LogManager.php(681): Illuminate\\Log\\LogManager->driver()
#3 /home/ahmad/Downloads/ishs/vendor/laravel/framework/src/Illuminate/Foundation/Exceptions/Handler.php(317): Illuminate\\Log\\LogManager->error()
#4 /home/ahmad/Downloads/ishs/vendor/laravel/framework/src/Illuminate/Foundation/Exceptions/Handler.php(278): Illuminate\\Foundation\\Exceptions\\Handler->reportThrowable()
#5 /home/ahmad/Downloads/ishs/vendor/laravel/framework/src/Illuminate/Foundation/Bootstrap/HandleExceptions.php(183): Illuminate\\Foundation\\Exceptions\\Handler->report()
#6 /home/ahmad/Downloads/ishs/vendor/laravel/framework/src/Illuminate/Foundation/Bootstrap/HandleExceptions.php(255): Illuminate\\Foundation\\Bootstrap\\HandleExceptions->handleException()
#7 [internal function]: Illuminate\\Foundation\\Bootstrap\\HandleExceptions->Illuminate\\Foundation\\Bootstrap\\{closure}()
#8 {main}
"} 
[2026-02-27 07:48:10] laravel.ERROR: Trying to access array offset on value of type null {"exception":"[object] (ErrorException(code: 0): Trying to access array offset on value of type null at /home/ahmad/Downloads/ishs/vendor/laravel/framework/src/Illuminate/Cookie/CookieServiceProvider.php:20)
[stacktrace]
#0 /home/ahmad/Downloads/ishs/vendor/laravel/framework/src/Illuminate/Foundation/Bootstrap/HandleExceptions.php(255): Illuminate\\Foundation\\Bootstrap\\HandleExceptions->handleError()
#1 /home/ahmad/Downloads/ishs/vendor/laravel/framework/src/Illuminate/Cookie/CookieServiceProvider.php(20): Illuminate\\Foundation\\Bootstrap\\HandleExceptions->Illuminate\\Foundation\\Bootstrap\\{closure}()
#2 /home/ahmad/Downloads/ishs/vendor/laravel/framework/src/Illuminate/Container/Container.php(908): Illuminate\\Cookie\\CookieServiceProvider->Illuminate\\Cookie\\{closure}()
#3 /home/ahmad/Downloads/ishs/vendor/laravel/framework/src/Illuminate/Container/Container.php(795): Illuminate\\Container\\Container->build()
#4 /home/ahmad/Downloads/ishs/vendor/laravel/framework/src/Illuminate/Foundation/Application.php(986): Illuminate\\Container\\Container->resolve()
#5 /home/ahmad/Downloads/ishs/vendor/laravel/framework/src/Illuminate/Container/Container.php(731): Illuminate\\Foundation\\Application->resolve()
#6 /home/ahmad/Downloads/ishs/vendor/laravel/framework/src/Illuminate/Foundation/Application.php(971): Illuminate\\Container\\Container->make()
#7 /home/ahmad/Downloads/ishs/vendor/laravel/framework/src/Illuminate/Container/Container.php(1066): Illuminate\\Foundation\\Application->make()
#8 /home/ahmad/Downloads/ishs/vendor/laravel/framework/src/Illuminate/Container/Container.php(982): Illuminate\\Container\\Container->resolveClass()
#9 /home/ahmad/Downloads/ishs/vendor/laravel/framework/src/Illuminate/Container/Container.php(943): Illuminate\\Container\\Container->resolveDependencies()
#10 /home/ahmad/Downloads/ishs/vendor/laravel/framework/src/Illuminate/Container/Container.php(795): Illuminate\\Container\\Container->build()
#11 /home/ahmad/Downloads/ishs/vendor/laravel/framework/src/Illuminate/Foundation/Application.php(986): Illuminate\\Container\\Container->resolve()
#12 /home/ahmad/Downloads/ishs/vendor/laravel/framework/src/Illuminate/Container/Container.php(731): Illuminate\\Foundation\\Application->resolve()
#13 /home/ahmad/Downloads/ishs/vendor/laravel/framework/src/Illuminate/Foundation/Application.php(971): Illuminate\\Container\\Container->make()
#14 /home/ahmad/Downloads/ishs/vendor/laravel/framework/src/Illuminate/Foundation/Http/Kernel.php(255): Illuminate\\Foundation\\Application->make()
#15 /home/ahmad/Downloads/ishs/vendor/laravel/framework/src/Illuminate/Foundation/Http/Kernel.php(213): Illuminate\\Foundation\\Http\\Kernel->terminateMiddleware()
#16 /home/ahmad/Downloads/ishs/public/index.php(55): Illuminate\\Foundation\\Http\\Kernel->terminate()
#17 /home/ahmad/Downloads/ishs/vendor/laravel/framework/src/Illuminate/Foundation/resources/server.php(16): require_once('...')
#18 {main}
"} 
[2026-02-27 07:48:10] laravel.EMERGENCY: Unable to create configured logger. Using emergency logger. {"exception":"[object] (InvalidArgumentException(code: 0): Log [] is not defined. at /home/ahmad/Downloads/ishs/vendor/laravel/framework/src/Illuminate/Log/LogManager.php:212)
[stacktrace]
#0 /home/ahmad/Downloads/ishs/vendor/laravel/framework/src/Illuminate/Log/LogManager.php(137): Illuminate\\Log\\LogManager->resolve()
#1 /home/ahmad/Downloads/ishs/vendor/laravel/framework/src/Illuminate/Log/LogManager.php(124): Illuminate\\Log\\LogManager->get()
#2 /home/ahmad/Downloads/ishs/vendor/laravel/framework/src/Illuminate/Log/LogManager.php(681): Illuminate\\Log\\LogManager->driver()
#3 /home/ahmad/Downloads/ishs/vendor/laravel/framework/src/Illuminate/Foundation/Exceptions/Handler.php(317): Illuminate\\Log\\LogManager->error()
#4 /home/ahmad/Downloads/ishs/vendor/laravel/framework/src/Illuminate/Foundation/Exceptions/Handler.php(278): Illuminate\\Foundation\\Exceptions\\Handler->reportThrowable()
#5 /home/ahmad/Downloads/ishs/vendor/laravel/framework/src/Illuminate/Routing/Pipeline.php(49): Illuminate\\Foundation\\Exceptions\\Handler->report()
#6 /home/ahmad/Downloads/ishs/vendor/laravel/framework/src/Illuminate/Pipeline/Pipeline.php(188): Illuminate\\Routing\\Pipeline->handleException()
#7 /home/ahmad/Downloads/ishs/vendor/laravel/framework/src/Illuminate/Foundation/Http/Middleware/TransformsRequest.php(21): Illuminate\\Pipeline\\Pipeline->Illuminate\\Pipeline\\{closure}()
#8 /home/ahmad/Downloads/ishs/vendor/laravel/framework/src/Illuminate/Foundation/Http/Middleware/TrimStrings.php(40): Illuminate\\Foundation\\Http\\Middleware\\TransformsRequest->handle()
#9 /home/ahmad/Downloads/ishs/vendor/laravel/framework/src/Illuminate/Pipeline/Pipeline.php(183): Illuminate\\Foundation\\Http\\Middleware\\TrimStrings->handle()
#10 /home/ahmad/Downloads/ishs/vendor/laravel/framework/src/Illuminate/Foundation/Http/Middleware/ValidatePostSize.php(27): Illuminate\\Pipeline\\Pipeline->Illuminate\\Pipeline\\{closure}()
#11 /home/ahmad/Downloads/ishs/vendor/laravel/framework/src/Illuminate/Pipeline/Pipeline.php(183): Illuminate\\Foundation\\Http\\Middleware\\ValidatePostSize->handle()
#12 /home/ahmad/Downloads/ishs/vendor/laravel/framework/src/Illuminate/Foundation/Http/Middleware/PreventRequestsDuringMaintenance.php(99): Illuminate\\Pipeline\\Pipeline->Illuminate\\Pipeline\\{closure}()
#13 /home/ahmad/Downloads/ishs/vendor/laravel/framework/src/Illuminate/Pipeline/Pipeline.php(183): Illuminate\\Foundation\\Http\\Middleware\\PreventRequestsDuringMaintenance->handle()
#14 /home/ahmad/Downloads/ishs/vendor/laravel/framework/src/Illuminate/Http/Middleware/HandleCors.php(49): Illuminate\\Pipeline\\Pipeline->Illuminate\\Pipeline\\{closure}()
#15 /home/ahmad/Downloads/ishs/vendor/laravel/framework/src/Illuminate/Pipeline/Pipeline.php(183): Illuminate\\Http\\Middleware\\HandleCors->handle()
#16 /home/ahmad/Downloads/ishs/vendor/laravel/framework/src/Illuminate/Http/Middleware/TrustProxies.php(39): Illuminate\\Pipeline\\Pipeline->Illuminate\\Pipeline\\{closure}()
#17 /home/ahmad/Downloads/ishs/vendor/laravel/framework/src/Illuminate/Pipeline/Pipeline.php(183): Illuminate\\Http\\Middleware\\TrustProxies->handle()
#18 /home/ahmad/Downloads/ishs/vendor/laravel/framework/src/Illuminate/Pipeline/Pipeline.php(119): Illuminate\\Pipeline\\Pipeline->Illuminate\\Pipeline\\{closure}()
#19 /home/ahmad/Downloads/ishs/vendor/laravel/framework/src/Illuminate/Foundation/Http/Kernel.php(175): Illuminate\\Pipeline\\Pipeline->then()
#20 /home/ahmad/Downloads/ishs/vendor/laravel/framework/src/Illuminate/Foundation/Http/Kernel.php(144): Illuminate\\Foundation\\Http\\Kernel->sendRequestThroughRouter()
#21 /home/ahmad/Downloads/ishs/public/index.php(51): Illuminate\\Foundation\\Http\\Kernel->handle()
#22 /home/ahmad/Downloads/ishs/vendor/laravel/framework/src/Illuminate/Foundation/resources/server.php(16): require_once('...')
#23 {main}
"} 
[2026-02-27 07:48:10] laravel.ERROR: Unable to resolve NULL driver for [Illuminate\Session\SessionManager]. {"exception":"[object] (InvalidArgumentException(code: 0): Unable to resolve NULL driver for [Illuminate\\Session\\SessionManager]. at /home/ahmad/Downloads/ishs/vendor/laravel/framework/src/Illuminate/Support/Manager.php:71)
[stacktrace]
#0 /home/ahmad/Downloads/ishs/vendor/laravel/framework/src/Illuminate/Session/SessionServiceProvider.php(52): Illuminate\\Support\\Manager->driver()
#1 /home/ahmad/Downloads/ishs/vendor/laravel/framework/src/Illuminate/Container/Container.php(908): Illuminate\\Session\\SessionServiceProvider->Illuminate\\Session\\{closure}()
#2 /home/ahmad/Downloads/ishs/vendor/laravel/framework/src/Illuminate/Container/Container.php(795): Illuminate\\Container\\Container->build()
#3 /home/ahmad/Downloads/ishs/vendor/laravel/framework/src/Illuminate/Foundation/Application.php(986): Illuminate\\Container\\Container->resolve()
#4 /home/ahmad/Downloads/ishs/vendor/laravel/framework/src/Illuminate/Container/Container.php(731): Illuminate\\Foundation\\Application->resolve()
#5 /home/ahmad/Downloads/ishs/vendor/laravel/framework/src/Illuminate/Foundation/Application.php(971): Illuminate\\Container\\Container->make()
#6 /home/ahmad/Downloads/ishs/vendor/laravel/framework/src/Illuminate/Container/Container.php(1454): Illuminate\\Foundation\\Application->make()
#7 /home/ahmad/Downloads/ishs/vendor/laravel/framework/src/Illuminate/Routing/RoutingServiceProvider.php(120): Illuminate\\Container\\Container->offsetGet()
#8 /home/ahmad/Downloads/ishs/vendor/laravel/framework/src/Illuminate/Container/Container.php(908): Illuminate\\Routing\\RoutingServiceProvider->Illuminate\\Routing\\{closure}()
#9 /home/ahmad/Downloads/ishs/vendor/laravel/framework/src/Illuminate/Container/Container.php(795): Illuminate\\Container\\Container->build()
#10 /home/ahmad/Downloads/ishs/vendor/laravel/framework/src/Illuminate/Foundation/Application.php(986): Illuminate\\Container\\Container->resolve()
#11 /home/ahmad/Downloads/ishs/vendor/laravel/framework/src/Illuminate/Container/Container.php(731): Illuminate\\Foundation\\Application->resolve()
#12 /home/ahmad/Downloads/ishs/vendor/laravel/framework/src/Illuminate/Foundation/Application.php(971): Illuminate\\Container\\Container->make()
#13 /home/ahmad/Downloads/ishs/vendor/laravel/framework/src/Illuminate/Container/Container.php(1454): Illuminate\\Foundation\\Application->make()
#14 /home/ahmad/Downloads/ishs/vendor/laravel/framework/src/Illuminate/Routing/RoutingServiceProvider.php(182): Illuminate\\Container\\Container->offsetGet()
#15 /home/ahmad/Downloads/ishs/vendor/laravel/framework/src/Illuminate/Container/Container.php(908): Illuminate\\Routing\\RoutingServiceProvider->Illuminate\\Routing\\{closure}()
#16 /home/ahmad/Downloads/ishs/vendor/laravel/framework/src/Illuminate/Container/Container.php(795): Illuminate\\Container\\Container->build()
#17 /home/ahmad/Downloads/ishs/vendor/laravel/framework/src/Illuminate/Foundation/Application.php(986): Illuminate\\Container\\Container->resolve()
#18 /home/ahmad/Downloads/ishs/vendor/laravel/framework/src/Illuminate/Container/Container.php(731): Illuminate\\Foundation\\Application->resolve()
#19 /home/ahmad/Downloads/ishs/vendor/laravel/framework/src/Illuminate/Foundation/Application.php(971): Illuminate\\Container\\Container->make()
#20 /home/ahmad/Downloads/ishs/vendor/laravel/framework/src/Illuminate/Foundation/helpers.php(120): Illuminate\\Foundation\\Application->make()
#21 /home/ahmad/Downloads/ishs/vendor/laravel/framework/src/Illuminate/Foundation/helpers.php(790): app()
#22 /home/ahmad/Downloads/ishs/vendor/laravel/framework/src/Illuminate/Foundation/Exceptions/Handler.php(723): response()
#23 /home/ahmad/Downloads/ishs/vendor/laravel/framework/src/Illuminate/Foundation/Exceptions/Handler.php(650): Illuminate\\Foundation\\Exceptions\\Handler->renderHttpException()
#24 /home/ahmad/Downloads/ishs/vendor/laravel/framework/src/Illuminate/Foundation/Exceptions/Handler.php(556): Illuminate\\Foundation\\Exceptions\\Handler->prepareResponse()
#25 /home/ahmad/Downloads/ishs/vendor/laravel/framework/src/Illuminate/Foundation/Exceptions/Handler.php(473): Illuminate\\Foundation\\Exceptions\\Handler->renderExceptionResponse()
#26 /home/ahmad/Downloads/ishs/vendor/laravel/framework/src/Illuminate/Routing/Pipeline.php(51): Illuminate\\Foundation\\Exceptions\\Handler->render()
#27 /home/ahmad/Downloads/ishs/vendor/laravel/framework/src/Illuminate/Pipeline/Pipeline.php(146): Illuminate\\Routing\\Pipeline->handleException()
#28 /home/ahmad/Downloads/ishs/vendor/laravel/framework/src/Illuminate/Foundation/Http/Middleware/TransformsRequest.php(21): Illuminate\\Pipeline\\Pipeline->Illuminate\\Pipeline\\{closure}()
#29 /home/ahmad/Downloads/ishs/vendor/laravel/framework/src/Illuminate/Foundation/Http/Middleware/ConvertEmptyStringsToNull.php(31): Illuminate\\Foundation\\Http\\Middleware\\TransformsRequest->handle()
#30 /home/ahmad/Downloads/ishs/vendor/laravel/framework/src/Illuminate/Pipeline/Pipeline.php(183): Illuminate\\Foundation\\Http\\Middleware\\ConvertEmptyStringsToNull->handle()
#31 /home/ahmad/Downloads/ishs/vendor/laravel/framework/src/Illuminate/Foundation/Http/Middleware/TransformsRequest.php(21): Illuminate\\Pipeline\\Pipeline->Illuminate\\Pipeline\\{closure}()
#32 /home/ahmad/Downloads/ishs/vendor/laravel/framework/src/Illuminate/Foundation/Http/Middleware/TrimStrings.php(40): Illuminate\\Foundation\\Http\\Middleware\\TransformsRequest->handle()
#33 /home/ahmad/Downloads/ishs/vendor/laravel/framework/src/Illuminate/Pipeline/Pipeline.php(183): Illuminate\\Foundation\\Http\\Middleware\\TrimStrings->handle()
#34 /home/ahmad/Downloads/ishs/vendor/laravel/framework/src/Illuminate/Foundation/Http/Middleware/ValidatePostSize.php(27): Illuminate\\Pipeline\\Pipeline->Illuminate\\Pipeline\\{closure}()
#35 /home/ahmad/Downloads/ishs/vendor/laravel/framework/src/Illuminate/Pipeline/Pipeline.php(183): Illuminate\\Foundation\\Http\\Middleware\\ValidatePostSize->handle()
#36 /home/ahmad/Downloads/ishs/vendor/laravel/framework/src/Illuminate/Foundation/Http/Middleware/PreventRequestsDuringMaintenance.php(99): Illuminate\\Pipeline\\Pipeline->Illuminate\\Pipeline\\{closure}()
#37 /home/ahmad/Downloads/ishs/vendor/laravel/framework/src/Illuminate/Pipeline/Pipeline.php(183): Illuminate\\Foundation\\Http\\Middleware\\PreventRequestsDuringMaintenance->handle()
#38 /home/ahmad/Downloads/ishs/vendor/laravel/framework/src/Illuminate/Http/Middleware/HandleCors.php(49): Illuminate\\Pipeline\\Pipeline->Illuminate\\Pipeline\\{closure}()
#39 /home/ahmad/Downloads/ishs/vendor/laravel/framework/src/Illuminate/Pipeline/Pipeline.php(183): Illuminate\\Http\\Middleware\\HandleCors->handle()
#40 /home/ahmad/Downloads/ishs/vendor/laravel/framework/src/Illuminate/Http/Middleware/TrustProxies.php(39): Illuminate\\Pipeline\\Pipeline->Illuminate\\Pipeline\\{closure}()
#41 /home/ahmad/Downloads/ishs/vendor/laravel/framework/src/Illuminate/Pipeline/Pipeline.php(183): Illuminate\\Http\\Middleware\\TrustProxies->handle()
#42 /home/ahmad/Downloads/ishs/vendor/laravel/framework/src/Illuminate/Pipeline/Pipeline.php(119): Illuminate\\Pipeline\\Pipeline->Illuminate\\Pipeline\\{closure}()
#43 /home/ahmad/Downloads/ishs/vendor/laravel/framework/src/Illuminate/Foundation/Http/Kernel.php(175): Illuminate\\Pipeline\\Pipeline->then()
#44 /home/ahmad/Downloads/ishs/vendor/laravel/framework/src/Illuminate/Foundation/Http/Kernel.php(144): Illuminate\\Foundation\\Http\\Kernel->sendRequestThroughRouter()
#45 /home/ahmad/Downloads/ishs/public/index.php(51): Illuminate\\Foundation\\Http\\Kernel->handle()
#46 /home/ahmad/Downloads/ishs/vendor/laravel/framework/src/Illuminate/Foundation/resources/server.php(16): require_once('...')
#47 {main}
"} 
[2026-02-27 07:48:23] laravel.EMERGENCY: Unable to create configured logger. Using emergency logger. {"exception":"[object] (InvalidArgumentException(code: 0): Log [] is not defined. at /home/ahmad/Downloads/ishs/vendor/laravel/framework/src/Illuminate/Log/LogManager.php:212)
[stacktrace]
#0 /home/ahmad/Downloads/ishs/vendor/laravel/framework/src/Illuminate/Log/LogManager.php(137): Illuminate\\Log\\LogManager->resolve()
#1 /home/ahmad/Downloads/ishs/vendor/laravel/framework/src/Illuminate/Log/LogManager.php(124): Illuminate\\Log\\LogManager->get()
#2 /home/ahmad/Downloads/ishs/vendor/laravel/framework/src/Illuminate/Log/LogManager.php(681): Illuminate\\Log\\LogManager->driver()
#3 /home/ahmad/Downloads/ishs/vendor/laravel/framework/src/Illuminate/Foundation/Exceptions/Handler.php(317): Illuminate\\Log\\LogManager->error()
#4 /home/ahmad/Downloads/ishs/vendor/laravel/framework/src/Illuminate/Foundation/Exceptions/Handler.php(278): Illuminate\\Foundation\\Exceptions\\Handler->reportThrowable()
#5 /home/ahmad/Downloads/ishs/vendor/laravel/framework/src/Illuminate/Routing/Pipeline.php(49): Illuminate\\Foundation\\Exceptions\\Handler->report()
#6 /home/ahmad/Downloads/ishs/vendor/laravel/framework/src/Illuminate/Pipeline/Pipeline.php(188): Illuminate\\Routing\\Pipeline->handleException()
#7 /home/ahmad/Downloads/ishs/vendor/laravel/framework/src/Illuminate/Cookie/Middleware/EncryptCookies.php(67): Illuminate\\Pipeline\\Pipeline->Illuminate\\Pipeline\\{closure}()
#8 /home/ahmad/Downloads/ishs/vendor/laravel/framework/src/Illuminate/Pipeline/Pipeline.php(183): Illuminate\\Cookie\\Middleware\\EncryptCookies->handle()
#9 /home/ahmad/Downloads/ishs/vendor/laravel/framework/src/Illuminate/Pipeline/Pipeline.php(119): Illuminate\\Pipeline\\Pipeline->Illuminate\\Pipeline\\{closure}()
#10 /home/ahmad/Downloads/ishs/vendor/laravel/framework/src/Illuminate/Routing/Router.php(805): Illuminate\\Pipeline\\Pipeline->then()
#11 /home/ahmad/Downloads/ishs/vendor/laravel/framework/src/Illuminate/Routing/Router.php(784): Illuminate\\Routing\\Router->runRouteWithinStack()
#12 /home/ahmad/Downloads/ishs/vendor/laravel/framework/src/Illuminate/Routing/Router.php(748): Illuminate\\Routing\\Router->runRoute()
#13 /home/ahmad/Downloads/ishs/vendor/laravel/framework/src/Illuminate/Routing/Router.php(737): Illuminate\\Routing\\Router->dispatchToRoute()
#14 /home/ahmad/Downloads/ishs/vendor/laravel/framework/src/Illuminate/Foundation/Http/Kernel.php(200): Illuminate\\Routing\\Router->dispatch()
#15 /home/ahmad/Downloads/ishs/vendor/laravel/framework/src/Illuminate/Pipeline/Pipeline.php(144): Illuminate\\Foundation\\Http\\Kernel->Illuminate\\Foundation\\Http\\{closure}()
#16 /home/ahmad/Downloads/ishs/vendor/laravel/framework/src/Illuminate/Foundation/Http/Middleware/TransformsRequest.php(21): Illuminate\\Pipeline\\Pipeline->Illuminate\\Pipeline\\{closure}()
#17 /home/ahmad/Downloads/ishs/vendor/laravel/framework/src/Illuminate/Foundation/Http/Middleware/ConvertEmptyStringsToNull.php(31): Illuminate\\Foundation\\Http\\Middleware\\TransformsRequest->handle()
#18 /home/ahmad/Downloads/ishs/vendor/laravel/framework/src/Illuminate/Pipeline/Pipeline.php(183): Illuminate\\Foundation\\Http\\Middleware\\ConvertEmptyStringsToNull->handle()
#19 /home/ahmad/Downloads/ishs/vendor/laravel/framework/src/Illuminate/Foundation/Http/Middleware/TransformsRequest.php(21): Illuminate\\Pipeline\\Pipeline->Illuminate\\Pipeline\\{closure}()
#20 /home/ahmad/Downloads/ishs/vendor/laravel/framework/src/Illuminate/Foundation/Http/Middleware/TrimStrings.php(40): Illuminate\\Foundation\\Http\\Middleware\\TransformsRequest->handle()
#21 /home/ahmad/Downloads/ishs/vendor/laravel/framework/src/Illuminate/Pipeline/Pipeline.php(183): Illuminate\\Foundation\\Http\\Middleware\\TrimStrings->handle()
#22 /home/ahmad/Downloads/ishs/vendor/laravel/framework/src/Illuminate/Foundation/Http/Middleware/ValidatePostSize.php(27): Illuminate\\Pipeline\\Pipeline->Illuminate\\Pipeline\\{closure}()
#23 /home/ahmad/Downloads/ishs/vendor/laravel/framework/src/Illuminate/Pipeline/Pipeline.php(183): Illuminate\\Foundation\\Http\\Middleware\\ValidatePostSize->handle()
#24 /home/ahmad/Downloads/ishs/vendor/laravel/framework/src/Illuminate/Foundation/Http/Middleware/PreventRequestsDuringMaintenance.php(99): Illuminate\\Pipeline\\Pipeline->Illuminate\\Pipeline\\{closure}()
#25 /home/ahmad/Downloads/ishs/vendor/laravel/framework/src/Illuminate/Pipeline/Pipeline.php(183): Illuminate\\Foundation\\Http\\Middleware\\PreventRequestsDuringMaintenance->handle()
#26 /home/ahmad/Downloads/ishs/vendor/laravel/framework/src/Illuminate/Http/Middleware/HandleCors.php(49): Illuminate\\Pipeline\\Pipeline->Illuminate\\Pipeline\\{closure}()
#27 /home/ahmad/Downloads/ishs/vendor/laravel/framework/src/Illuminate/Pipeline/Pipeline.php(183): Illuminate\\Http\\Middleware\\HandleCors->handle()
#28 /home/ahmad/Downloads/ishs/vendor/laravel/framework/src/Illuminate/Http/Middleware/TrustProxies.php(39): Illuminate\\Pipeline\\Pipeline->Illuminate\\Pipeline\\{closure}()
#29 /home/ahmad/Downloads/ishs/vendor/laravel/framework/src/Illuminate/Pipeline/Pipeline.php(183): Illuminate\\Http\\Middleware\\TrustProxies->handle()
#30 /home/ahmad/Downloads/ishs/vendor/laravel/framework/src/Illuminate/Pipeline/Pipeline.php(119): Illuminate\\Pipeline\\Pipeline->Illuminate\\Pipeline\\{closure}()
#31 /home/ahmad/Downloads/ishs/vendor/laravel/framework/src/Illuminate/Foundation/Http/Kernel.php(175): Illuminate\\Pipeline\\Pipeline->then()
#32 /home/ahmad/Downloads/ishs/vendor/laravel/framework/src/Illuminate/Foundation/Http/Kernel.php(144): Illuminate\\Foundation\\Http\\Kernel->sendRequestThroughRouter()
#33 /home/ahmad/Downloads/ishs/public/index.php(51): Illuminate\\Foundation\\Http\\Kernel->handle()
#34 /home/ahmad/Downloads/ishs/vendor/laravel/framework/src/Illuminate/Foundation/resources/server.php(16): require_once('...')
#35 {main}
"} 
[2026-02-27 07:48:23] laravel.ERROR: Trying to access array offset on value of type null {"exception":"[object] (ErrorException(code: 0): Trying to access array offset on value of type null at /home/ahmad/Downloads/ishs/vendor/laravel/framework/src/Illuminate/Cookie/CookieServiceProvider.php:20)
[stacktrace]
#0 /home/ahmad/Downloads/ishs/vendor/laravel/framework/src/Illuminate/Foundation/Bootstrap/HandleExceptions.php(255): Illuminate\\Foundation\\Bootstrap\\HandleExceptions->handleError()
#1 /home/ahmad/Downloads/ishs/vendor/laravel/framework/src/Illuminate/Cookie/CookieServiceProvider.php(20): Illuminate\\Foundation\\Bootstrap\\HandleExceptions->Illuminate\\Foundation\\Bootstrap\\{closure}()
#2 /home/ahmad/Downloads/ishs/vendor/laravel/framework/src/Illuminate/Container/Container.php(908): Illuminate\\Cookie\\CookieServiceProvider->Illuminate\\Cookie\\{closure}()
#3 /home/ahmad/Downloads/ishs/vendor/laravel/framework/src/Illuminate/Container/Container.php(795): Illuminate\\Container\\Container->build()
#4 /home/ahmad/Downloads/ishs/vendor/laravel/framework/src/Illuminate/Foundation/Application.php(986): Illuminate\\Container\\Container->resolve()
#5 /home/ahmad/Downloads/ishs/vendor/laravel/framework/src/Illuminate/Container/Container.php(731): Illuminate\\Foundation\\Application->resolve()
#6 /home/ahmad/Downloads/ishs/vendor/laravel/framework/src/Illuminate/Foundation/Application.php(971): Illuminate\\Container\\Container->make()
#7 /home/ahmad/Downloads/ishs/vendor/laravel/framework/src/Illuminate/Container/Container.php(1066): Illuminate\\Foundation\\Application->make()
#8 /home/ahmad/Downloads/ishs/vendor/laravel/framework/src/Illuminate/Container/Container.php(982): Illuminate\\Container\\Container->resolveClass()
#9 /home/ahmad/Downloads/ishs/vendor/laravel/framework/src/Illuminate/Container/Container.php(943): Illuminate\\Container\\Container->resolveDependencies()
#10 /home/ahmad/Downloads/ishs/vendor/laravel/framework/src/Illuminate/Container/Container.php(795): Illuminate\\Container\\Container->build()
#11 /home/ahmad/Downloads/ishs/vendor/laravel/framework/src/Illuminate/Foundation/Application.php(986): Illuminate\\Container\\Container->resolve()
#12 /home/ahmad/Downloads/ishs/vendor/laravel/framework/src/Illuminate/Container/Container.php(731): Illuminate\\Foundation\\Application->resolve()
#13 /home/ahmad/Downloads/ishs/vendor/laravel/framework/src/Illuminate/Foundation/Application.php(971): Illuminate\\Container\\Container->make()
#14 /home/ahmad/Downloads/ishs/vendor/laravel/framework/src/Illuminate/Pipeline/Pipeline.php(172): Illuminate\\Foundation\\Application->make()
#15 /home/ahmad/Downloads/ishs/vendor/laravel/framework/src/Illuminate/Cookie/Middleware/EncryptCookies.php(67): Illuminate\\Pipeline\\Pipeline->Illuminate\\Pipeline\\{closure}()
#16 /home/ahmad/Downloads/ishs/vendor/laravel/framework/src/Illuminate/Pipeline/Pipeline.php(183): Illuminate\\Cookie\\Middleware\\EncryptCookies->handle()
#17 /home/ahmad/Downloads/ishs/vendor/laravel/framework/src/Illuminate/Pipeline/Pipeline.php(119): Illuminate\\Pipeline\\Pipeline->Illuminate\\Pipeline\\{closure}()
#18 /home/ahmad/Downloads/ishs/vendor/laravel/framework/src/Illuminate/Routing/Router.php(805): Illuminate\\Pipeline\\Pipeline->then()
#19 /home/ahmad/Downloads/ishs/vendor/laravel/framework/src/Illuminate/Routing/Router.php(784): Illuminate\\Routing\\Router->runRouteWithinStack()
#20 /home/ahmad/Downloads/ishs/vendor/laravel/framework/src/Illuminate/Routing/Router.php(748): Illuminate\\Routing\\Router->runRoute()
#21 /home/ahmad/Downloads/ishs/vendor/laravel/framework/src/Illuminate/Routing/Router.php(737): Illuminate\\Routing\\Router->dispatchToRoute()
#22 /home/ahmad/Downloads/ishs/vendor/laravel/framework/src/Illuminate/Foundation/Http/Kernel.php(200): Illuminate\\Routing\\Router->dispatch()
#23 /home/ahmad/Downloads/ishs/vendor/laravel/framework/src/Illuminate/Pipeline/Pipeline.php(144): Illuminate\\Foundation\\Http\\Kernel->Illuminate\\Foundation\\Http\\{closure}()
#24 /home/ahmad/Downloads/ishs/vendor/laravel/framework/src/Illuminate/Foundation/Http/Middleware/TransformsRequest.php(21): Illuminate\\Pipeline\\Pipeline->Illuminate\\Pipeline\\{closure}()
#25 /home/ahmad/Downloads/ishs/vendor/laravel/framework/src/Illuminate/Foundation/Http/Middleware/ConvertEmptyStringsToNull.php(31): Illuminate\\Foundation\\Http\\Middleware\\TransformsRequest->handle()
#26 /home/ahmad/Downloads/ishs/vendor/laravel/framework/src/Illuminate/Pipeline/Pipeline.php(183): Illuminate\\Foundation\\Http\\Middleware\\ConvertEmptyStringsToNull->handle()
#27 /home/ahmad/Downloads/ishs/vendor/laravel/framework/src/Illuminate/Foundation/Http/Middleware/TransformsRequest.php(21): Illuminate\\Pipeline\\Pipeline->Illuminate\\Pipeline\\{closure}()
#28 /home/ahmad/Downloads/ishs/vendor/laravel/framework/src/Illuminate/Foundation/Http/Middleware/TrimStrings.php(40): Illuminate\\Foundation\\Http\\Middleware\\TransformsRequest->handle()
#29 /home/ahmad/Downloads/ishs/vendor/laravel/framework/src/Illuminate/Pipeline/Pipeline.php(183): Illuminate\\Foundation\\Http\\Middleware\\TrimStrings->handle()
#30 /home/ahmad/Downloads/ishs/vendor/laravel/framework/src/Illuminate/Foundation/Http/Middleware/ValidatePostSize.php(27): Illuminate\\Pipeline\\Pipeline->Illuminate\\Pipeline\\{closure}()
#31 /home/ahmad/Downloads/ishs/vendor/laravel/framework/src/Illuminate/Pipeline/Pipeline.php(183): Illuminate\\Foundation\\Http\\Middleware\\ValidatePostSize->handle()
#32 /home/ahmad/Downloads/ishs/vendor/laravel/framework/src/Illuminate/Foundation/Http/Middleware/PreventRequestsDuringMaintenance.php(99): Illuminate\\Pipeline\\Pipeline->Illuminate\\Pipeline\\{closure}()
#33 /home/ahmad/Downloads/ishs/vendor/laravel/framework/src/Illuminate/Pipeline/Pipeline.php(183): Illuminate\\Foundation\\Http\\Middleware\\PreventRequestsDuringMaintenance->handle()
#34 /home/ahmad/Downloads/ishs/vendor/laravel/framework/src/Illuminate/Http/Middleware/HandleCors.php(49): Illuminate\\Pipeline\\Pipeline->Illuminate\\Pipeline\\{closure}()
#35 /home/ahmad/Downloads/ishs/vendor/laravel/framework/src/Illuminate/Pipeline/Pipeline.php(183): Illuminate\\Http\\Middleware\\HandleCors->handle()
#36 /home/ahmad/Downloads/ishs/vendor/laravel/framework/src/Illuminate/Http/Middleware/TrustProxies.php(39): Illuminate\\Pipeline\\Pipeline->Illuminate\\Pipeline\\{closure}()
#37 /home/ahmad/Downloads/ishs/vendor/laravel/framework/src/Illuminate/Pipeline/Pipeline.php(183): Illuminate\\Http\\Middleware\\TrustProxies->handle()
#38 /home/ahmad/Downloads/ishs/vendor/laravel/framework/src/Illuminate/Pipeline/Pipeline.php(119): Illuminate\\Pipeline\\Pipeline->Illuminate\\Pipeline\\{closure}()
#39 /home/ahmad/Downloads/ishs/vendor/laravel/framework/src/Illuminate/Foundation/Http/Kernel.php(175): Illuminate\\Pipeline\\Pipeline->then()
#40 /home/ahmad/Downloads/ishs/vendor/laravel/framework/src/Illuminate/Foundation/Http/Kernel.php(144): Illuminate\\Foundation\\Http\\Kernel->sendRequestThroughRouter()
#41 /home/ahmad/Downloads/ishs/public/index.php(51): Illuminate\\Foundation\\Http\\Kernel->handle()
#42 /home/ahmad/Downloads/ishs/vendor/laravel/framework/src/Illuminate/Foundation/resources/server.php(16): require_once('...')
#43 {main}
"} 
[2026-02-27 07:48:23] laravel.EMERGENCY: Unable to create configured logger. Using emergency logger. {"exception":"[object] (InvalidArgumentException(code: 0): Log [] is not defined. at /home/ahmad/Downloads/ishs/vendor/laravel/framework/src/Illuminate/Log/LogManager.php:212)
[stacktrace]
#0 /home/ahmad/Downloads/ishs/vendor/laravel/framework/src/Illuminate/Log/LogManager.php(137): Illuminate\\Log\\LogManager->resolve()
#1 /home/ahmad/Downloads/ishs/vendor/laravel/framework/src/Illuminate/Log/LogManager.php(124): Illuminate\\Log\\LogManager->get()
#2 /home/ahmad/Downloads/ishs/vendor/laravel/framework/src/Illuminate/Log/LogManager.php(681): Illuminate\\Log\\LogManager->driver()
#3 /home/ahmad/Downloads/ishs/vendor/laravel/framework/src/Illuminate/Foundation/Exceptions/Handler.php(317): Illuminate\\Log\\LogManager->error()
#4 /home/ahmad/Downloads/ishs/vendor/laravel/framework/src/Illuminate/Foundation/Exceptions/Handler.php(278): Illuminate\\Foundation\\Exceptions\\Handler->reportThrowable()
#5 /home/ahmad/Downloads/ishs/vendor/laravel/framework/src/Illuminate/Foundation/Bootstrap/HandleExceptions.php(183): Illuminate\\Foundation\\Exceptions\\Handler->report()
#6 /home/ahmad/Downloads/ishs/vendor/laravel/framework/src/Illuminate/Foundation/Bootstrap/HandleExceptions.php(255): Illuminate\\Foundation\\Bootstrap\\HandleExceptions->handleException()
#7 [internal function]: Illuminate\\Foundation\\Bootstrap\\HandleExceptions->Illuminate\\Foundation\\Bootstrap\\{closure}()
#8 {main}
"} 
[2026-02-27 07:48:23] laravel.ERROR: Trying to access array offset on value of type null {"exception":"[object] (ErrorException(code: 0): Trying to access array offset on value of type null at /home/ahmad/Downloads/ishs/vendor/laravel/framework/src/Illuminate/Cookie/CookieServiceProvider.php:20)
[stacktrace]
#0 /home/ahmad/Downloads/ishs/vendor/laravel/framework/src/Illuminate/Foundation/Bootstrap/HandleExceptions.php(255): Illuminate\\Foundation\\Bootstrap\\HandleExceptions->handleError()
#1 /home/ahmad/Downloads/ishs/vendor/laravel/framework/src/Illuminate/Cookie/CookieServiceProvider.php(20): Illuminate\\Foundation\\Bootstrap\\HandleExceptions->Illuminate\\Foundation\\Bootstrap\\{closure}()
#2 /home/ahmad/Downloads/ishs/vendor/laravel/framework/src/Illuminate/Container/Container.php(908): Illuminate\\Cookie\\CookieServiceProvider->Illuminate\\Cookie\\{closure}()
#3 /home/ahmad/Downloads/ishs/vendor/laravel/framework/src/Illuminate/Container/Container.php(795): Illuminate\\Container\\Container->build()
#4 /home/ahmad/Downloads/ishs/vendor/laravel/framework/src/Illuminate/Foundation/Application.php(986): Illuminate\\Container\\Container->resolve()
#5 /home/ahmad/Downloads/ishs/vendor/laravel/framework/src/Illuminate/Container/Container.php(731): Illuminate\\Foundation\\Application->resolve()
#6 /home/ahmad/Downloads/ishs/vendor/laravel/framework/src/Illuminate/Foundation/Application.php(971): Illuminate\\Container\\Container->make()
#7 /home/ahmad/Downloads/ishs/vendor/laravel/framework/src/Illuminate/Container/Container.php(1066): Illuminate\\Foundation\\Application->make()
#8 /home/ahmad/Downloads/ishs/vendor/laravel/framework/src/Illuminate/Container/Container.php(982): Illuminate\\Container\\Container->resolveClass()
#9 /home/ahmad/Downloads/ishs/vendor/laravel/framework/src/Illuminate/Container/Container.php(943): Illuminate\\Container\\Container->resolveDependencies()
#10 /home/ahmad/Downloads/ishs/vendor/laravel/framework/src/Illuminate/Container/Container.php(795): Illuminate\\Container\\Container->build()
#11 /home/ahmad/Downloads/ishs/vendor/laravel/framework/src/Illuminate/Foundation/Application.php(986): Illuminate\\Container\\Container->resolve()
#12 /home/ahmad/Downloads/ishs/vendor/laravel/framework/src/Illuminate/Container/Container.php(731): Illuminate\\Foundation\\Application->resolve()
#13 /home/ahmad/Downloads/ishs/vendor/laravel/framework/src/Illuminate/Foundation/Application.php(971): Illuminate\\Container\\Container->make()
#14 /home/ahmad/Downloads/ishs/vendor/laravel/framework/src/Illuminate/Foundation/Http/Kernel.php(255): Illuminate\\Foundation\\Application->make()
#15 /home/ahmad/Downloads/ishs/vendor/laravel/framework/src/Illuminate/Foundation/Http/Kernel.php(213): Illuminate\\Foundation\\Http\\Kernel->terminateMiddleware()
#16 /home/ahmad/Downloads/ishs/public/index.php(55): Illuminate\\Foundation\\Http\\Kernel->terminate()
#17 /home/ahmad/Downloads/ishs/vendor/laravel/framework/src/Illuminate/Foundation/resources/server.php(16): require_once('...')
#18 {main}
"} 
[2026-02-27 07:48:35] laravel.EMERGENCY: Unable to create configured logger. Using emergency logger. {"exception":"[object] (InvalidArgumentException(code: 0): Log [] is not defined. at /home/ahmad/Downloads/ishs/vendor/laravel/framework/src/Illuminate/Log/LogManager.php:212)
[stacktrace]
#0 /home/ahmad/Downloads/ishs/vendor/laravel/framework/src/Illuminate/Log/LogManager.php(137): Illuminate\\Log\\LogManager->resolve()
#1 /home/ahmad/Downloads/ishs/vendor/laravel/framework/src/Illuminate/Log/LogManager.php(124): Illuminate\\Log\\LogManager->get()
#2 /home/ahmad/Downloads/ishs/vendor/laravel/framework/src/Illuminate/Log/LogManager.php(681): Illuminate\\Log\\LogManager->driver()
#3 /home/ahmad/Downloads/ishs/vendor/laravel/framework/src/Illuminate/Foundation/Exceptions/Handler.php(317): Illuminate\\Log\\LogManager->error()
#4 /home/ahmad/Downloads/ishs/vendor/laravel/framework/src/Illuminate/Foundation/Exceptions/Handler.php(278): Illuminate\\Foundation\\Exceptions\\Handler->reportThrowable()
#5 /home/ahmad/Downloads/ishs/vendor/laravel/framework/src/Illuminate/Routing/Pipeline.php(49): Illuminate\\Foundation\\Exceptions\\Handler->report()
#6 /home/ahmad/Downloads/ishs/vendor/laravel/framework/src/Illuminate/Pipeline/Pipeline.php(188): Illuminate\\Routing\\Pipeline->handleException()
#7 /home/ahmad/Downloads/ishs/vendor/laravel/framework/src/Illuminate/Cookie/Middleware/AddQueuedCookiesToResponse.php(37): Illuminate\\Pipeline\\Pipeline->Illuminate\\Pipeline\\{closure}()
#8 /home/ahmad/Downloads/ishs/vendor/laravel/framework/src/Illuminate/Pipeline/Pipeline.php(183): Illuminate\\Cookie\\Middleware\\AddQueuedCookiesToResponse->handle()
#9 /home/ahmad/Downloads/ishs/vendor/laravel/framework/src/Illuminate/Cookie/Middleware/EncryptCookies.php(67): Illuminate\\Pipeline\\Pipeline->Illuminate\\Pipeline\\{closure}()
#10 /home/ahmad/Downloads/ishs/vendor/laravel/framework/src/Illuminate/Pipeline/Pipeline.php(183): Illuminate\\Cookie\\Middleware\\EncryptCookies->handle()
#11 /home/ahmad/Downloads/ishs/vendor/laravel/framework/src/Illuminate/Pipeline/Pipeline.php(119): Illuminate\\Pipeline\\Pipeline->Illuminate\\Pipeline\\{closure}()
#12 /home/ahmad/Downloads/ishs/vendor/laravel/framework/src/Illuminate/Routing/Router.php(805): Illuminate\\Pipeline\\Pipeline->then()
#13 /home/ahmad/Downloads/ishs/vendor/laravel/framework/src/Illuminate/Routing/Router.php(784): Illuminate\\Routing\\Router->runRouteWithinStack()
#14 /home/ahmad/Downloads/ishs/vendor/laravel/framework/src/Illuminate/Routing/Router.php(748): Illuminate\\Routing\\Router->runRoute()
#15 /home/ahmad/Downloads/ishs/vendor/laravel/framework/src/Illuminate/Routing/Router.php(737): Illuminate\\Routing\\Router->dispatchToRoute()
#16 /home/ahmad/Downloads/ishs/vendor/laravel/framework/src/Illuminate/Foundation/Http/Kernel.php(200): Illuminate\\Routing\\Router->dispatch()
#17 /home/ahmad/Downloads/ishs/vendor/laravel/framework/src/Illuminate/Pipeline/Pipeline.php(144): Illuminate\\Foundation\\Http\\Kernel->Illuminate\\Foundation\\Http\\{closure}()
#18 /home/ahmad/Downloads/ishs/vendor/laravel/framework/src/Illuminate/Foundation/Http/Middleware/TransformsRequest.php(21): Illuminate\\Pipeline\\Pipeline->Illuminate\\Pipeline\\{closure}()
#19 /home/ahmad/Downloads/ishs/vendor/laravel/framework/src/Illuminate/Foundation/Http/Middleware/ConvertEmptyStringsToNull.php(31): Illuminate\\Foundation\\Http\\Middleware\\TransformsRequest->handle()
#20 /home/ahmad/Downloads/ishs/vendor/laravel/framework/src/Illuminate/Pipeline/Pipeline.php(183): Illuminate\\Foundation\\Http\\Middleware\\ConvertEmptyStringsToNull->handle()
#21 /home/ahmad/Downloads/ishs/vendor/laravel/framework/src/Illuminate/Foundation/Http/Middleware/TransformsRequest.php(21): Illuminate\\Pipeline\\Pipeline->Illuminate\\Pipeline\\{closure}()
#22 /home/ahmad/Downloads/ishs/vendor/laravel/framework/src/Illuminate/Foundation/Http/Middleware/TrimStrings.php(40): Illuminate\\Foundation\\Http\\Middleware\\TransformsRequest->handle()
#23 /home/ahmad/Downloads/ishs/vendor/laravel/framework/src/Illuminate/Pipeline/Pipeline.php(183): Illuminate\\Foundation\\Http\\Middleware\\TrimStrings->handle()
#24 /home/ahmad/Downloads/ishs/vendor/laravel/framework/src/Illuminate/Foundation/Http/Middleware/ValidatePostSize.php(27): Illuminate\\Pipeline\\Pipeline->Illuminate\\Pipeline\\{closure}()
#25 /home/ahmad/Downloads/ishs/vendor/laravel/framework/src/Illuminate/Pipeline/Pipeline.php(183): Illuminate\\Foundation\\Http\\Middleware\\ValidatePostSize->handle()
#26 /home/ahmad/Downloads/ishs/vendor/laravel/framework/src/Illuminate/Foundation/Http/Middleware/PreventRequestsDuringMaintenance.php(99): Illuminate\\Pipeline\\Pipeline->Illuminate\\Pipeline\\{closure}()
#27 /home/ahmad/Downloads/ishs/vendor/laravel/framework/src/Illuminate/Pipeline/Pipeline.php(183): Illuminate\\Foundation\\Http\\Middleware\\PreventRequestsDuringMaintenance->handle()
#28 /home/ahmad/Downloads/ishs/vendor/laravel/framework/src/Illuminate/Http/Middleware/HandleCors.php(49): Illuminate\\Pipeline\\Pipeline->Illuminate\\Pipeline\\{closure}()
#29 /home/ahmad/Downloads/ishs/vendor/laravel/framework/src/Illuminate/Pipeline/Pipeline.php(183): Illuminate\\Http\\Middleware\\HandleCors->handle()
#30 /home/ahmad/Downloads/ishs/vendor/laravel/framework/src/Illuminate/Http/Middleware/TrustProxies.php(39): Illuminate\\Pipeline\\Pipeline->Illuminate\\Pipeline\\{closure}()
#31 /home/ahmad/Downloads/ishs/vendor/laravel/framework/src/Illuminate/Pipeline/Pipeline.php(183): Illuminate\\Http\\Middleware\\TrustProxies->handle()
#32 /home/ahmad/Downloads/ishs/vendor/laravel/framework/src/Illuminate/Pipeline/Pipeline.php(119): Illuminate\\Pipeline\\Pipeline->Illuminate\\Pipeline\\{closure}()
#33 /home/ahmad/Downloads/ishs/vendor/laravel/framework/src/Illuminate/Foundation/Http/Kernel.php(175): Illuminate\\Pipeline\\Pipeline->then()
#34 /home/ahmad/Downloads/ishs/vendor/laravel/framework/src/Illuminate/Foundation/Http/Kernel.php(144): Illuminate\\Foundation\\Http\\Kernel->sendRequestThroughRouter()
#35 /home/ahmad/Downloads/ishs/public/index.php(51): Illuminate\\Foundation\\Http\\Kernel->handle()
#36 /home/ahmad/Downloads/ishs/vendor/laravel/framework/src/Illuminate/Foundation/resources/server.php(16): require_once('...')
#37 {main}
"} 
[2026-02-27 07:48:35] laravel.ERROR: Database connection [] not configured. {"exception":"[object] (InvalidArgumentException(code: 0): Database connection [] not configured. at /home/ahmad/Downloads/ishs/vendor/laravel/framework/src/Illuminate/Database/DatabaseManager.php:196)
[stacktrace]
#0 /home/ahmad/Downloads/ishs/vendor/laravel/framework/src/Illuminate/Database/DatabaseManager.php(159): Illuminate\\Database\\DatabaseManager->configuration()
#1 /home/ahmad/Downloads/ishs/vendor/laravel/framework/src/Illuminate/Database/DatabaseManager.php(101): Illuminate\\Database\\DatabaseManager->makeConnection()
#2 /home/ahmad/Downloads/ishs/vendor/laravel/framework/src/Illuminate/Session/SessionManager.php(108): Illuminate\\Database\\DatabaseManager->connection()
#3 /home/ahmad/Downloads/ishs/vendor/laravel/framework/src/Illuminate/Session/SessionManager.php(95): Illuminate\\Session\\SessionManager->getDatabaseConnection()
#4 /home/ahmad/Downloads/ishs/vendor/laravel/framework/src/Illuminate/Support/Manager.php(106): Illuminate\\Session\\SessionManager->createDatabaseDriver()
#5 /home/ahmad/Downloads/ishs/vendor/laravel/framework/src/Illuminate/Support/Manager.php(80): Illuminate\\Support\\Manager->createDriver()
#6 /home/ahmad/Downloads/ishs/vendor/laravel/framework/src/Illuminate/Session/Middleware/StartSession.php(159): Illuminate\\Support\\Manager->driver()
#7 /home/ahmad/Downloads/ishs/vendor/laravel/framework/src/Illuminate/Session/Middleware/StartSession.php(57): Illuminate\\Session\\Middleware\\StartSession->getSession()
#8 /home/ahmad/Downloads/ishs/vendor/laravel/framework/src/Illuminate/Pipeline/Pipeline.php(183): Illuminate\\Session\\Middleware\\StartSession->handle()
#9 /home/ahmad/Downloads/ishs/vendor/laravel/framework/src/Illuminate/Cookie/Middleware/AddQueuedCookiesToResponse.php(37): Illuminate\\Pipeline\\Pipeline->Illuminate\\Pipeline\\{closure}()
#10 /home/ahmad/Downloads/ishs/vendor/laravel/framework/src/Illuminate/Pipeline/Pipeline.php(183): Illuminate\\Cookie\\Middleware\\AddQueuedCookiesToResponse->handle()
#11 /home/ahmad/Downloads/ishs/vendor/laravel/framework/src/Illuminate/Cookie/Middleware/EncryptCookies.php(67): Illuminate\\Pipeline\\Pipeline->Illuminate\\Pipeline\\{closure}()
#12 /home/ahmad/Downloads/ishs/vendor/laravel/framework/src/Illuminate/Pipeline/Pipeline.php(183): Illuminate\\Cookie\\Middleware\\EncryptCookies->handle()
#13 /home/ahmad/Downloads/ishs/vendor/laravel/framework/src/Illuminate/Pipeline/Pipeline.php(119): Illuminate\\Pipeline\\Pipeline->Illuminate\\Pipeline\\{closure}()
#14 /home/ahmad/Downloads/ishs/vendor/laravel/framework/src/Illuminate/Routing/Router.php(805): Illuminate\\Pipeline\\Pipeline->then()
#15 /home/ahmad/Downloads/ishs/vendor/laravel/framework/src/Illuminate/Routing/Router.php(784): Illuminate\\Routing\\Router->runRouteWithinStack()
#16 /home/ahmad/Downloads/ishs/vendor/laravel/framework/src/Illuminate/Routing/Router.php(748): Illuminate\\Routing\\Router->runRoute()
#17 /home/ahmad/Downloads/ishs/vendor/laravel/framework/src/Illuminate/Routing/Router.php(737): Illuminate\\Routing\\Router->dispatchToRoute()
#18 /home/ahmad/Downloads/ishs/vendor/laravel/framework/src/Illuminate/Foundation/Http/Kernel.php(200): Illuminate\\Routing\\Router->dispatch()
#19 /home/ahmad/Downloads/ishs/vendor/laravel/framework/src/Illuminate/Pipeline/Pipeline.php(144): Illuminate\\Foundation\\Http\\Kernel->Illuminate\\Foundation\\Http\\{closure}()
#20 /home/ahmad/Downloads/ishs/vendor/laravel/framework/src/Illuminate/Foundation/Http/Middleware/TransformsRequest.php(21): Illuminate\\Pipeline\\Pipeline->Illuminate\\Pipeline\\{closure}()
#21 /home/ahmad/Downloads/ishs/vendor/laravel/framework/src/Illuminate/Foundation/Http/Middleware/ConvertEmptyStringsToNull.php(31): Illuminate\\Foundation\\Http\\Middleware\\TransformsRequest->handle()
#22 /home/ahmad/Downloads/ishs/vendor/laravel/framework/src/Illuminate/Pipeline/Pipeline.php(183): Illuminate\\Foundation\\Http\\Middleware\\ConvertEmptyStringsToNull->handle()
#23 /home/ahmad/Downloads/ishs/vendor/laravel/framework/src/Illuminate/Foundation/Http/Middleware/TransformsRequest.php(21): Illuminate\\Pipeline\\Pipeline->Illuminate\\Pipeline\\{closure}()
#24 /home/ahmad/Downloads/ishs/vendor/laravel/framework/src/Illuminate/Foundation/Http/Middleware/TrimStrings.php(40): Illuminate\\Foundation\\Http\\Middleware\\TransformsRequest->handle()
#25 /home/ahmad/Downloads/ishs/vendor/laravel/framework/src/Illuminate/Pipeline/Pipeline.php(183): Illuminate\\Foundation\\Http\\Middleware\\TrimStrings->handle()
#26 /home/ahmad/Downloads/ishs/vendor/laravel/framework/src/Illuminate/Foundation/Http/Middleware/ValidatePostSize.php(27): Illuminate\\Pipeline\\Pipeline->Illuminate\\Pipeline\\{closure}()
#27 /home/ahmad/Downloads/ishs/vendor/laravel/framework/src/Illuminate/Pipeline/Pipeline.php(183): Illuminate\\Foundation\\Http\\Middleware\\ValidatePostSize->handle()
#28 /home/ahmad/Downloads/ishs/vendor/laravel/framework/src/Illuminate/Foundation/Http/Middleware/PreventRequestsDuringMaintenance.php(99): Illuminate\\Pipeline\\Pipeline->Illuminate\\Pipeline\\{closure}()
#29 /home/ahmad/Downloads/ishs/vendor/laravel/framework/src/Illuminate/Pipeline/Pipeline.php(183): Illuminate\\Foundation\\Http\\Middleware\\PreventRequestsDuringMaintenance->handle()
#30 /home/ahmad/Downloads/ishs/vendor/laravel/framework/src/Illuminate/Http/Middleware/HandleCors.php(49): Illuminate\\Pipeline\\Pipeline->Illuminate\\Pipeline\\{closure}()
#31 /home/ahmad/Downloads/ishs/vendor/laravel/framework/src/Illuminate/Pipeline/Pipeline.php(183): Illuminate\\Http\\Middleware\\HandleCors->handle()
#32 /home/ahmad/Downloads/ishs/vendor/laravel/framework/src/Illuminate/Http/Middleware/TrustProxies.php(39): Illuminate\\Pipeline\\Pipeline->Illuminate\\Pipeline\\{closure}()
#33 /home/ahmad/Downloads/ishs/vendor/laravel/framework/src/Illuminate/Pipeline/Pipeline.php(183): Illuminate\\Http\\Middleware\\TrustProxies->handle()
#34 /home/ahmad/Downloads/ishs/vendor/laravel/framework/src/Illuminate/Pipeline/Pipeline.php(119): Illuminate\\Pipeline\\Pipeline->Illuminate\\Pipeline\\{closure}()
#35 /home/ahmad/Downloads/ishs/vendor/laravel/framework/src/Illuminate/Foundation/Http/Kernel.php(175): Illuminate\\Pipeline\\Pipeline->then()
#36 /home/ahmad/Downloads/ishs/vendor/laravel/framework/src/Illuminate/Foundation/Http/Kernel.php(144): Illuminate\\Foundation\\Http\\Kernel->sendRequestThroughRouter()
#37 /home/ahmad/Downloads/ishs/public/index.php(51): Illuminate\\Foundation\\Http\\Kernel->handle()
#38 /home/ahmad/Downloads/ishs/vendor/laravel/framework/src/Illuminate/Foundation/resources/server.php(16): require_once('...')
#39 {main}
"} 
[2026-02-27 07:48:39] laravel.EMERGENCY: Unable to create configured logger. Using emergency logger. {"exception":"[object] (InvalidArgumentException(code: 0): Log [] is not defined. at /home/ahmad/Downloads/ishs/vendor/laravel/framework/src/Illuminate/Log/LogManager.php:212)
[stacktrace]
#0 /home/ahmad/Downloads/ishs/vendor/laravel/framework/src/Illuminate/Log/LogManager.php(137): Illuminate\\Log\\LogManager->resolve()
#1 /home/ahmad/Downloads/ishs/vendor/laravel/framework/src/Illuminate/Log/LogManager.php(124): Illuminate\\Log\\LogManager->get()
#2 /home/ahmad/Downloads/ishs/vendor/laravel/framework/src/Illuminate/Log/LogManager.php(681): Illuminate\\Log\\LogManager->driver()
#3 /home/ahmad/Downloads/ishs/vendor/laravel/framework/src/Illuminate/Foundation/Exceptions/Handler.php(317): Illuminate\\Log\\LogManager->error()
#4 /home/ahmad/Downloads/ishs/vendor/laravel/framework/src/Illuminate/Foundation/Exceptions/Handler.php(278): Illuminate\\Foundation\\Exceptions\\Handler->reportThrowable()
#5 /home/ahmad/Downloads/ishs/vendor/laravel/framework/src/Illuminate/Routing/Pipeline.php(49): Illuminate\\Foundation\\Exceptions\\Handler->report()
#6 /home/ahmad/Downloads/ishs/vendor/laravel/framework/src/Illuminate/Pipeline/Pipeline.php(188): Illuminate\\Routing\\Pipeline->handleException()
#7 /home/ahmad/Downloads/ishs/vendor/laravel/framework/src/Illuminate/Cookie/Middleware/AddQueuedCookiesToResponse.php(37): Illuminate\\Pipeline\\Pipeline->Illuminate\\Pipeline\\{closure}()
#8 /home/ahmad/Downloads/ishs/vendor/laravel/framework/src/Illuminate/Pipeline/Pipeline.php(183): Illuminate\\Cookie\\Middleware\\AddQueuedCookiesToResponse->handle()
#9 /home/ahmad/Downloads/ishs/vendor/laravel/framework/src/Illuminate/Cookie/Middleware/EncryptCookies.php(67): Illuminate\\Pipeline\\Pipeline->Illuminate\\Pipeline\\{closure}()
#10 /home/ahmad/Downloads/ishs/vendor/laravel/framework/src/Illuminate/Pipeline/Pipeline.php(183): Illuminate\\Cookie\\Middleware\\EncryptCookies->handle()
#11 /home/ahmad/Downloads/ishs/vendor/laravel/framework/src/Illuminate/Pipeline/Pipeline.php(119): Illuminate\\Pipeline\\Pipeline->Illuminate\\Pipeline\\{closure}()
#12 /home/ahmad/Downloads/ishs/vendor/laravel/framework/src/Illuminate/Routing/Router.php(805): Illuminate\\Pipeline\\Pipeline->then()
#13 /home/ahmad/Downloads/ishs/vendor/laravel/framework/src/Illuminate/Routing/Router.php(784): Illuminate\\Routing\\Router->runRouteWithinStack()
#14 /home/ahmad/Downloads/ishs/vendor/laravel/framework/src/Illuminate/Routing/Router.php(748): Illuminate\\Routing\\Router->runRoute()
#15 /home/ahmad/Downloads/ishs/vendor/laravel/framework/src/Illuminate/Routing/Router.php(737): Illuminate\\Routing\\Router->dispatchToRoute()
#16 /home/ahmad/Downloads/ishs/vendor/laravel/framework/src/Illuminate/Foundation/Http/Kernel.php(200): Illuminate\\Routing\\Router->dispatch()
#17 /home/ahmad/Downloads/ishs/vendor/laravel/framework/src/Illuminate/Pipeline/Pipeline.php(144): Illuminate\\Foundation\\Http\\Kernel->Illuminate\\Foundation\\Http\\{closure}()
#18 /home/ahmad/Downloads/ishs/vendor/laravel/framework/src/Illuminate/Foundation/Http/Middleware/TransformsRequest.php(21): Illuminate\\Pipeline\\Pipeline->Illuminate\\Pipeline\\{closure}()
#19 /home/ahmad/Downloads/ishs/vendor/laravel/framework/src/Illuminate/Foundation/Http/Middleware/ConvertEmptyStringsToNull.php(31): Illuminate\\Foundation\\Http\\Middleware\\TransformsRequest->handle()
#20 /home/ahmad/Downloads/ishs/vendor/laravel/framework/src/Illuminate/Pipeline/Pipeline.php(183): Illuminate\\Foundation\\Http\\Middleware\\ConvertEmptyStringsToNull->handle()
#21 /home/ahmad/Downloads/ishs/vendor/laravel/framework/src/Illuminate/Foundation/Http/Middleware/TransformsRequest.php(21): Illuminate\\Pipeline\\Pipeline->Illuminate\\Pipeline\\{closure}()
#22 /home/ahmad/Downloads/ishs/vendor/laravel/framework/src/Illuminate/Foundation/Http/Middleware/TrimStrings.php(40): Illuminate\\Foundation\\Http\\Middleware\\TransformsRequest->handle()
#23 /home/ahmad/Downloads/ishs/vendor/laravel/framework/src/Illuminate/Pipeline/Pipeline.php(183): Illuminate\\Foundation\\Http\\Middleware\\TrimStrings->handle()
#24 /home/ahmad/Downloads/ishs/vendor/laravel/framework/src/Illuminate/Foundation/Http/Middleware/ValidatePostSize.php(27): Illuminate\\Pipeline\\Pipeline->Illuminate\\Pipeline\\{closure}()
#25 /home/ahmad/Downloads/ishs/vendor/laravel/framework/src/Illuminate/Pipeline/Pipeline.php(183): Illuminate\\Foundation\\Http\\Middleware\\ValidatePostSize->handle()
#26 /home/ahmad/Downloads/ishs/vendor/laravel/framework/src/Illuminate/Foundation/Http/Middleware/PreventRequestsDuringMaintenance.php(99): Illuminate\\Pipeline\\Pipeline->Illuminate\\Pipeline\\{closure}()
#27 /home/ahmad/Downloads/ishs/vendor/laravel/framework/src/Illuminate/Pipeline/Pipeline.php(183): Illuminate\\Foundation\\Http\\Middleware\\PreventRequestsDuringMaintenance->handle()
#28 /home/ahmad/Downloads/ishs/vendor/laravel/framework/src/Illuminate/Http/Middleware/HandleCors.php(49): Illuminate\\Pipeline\\Pipeline->Illuminate\\Pipeline\\{closure}()
#29 /home/ahmad/Downloads/ishs/vendor/laravel/framework/src/Illuminate/Pipeline/Pipeline.php(183): Illuminate\\Http\\Middleware\\HandleCors->handle()
#30 /home/ahmad/Downloads/ishs/vendor/laravel/framework/src/Illuminate/Http/Middleware/TrustProxies.php(39): Illuminate\\Pipeline\\Pipeline->Illuminate\\Pipeline\\{closure}()
#31 /home/ahmad/Downloads/ishs/vendor/laravel/framework/src/Illuminate/Pipeline/Pipeline.php(183): Illuminate\\Http\\Middleware\\TrustProxies->handle()
#32 /home/ahmad/Downloads/ishs/vendor/laravel/framework/src/Illuminate/Pipeline/Pipeline.php(119): Illuminate\\Pipeline\\Pipeline->Illuminate\\Pipeline\\{closure}()
#33 /home/ahmad/Downloads/ishs/vendor/laravel/framework/src/Illuminate/Foundation/Http/Kernel.php(175): Illuminate\\Pipeline\\Pipeline->then()
#34 /home/ahmad/Downloads/ishs/vendor/laravel/framework/src/Illuminate/Foundation/Http/Kernel.php(144): Illuminate\\Foundation\\Http\\Kernel->sendRequestThroughRouter()
#35 /home/ahmad/Downloads/ishs/public/index.php(51): Illuminate\\Foundation\\Http\\Kernel->handle()
#36 /home/ahmad/Downloads/ishs/vendor/laravel/framework/src/Illuminate/Foundation/resources/server.php(16): require_once('...')
#37 {main}
"} 
[2026-02-27 07:48:39] laravel.ERROR: Database connection [] not configured. {"exception":"[object] (InvalidArgumentException(code: 0): Database connection [] not configured. at /home/ahmad/Downloads/ishs/vendor/laravel/framework/src/Illuminate/Database/DatabaseManager.php:196)
[stacktrace]
#0 /home/ahmad/Downloads/ishs/vendor/laravel/framework/src/Illuminate/Database/DatabaseManager.php(159): Illuminate\\Database\\DatabaseManager->configuration()
#1 /home/ahmad/Downloads/ishs/vendor/laravel/framework/src/Illuminate/Database/DatabaseManager.php(101): Illuminate\\Database\\DatabaseManager->makeConnection()
#2 /home/ahmad/Downloads/ishs/vendor/laravel/framework/src/Illuminate/Session/SessionManager.php(108): Illuminate\\Database\\DatabaseManager->connection()
#3 /home/ahmad/Downloads/ishs/vendor/laravel/framework/src/Illuminate/Session/SessionManager.php(95): Illuminate\\Session\\SessionManager->getDatabaseConnection()
#4 /home/ahmad/Downloads/ishs/vendor/laravel/framework/src/Illuminate/Support/Manager.php(106): Illuminate\\Session\\SessionManager->createDatabaseDriver()
#5 /home/ahmad/Downloads/ishs/vendor/laravel/framework/src/Illuminate/Support/Manager.php(80): Illuminate\\Support\\Manager->createDriver()
#6 /home/ahmad/Downloads/ishs/vendor/laravel/framework/src/Illuminate/Session/Middleware/StartSession.php(159): Illuminate\\Support\\Manager->driver()
#7 /home/ahmad/Downloads/ishs/vendor/laravel/framework/src/Illuminate/Session/Middleware/StartSession.php(57): Illuminate\\Session\\Middleware\\StartSession->getSession()
#8 /home/ahmad/Downloads/ishs/vendor/laravel/framework/src/Illuminate/Pipeline/Pipeline.php(183): Illuminate\\Session\\Middleware\\StartSession->handle()
#9 /home/ahmad/Downloads/ishs/vendor/laravel/framework/src/Illuminate/Cookie/Middleware/AddQueuedCookiesToResponse.php(37): Illuminate\\Pipeline\\Pipeline->Illuminate\\Pipeline\\{closure}()
#10 /home/ahmad/Downloads/ishs/vendor/laravel/framework/src/Illuminate/Pipeline/Pipeline.php(183): Illuminate\\Cookie\\Middleware\\AddQueuedCookiesToResponse->handle()
#11 /home/ahmad/Downloads/ishs/vendor/laravel/framework/src/Illuminate/Cookie/Middleware/EncryptCookies.php(67): Illuminate\\Pipeline\\Pipeline->Illuminate\\Pipeline\\{closure}()
#12 /home/ahmad/Downloads/ishs/vendor/laravel/framework/src/Illuminate/Pipeline/Pipeline.php(183): Illuminate\\Cookie\\Middleware\\EncryptCookies->handle()
#13 /home/ahmad/Downloads/ishs/vendor/laravel/framework/src/Illuminate/Pipeline/Pipeline.php(119): Illuminate\\Pipeline\\Pipeline->Illuminate\\Pipeline\\{closure}()
#14 /home/ahmad/Downloads/ishs/vendor/laravel/framework/src/Illuminate/Routing/Router.php(805): Illuminate\\Pipeline\\Pipeline->then()
#15 /home/ahmad/Downloads/ishs/vendor/laravel/framework/src/Illuminate/Routing/Router.php(784): Illuminate\\Routing\\Router->runRouteWithinStack()
#16 /home/ahmad/Downloads/ishs/vendor/laravel/framework/src/Illuminate/Routing/Router.php(748): Illuminate\\Routing\\Router->runRoute()
#17 /home/ahmad/Downloads/ishs/vendor/laravel/framework/src/Illuminate/Routing/Router.php(737): Illuminate\\Routing\\Router->dispatchToRoute()
#18 /home/ahmad/Downloads/ishs/vendor/laravel/framework/src/Illuminate/Foundation/Http/Kernel.php(200): Illuminate\\Routing\\Router->dispatch()
#19 /home/ahmad/Downloads/ishs/vendor/laravel/framework/src/Illuminate/Pipeline/Pipeline.php(144): Illuminate\\Foundation\\Http\\Kernel->Illuminate\\Foundation\\Http\\{closure}()
#20 /home/ahmad/Downloads/ishs/vendor/laravel/framework/src/Illuminate/Foundation/Http/Middleware/TransformsRequest.php(21): Illuminate\\Pipeline\\Pipeline->Illuminate\\Pipeline\\{closure}()
#21 /home/ahmad/Downloads/ishs/vendor/laravel/framework/src/Illuminate/Foundation/Http/Middleware/ConvertEmptyStringsToNull.php(31): Illuminate\\Foundation\\Http\\Middleware\\TransformsRequest->handle()
#22 /home/ahmad/Downloads/ishs/vendor/laravel/framework/src/Illuminate/Pipeline/Pipeline.php(183): Illuminate\\Foundation\\Http\\Middleware\\ConvertEmptyStringsToNull->handle()
#23 /home/ahmad/Downloads/ishs/vendor/laravel/framework/src/Illuminate/Foundation/Http/Middleware/TransformsRequest.php(21): Illuminate\\Pipeline\\Pipeline->Illuminate\\Pipeline\\{closure}()
#24 /home/ahmad/Downloads/ishs/vendor/laravel/framework/src/Illuminate/Foundation/Http/Middleware/TrimStrings.php(40): Illuminate\\Foundation\\Http\\Middleware\\TransformsRequest->handle()
#25 /home/ahmad/Downloads/ishs/vendor/laravel/framework/src/Illuminate/Pipeline/Pipeline.php(183): Illuminate\\Foundation\\Http\\Middleware\\TrimStrings->handle()
#26 /home/ahmad/Downloads/ishs/vendor/laravel/framework/src/Illuminate/Foundation/Http/Middleware/ValidatePostSize.php(27): Illuminate\\Pipeline\\Pipeline->Illuminate\\Pipeline\\{closure}()
#27 /home/ahmad/Downloads/ishs/vendor/laravel/framework/src/Illuminate/Pipeline/Pipeline.php(183): Illuminate\\Foundation\\Http\\Middleware\\ValidatePostSize->handle()
#28 /home/ahmad/Downloads/ishs/vendor/laravel/framework/src/Illuminate/Foundation/Http/Middleware/PreventRequestsDuringMaintenance.php(99): Illuminate\\Pipeline\\Pipeline->Illuminate\\Pipeline\\{closure}()
#29 /home/ahmad/Downloads/ishs/vendor/laravel/framework/src/Illuminate/Pipeline/Pipeline.php(183): Illuminate\\Foundation\\Http\\Middleware\\PreventRequestsDuringMaintenance->handle()
#30 /home/ahmad/Downloads/ishs/vendor/laravel/framework/src/Illuminate/Http/Middleware/HandleCors.php(49): Illuminate\\Pipeline\\Pipeline->Illuminate\\Pipeline\\{closure}()
#31 /home/ahmad/Downloads/ishs/vendor/laravel/framework/src/Illuminate/Pipeline/Pipeline.php(183): Illuminate\\Http\\Middleware\\HandleCors->handle()
#32 /home/ahmad/Downloads/ishs/vendor/laravel/framework/src/Illuminate/Http/Middleware/TrustProxies.php(39): Illuminate\\Pipeline\\Pipeline->Illuminate\\Pipeline\\{closure}()
#33 /home/ahmad/Downloads/ishs/vendor/laravel/framework/src/Illuminate/Pipeline/Pipeline.php(183): Illuminate\\Http\\Middleware\\TrustProxies->handle()
#34 /home/ahmad/Downloads/ishs/vendor/laravel/framework/src/Illuminate/Pipeline/Pipeline.php(119): Illuminate\\Pipeline\\Pipeline->Illuminate\\Pipeline\\{closure}()
#35 /home/ahmad/Downloads/ishs/vendor/laravel/framework/src/Illuminate/Foundation/Http/Kernel.php(175): Illuminate\\Pipeline\\Pipeline->then()
#36 /home/ahmad/Downloads/ishs/vendor/laravel/framework/src/Illuminate/Foundation/Http/Kernel.php(144): Illuminate\\Foundation\\Http\\Kernel->sendRequestThroughRouter()
#37 /home/ahmad/Downloads/ishs/public/index.php(51): Illuminate\\Foundation\\Http\\Kernel->handle()
#38 /home/ahmad/Downloads/ishs/vendor/laravel/framework/src/Illuminate/Foundation/resources/server.php(16): require_once('...')
#39 {main}
"} 
[2026-02-27 07:48:45] laravel.EMERGENCY: Unable to create configured logger. Using emergency logger. {"exception":"[object] (InvalidArgumentException(code: 0): Log [] is not defined. at /home/ahmad/Downloads/ishs/vendor/laravel/framework/src/Illuminate/Log/LogManager.php:212)
[stacktrace]
#0 /home/ahmad/Downloads/ishs/vendor/laravel/framework/src/Illuminate/Log/LogManager.php(137): Illuminate\\Log\\LogManager->resolve()
#1 /home/ahmad/Downloads/ishs/vendor/laravel/framework/src/Illuminate/Log/LogManager.php(124): Illuminate\\Log\\LogManager->get()
#2 /home/ahmad/Downloads/ishs/vendor/laravel/framework/src/Illuminate/Log/LogManager.php(681): Illuminate\\Log\\LogManager->driver()
#3 /home/ahmad/Downloads/ishs/vendor/laravel/framework/src/Illuminate/Foundation/Exceptions/Handler.php(317): Illuminate\\Log\\LogManager->error()
#4 /home/ahmad/Downloads/ishs/vendor/laravel/framework/src/Illuminate/Foundation/Exceptions/Handler.php(278): Illuminate\\Foundation\\Exceptions\\Handler->reportThrowable()
#5 /home/ahmad/Downloads/ishs/vendor/laravel/framework/src/Illuminate/Routing/Pipeline.php(49): Illuminate\\Foundation\\Exceptions\\Handler->report()
#6 /home/ahmad/Downloads/ishs/vendor/laravel/framework/src/Illuminate/Pipeline/Pipeline.php(188): Illuminate\\Routing\\Pipeline->handleException()
#7 /home/ahmad/Downloads/ishs/vendor/laravel/framework/src/Illuminate/Cookie/Middleware/AddQueuedCookiesToResponse.php(37): Illuminate\\Pipeline\\Pipeline->Illuminate\\Pipeline\\{closure}()
#8 /home/ahmad/Downloads/ishs/vendor/laravel/framework/src/Illuminate/Pipeline/Pipeline.php(183): Illuminate\\Cookie\\Middleware\\AddQueuedCookiesToResponse->handle()
#9 /home/ahmad/Downloads/ishs/vendor/laravel/framework/src/Illuminate/Cookie/Middleware/EncryptCookies.php(67): Illuminate\\Pipeline\\Pipeline->Illuminate\\Pipeline\\{closure}()
#10 /home/ahmad/Downloads/ishs/vendor/laravel/framework/src/Illuminate/Pipeline/Pipeline.php(183): Illuminate\\Cookie\\Middleware\\EncryptCookies->handle()
#11 /home/ahmad/Downloads/ishs/vendor/laravel/framework/src/Illuminate/Pipeline/Pipeline.php(119): Illuminate\\Pipeline\\Pipeline->Illuminate\\Pipeline\\{closure}()
#12 /home/ahmad/Downloads/ishs/vendor/laravel/framework/src/Illuminate/Routing/Router.php(805): Illuminate\\Pipeline\\Pipeline->then()
#13 /home/ahmad/Downloads/ishs/vendor/laravel/framework/src/Illuminate/Routing/Router.php(784): Illuminate\\Routing\\Router->runRouteWithinStack()
#14 /home/ahmad/Downloads/ishs/vendor/laravel/framework/src/Illuminate/Routing/Router.php(748): Illuminate\\Routing\\Router->runRoute()
#15 /home/ahmad/Downloads/ishs/vendor/laravel/framework/src/Illuminate/Routing/Router.php(737): Illuminate\\Routing\\Router->dispatchToRoute()
#16 /home/ahmad/Downloads/ishs/vendor/laravel/framework/src/Illuminate/Foundation/Http/Kernel.php(200): Illuminate\\Routing\\Router->dispatch()
#17 /home/ahmad/Downloads/ishs/vendor/laravel/framework/src/Illuminate/Pipeline/Pipeline.php(144): Illuminate\\Foundation\\Http\\Kernel->Illuminate\\Foundation\\Http\\{closure}()
#18 /home/ahmad/Downloads/ishs/vendor/laravel/framework/src/Illuminate/Foundation/Http/Middleware/TransformsRequest.php(21): Illuminate\\Pipeline\\Pipeline->Illuminate\\Pipeline\\{closure}()
#19 /home/ahmad/Downloads/ishs/vendor/laravel/framework/src/Illuminate/Foundation/Http/Middleware/ConvertEmptyStringsToNull.php(31): Illuminate\\Foundation\\Http\\Middleware\\TransformsRequest->handle()
#20 /home/ahmad/Downloads/ishs/vendor/laravel/framework/src/Illuminate/Pipeline/Pipeline.php(183): Illuminate\\Foundation\\Http\\Middleware\\ConvertEmptyStringsToNull->handle()
#21 /home/ahmad/Downloads/ishs/vendor/laravel/framework/src/Illuminate/Foundation/Http/Middleware/TransformsRequest.php(21): Illuminate\\Pipeline\\Pipeline->Illuminate\\Pipeline\\{closure}()
#22 /home/ahmad/Downloads/ishs/vendor/laravel/framework/src/Illuminate/Foundation/Http/Middleware/TrimStrings.php(40): Illuminate\\Foundation\\Http\\Middleware\\TransformsRequest->handle()
#23 /home/ahmad/Downloads/ishs/vendor/laravel/framework/src/Illuminate/Pipeline/Pipeline.php(183): Illuminate\\Foundation\\Http\\Middleware\\TrimStrings->handle()
#24 /home/ahmad/Downloads/ishs/vendor/laravel/framework/src/Illuminate/Foundation/Http/Middleware/ValidatePostSize.php(27): Illuminate\\Pipeline\\Pipeline->Illuminate\\Pipeline\\{closure}()
#25 /home/ahmad/Downloads/ishs/vendor/laravel/framework/src/Illuminate/Pipeline/Pipeline.php(183): Illuminate\\Foundation\\Http\\Middleware\\ValidatePostSize->handle()
#26 /home/ahmad/Downloads/ishs/vendor/laravel/framework/src/Illuminate/Foundation/Http/Middleware/PreventRequestsDuringMaintenance.php(99): Illuminate\\Pipeline\\Pipeline->Illuminate\\Pipeline\\{closure}()
#27 /home/ahmad/Downloads/ishs/vendor/laravel/framework/src/Illuminate/Pipeline/Pipeline.php(183): Illuminate\\Foundation\\Http\\Middleware\\PreventRequestsDuringMaintenance->handle()
#28 /home/ahmad/Downloads/ishs/vendor/laravel/framework/src/Illuminate/Http/Middleware/HandleCors.php(49): Illuminate\\Pipeline\\Pipeline->Illuminate\\Pipeline\\{closure}()
#29 /home/ahmad/Downloads/ishs/vendor/laravel/framework/src/Illuminate/Pipeline/Pipeline.php(183): Illuminate\\Http\\Middleware\\HandleCors->handle()
#30 /home/ahmad/Downloads/ishs/vendor/laravel/framework/src/Illuminate/Http/Middleware/TrustProxies.php(39): Illuminate\\Pipeline\\Pipeline->Illuminate\\Pipeline\\{closure}()
#31 /home/ahmad/Downloads/ishs/vendor/laravel/framework/src/Illuminate/Pipeline/Pipeline.php(183): Illuminate\\Http\\Middleware\\TrustProxies->handle()
#32 /home/ahmad/Downloads/ishs/vendor/laravel/framework/src/Illuminate/Pipeline/Pipeline.php(119): Illuminate\\Pipeline\\Pipeline->Illuminate\\Pipeline\\{closure}()
#33 /home/ahmad/Downloads/ishs/vendor/laravel/framework/src/Illuminate/Foundation/Http/Kernel.php(175): Illuminate\\Pipeline\\Pipeline->then()
#34 /home/ahmad/Downloads/ishs/vendor/laravel/framework/src/Illuminate/Foundation/Http/Kernel.php(144): Illuminate\\Foundation\\Http\\Kernel->sendRequestThroughRouter()
#35 /home/ahmad/Downloads/ishs/public/index.php(51): Illuminate\\Foundation\\Http\\Kernel->handle()
#36 /home/ahmad/Downloads/ishs/vendor/laravel/framework/src/Illuminate/Foundation/resources/server.php(16): require_once('...')
#37 {main}
"} 
[2026-02-27 07:48:45] laravel.ERROR: Database connection [] not configured. {"exception":"[object] (InvalidArgumentException(code: 0): Database connection [] not configured. at /home/ahmad/Downloads/ishs/vendor/laravel/framework/src/Illuminate/Database/DatabaseManager.php:196)
[stacktrace]
#0 /home/ahmad/Downloads/ishs/vendor/laravel/framework/src/Illuminate/Database/DatabaseManager.php(159): Illuminate\\Database\\DatabaseManager->configuration()
#1 /home/ahmad/Downloads/ishs/vendor/laravel/framework/src/Illuminate/Database/DatabaseManager.php(101): Illuminate\\Database\\DatabaseManager->makeConnection()
#2 /home/ahmad/Downloads/ishs/vendor/laravel/framework/src/Illuminate/Session/SessionManager.php(108): Illuminate\\Database\\DatabaseManager->connection()
#3 /home/ahmad/Downloads/ishs/vendor/laravel/framework/src/Illuminate/Session/SessionManager.php(95): Illuminate\\Session\\SessionManager->getDatabaseConnection()
#4 /home/ahmad/Downloads/ishs/vendor/laravel/framework/src/Illuminate/Support/Manager.php(106): Illuminate\\Session\\SessionManager->createDatabaseDriver()
#5 /home/ahmad/Downloads/ishs/vendor/laravel/framework/src/Illuminate/Support/Manager.php(80): Illuminate\\Support\\Manager->createDriver()
#6 /home/ahmad/Downloads/ishs/vendor/laravel/framework/src/Illuminate/Session/Middleware/StartSession.php(159): Illuminate\\Support\\Manager->driver()
#7 /home/ahmad/Downloads/ishs/vendor/laravel/framework/src/Illuminate/Session/Middleware/StartSession.php(57): Illuminate\\Session\\Middleware\\StartSession->getSession()
#8 /home/ahmad/Downloads/ishs/vendor/laravel/framework/src/Illuminate/Pipeline/Pipeline.php(183): Illuminate\\Session\\Middleware\\StartSession->handle()
#9 /home/ahmad/Downloads/ishs/vendor/laravel/framework/src/Illuminate/Cookie/Middleware/AddQueuedCookiesToResponse.php(37): Illuminate\\Pipeline\\Pipeline->Illuminate\\Pipeline\\{closure}()
#10 /home/ahmad/Downloads/ishs/vendor/laravel/framework/src/Illuminate/Pipeline/Pipeline.php(183): Illuminate\\Cookie\\Middleware\\AddQueuedCookiesToResponse->handle()
#11 /home/ahmad/Downloads/ishs/vendor/laravel/framework/src/Illuminate/Cookie/Middleware/EncryptCookies.php(67): Illuminate\\Pipeline\\Pipeline->Illuminate\\Pipeline\\{closure}()
#12 /home/ahmad/Downloads/ishs/vendor/laravel/framework/src/Illuminate/Pipeline/Pipeline.php(183): Illuminate\\Cookie\\Middleware\\EncryptCookies->handle()
#13 /home/ahmad/Downloads/ishs/vendor/laravel/framework/src/Illuminate/Pipeline/Pipeline.php(119): Illuminate\\Pipeline\\Pipeline->Illuminate\\Pipeline\\{closure}()
#14 /home/ahmad/Downloads/ishs/vendor/laravel/framework/src/Illuminate/Routing/Router.php(805): Illuminate\\Pipeline\\Pipeline->then()
#15 /home/ahmad/Downloads/ishs/vendor/laravel/framework/src/Illuminate/Routing/Router.php(784): Illuminate\\Routing\\Router->runRouteWithinStack()
#16 /home/ahmad/Downloads/ishs/vendor/laravel/framework/src/Illuminate/Routing/Router.php(748): Illuminate\\Routing\\Router->runRoute()
#17 /home/ahmad/Downloads/ishs/vendor/laravel/framework/src/Illuminate/Routing/Router.php(737): Illuminate\\Routing\\Router->dispatchToRoute()
#18 /home/ahmad/Downloads/ishs/vendor/laravel/framework/src/Illuminate/Foundation/Http/Kernel.php(200): Illuminate\\Routing\\Router->dispatch()
#19 /home/ahmad/Downloads/ishs/vendor/laravel/framework/src/Illuminate/Pipeline/Pipeline.php(144): Illuminate\\Foundation\\Http\\Kernel->Illuminate\\Foundation\\Http\\{closure}()
#20 /home/ahmad/Downloads/ishs/vendor/laravel/framework/src/Illuminate/Foundation/Http/Middleware/TransformsRequest.php(21): Illuminate\\Pipeline\\Pipeline->Illuminate\\Pipeline\\{closure}()
#21 /home/ahmad/Downloads/ishs/vendor/laravel/framework/src/Illuminate/Foundation/Http/Middleware/ConvertEmptyStringsToNull.php(31): Illuminate\\Foundation\\Http\\Middleware\\TransformsRequest->handle()
#22 /home/ahmad/Downloads/ishs/vendor/laravel/framework/src/Illuminate/Pipeline/Pipeline.php(183): Illuminate\\Foundation\\Http\\Middleware\\ConvertEmptyStringsToNull->handle()
#23 /home/ahmad/Downloads/ishs/vendor/laravel/framework/src/Illuminate/Foundation/Http/Middleware/TransformsRequest.php(21): Illuminate\\Pipeline\\Pipeline->Illuminate\\Pipeline\\{closure}()
#24 /home/ahmad/Downloads/ishs/vendor/laravel/framework/src/Illuminate/Foundation/Http/Middleware/TrimStrings.php(40): Illuminate\\Foundation\\Http\\Middleware\\TransformsRequest->handle()
#25 /home/ahmad/Downloads/ishs/vendor/laravel/framework/src/Illuminate/Pipeline/Pipeline.php(183): Illuminate\\Foundation\\Http\\Middleware\\TrimStrings->handle()
#26 /home/ahmad/Downloads/ishs/vendor/laravel/framework/src/Illuminate/Foundation/Http/Middleware/ValidatePostSize.php(27): Illuminate\\Pipeline\\Pipeline->Illuminate\\Pipeline\\{closure}()
#27 /home/ahmad/Downloads/ishs/vendor/laravel/framework/src/Illuminate/Pipeline/Pipeline.php(183): Illuminate\\Foundation\\Http\\Middleware\\ValidatePostSize->handle()
#28 /home/ahmad/Downloads/ishs/vendor/laravel/framework/src/Illuminate/Foundation/Http/Middleware/PreventRequestsDuringMaintenance.php(99): Illuminate\\Pipeline\\Pipeline->Illuminate\\Pipeline\\{closure}()
#29 /home/ahmad/Downloads/ishs/vendor/laravel/framework/src/Illuminate/Pipeline/Pipeline.php(183): Illuminate\\Foundation\\Http\\Middleware\\PreventRequestsDuringMaintenance->handle()
#30 /home/ahmad/Downloads/ishs/vendor/laravel/framework/src/Illuminate/Http/Middleware/HandleCors.php(49): Illuminate\\Pipeline\\Pipeline->Illuminate\\Pipeline\\{closure}()
#31 /home/ahmad/Downloads/ishs/vendor/laravel/framework/src/Illuminate/Pipeline/Pipeline.php(183): Illuminate\\Http\\Middleware\\HandleCors->handle()
#32 /home/ahmad/Downloads/ishs/vendor/laravel/framework/src/Illuminate/Http/Middleware/TrustProxies.php(39): Illuminate\\Pipeline\\Pipeline->Illuminate\\Pipeline\\{closure}()
#33 /home/ahmad/Downloads/ishs/vendor/laravel/framework/src/Illuminate/Pipeline/Pipeline.php(183): Illuminate\\Http\\Middleware\\TrustProxies->handle()
#34 /home/ahmad/Downloads/ishs/vendor/laravel/framework/src/Illuminate/Pipeline/Pipeline.php(119): Illuminate\\Pipeline\\Pipeline->Illuminate\\Pipeline\\{closure}()
#35 /home/ahmad/Downloads/ishs/vendor/laravel/framework/src/Illuminate/Foundation/Http/Kernel.php(175): Illuminate\\Pipeline\\Pipeline->then()
#36 /home/ahmad/Downloads/ishs/vendor/laravel/framework/src/Illuminate/Foundation/Http/Kernel.php(144): Illuminate\\Foundation\\Http\\Kernel->sendRequestThroughRouter()
#37 /home/ahmad/Downloads/ishs/public/index.php(51): Illuminate\\Foundation\\Http\\Kernel->handle()
#38 /home/ahmad/Downloads/ishs/vendor/laravel/framework/src/Illuminate/Foundation/resources/server.php(16): require_once('...')
#39 {main}
"} 
[2026-02-27 07:48:45] laravel.EMERGENCY: Unable to create configured logger. Using emergency logger. {"exception":"[object] (InvalidArgumentException(code: 0): Log [] is not defined. at /home/ahmad/Downloads/ishs/vendor/laravel/framework/src/Illuminate/Log/LogManager.php:212)
[stacktrace]
#0 /home/ahmad/Downloads/ishs/vendor/laravel/framework/src/Illuminate/Log/LogManager.php(137): Illuminate\\Log\\LogManager->resolve()
#1 /home/ahmad/Downloads/ishs/vendor/laravel/framework/src/Illuminate/Log/LogManager.php(124): Illuminate\\Log\\LogManager->get()
#2 /home/ahmad/Downloads/ishs/vendor/laravel/framework/src/Illuminate/Log/LogManager.php(681): Illuminate\\Log\\LogManager->driver()
#3 /home/ahmad/Downloads/ishs/vendor/laravel/framework/src/Illuminate/Foundation/Exceptions/Handler.php(317): Illuminate\\Log\\LogManager->error()
#4 /home/ahmad/Downloads/ishs/vendor/laravel/framework/src/Illuminate/Foundation/Exceptions/Handler.php(278): Illuminate\\Foundation\\Exceptions\\Handler->reportThrowable()
#5 /home/ahmad/Downloads/ishs/vendor/laravel/framework/src/Illuminate/Routing/Pipeline.php(49): Illuminate\\Foundation\\Exceptions\\Handler->report()
#6 /home/ahmad/Downloads/ishs/vendor/laravel/framework/src/Illuminate/Pipeline/Pipeline.php(188): Illuminate\\Routing\\Pipeline->handleException()
#7 /home/ahmad/Downloads/ishs/vendor/laravel/framework/src/Illuminate/Foundation/Http/Middleware/TransformsRequest.php(21): Illuminate\\Pipeline\\Pipeline->Illuminate\\Pipeline\\{closure}()
#8 /home/ahmad/Downloads/ishs/vendor/laravel/framework/src/Illuminate/Foundation/Http/Middleware/TrimStrings.php(40): Illuminate\\Foundation\\Http\\Middleware\\TransformsRequest->handle()
#9 /home/ahmad/Downloads/ishs/vendor/laravel/framework/src/Illuminate/Pipeline/Pipeline.php(183): Illuminate\\Foundation\\Http\\Middleware\\TrimStrings->handle()
#10 /home/ahmad/Downloads/ishs/vendor/laravel/framework/src/Illuminate/Foundation/Http/Middleware/ValidatePostSize.php(27): Illuminate\\Pipeline\\Pipeline->Illuminate\\Pipeline\\{closure}()
#11 /home/ahmad/Downloads/ishs/vendor/laravel/framework/src/Illuminate/Pipeline/Pipeline.php(183): Illuminate\\Foundation\\Http\\Middleware\\ValidatePostSize->handle()
#12 /home/ahmad/Downloads/ishs/vendor/laravel/framework/src/Illuminate/Foundation/Http/Middleware/PreventRequestsDuringMaintenance.php(99): Illuminate\\Pipeline\\Pipeline->Illuminate\\Pipeline\\{closure}()
#13 /home/ahmad/Downloads/ishs/vendor/laravel/framework/src/Illuminate/Pipeline/Pipeline.php(183): Illuminate\\Foundation\\Http\\Middleware\\PreventRequestsDuringMaintenance->handle()
#14 /home/ahmad/Downloads/ishs/vendor/laravel/framework/src/Illuminate/Http/Middleware/HandleCors.php(49): Illuminate\\Pipeline\\Pipeline->Illuminate\\Pipeline\\{closure}()
#15 /home/ahmad/Downloads/ishs/vendor/laravel/framework/src/Illuminate/Pipeline/Pipeline.php(183): Illuminate\\Http\\Middleware\\HandleCors->handle()
#16 /home/ahmad/Downloads/ishs/vendor/laravel/framework/src/Illuminate/Http/Middleware/TrustProxies.php(39): Illuminate\\Pipeline\\Pipeline->Illuminate\\Pipeline\\{closure}()
#17 /home/ahmad/Downloads/ishs/vendor/laravel/framework/src/Illuminate/Pipeline/Pipeline.php(183): Illuminate\\Http\\Middleware\\TrustProxies->handle()
#18 /home/ahmad/Downloads/ishs/vendor/laravel/framework/src/Illuminate/Pipeline/Pipeline.php(119): Illuminate\\Pipeline\\Pipeline->Illuminate\\Pipeline\\{closure}()
#19 /home/ahmad/Downloads/ishs/vendor/laravel/framework/src/Illuminate/Foundation/Http/Kernel.php(175): Illuminate\\Pipeline\\Pipeline->then()
#20 /home/ahmad/Downloads/ishs/vendor/laravel/framework/src/Illuminate/Foundation/Http/Kernel.php(144): Illuminate\\Foundation\\Http\\Kernel->sendRequestThroughRouter()
#21 /home/ahmad/Downloads/ishs/public/index.php(51): Illuminate\\Foundation\\Http\\Kernel->handle()
#22 /home/ahmad/Downloads/ishs/vendor/laravel/framework/src/Illuminate/Foundation/resources/server.php(16): require_once('...')
#23 {main}
"} 
[2026-02-27 07:48:45] laravel.ERROR: Database connection [] not configured. {"exception":"[object] (InvalidArgumentException(code: 0): Database connection [] not configured. at /home/ahmad/Downloads/ishs/vendor/laravel/framework/src/Illuminate/Database/DatabaseManager.php:196)
[stacktrace]
#0 /home/ahmad/Downloads/ishs/vendor/laravel/framework/src/Illuminate/Database/DatabaseManager.php(159): Illuminate\\Database\\DatabaseManager->configuration()
#1 /home/ahmad/Downloads/ishs/vendor/laravel/framework/src/Illuminate/Database/DatabaseManager.php(101): Illuminate\\Database\\DatabaseManager->makeConnection()
#2 /home/ahmad/Downloads/ishs/vendor/laravel/framework/src/Illuminate/Session/SessionManager.php(108): Illuminate\\Database\\DatabaseManager->connection()
#3 /home/ahmad/Downloads/ishs/vendor/laravel/framework/src/Illuminate/Session/SessionManager.php(95): Illuminate\\Session\\SessionManager->getDatabaseConnection()
#4 /home/ahmad/Downloads/ishs/vendor/laravel/framework/src/Illuminate/Support/Manager.php(106): Illuminate\\Session\\SessionManager->createDatabaseDriver()
#5 /home/ahmad/Downloads/ishs/vendor/laravel/framework/src/Illuminate/Support/Manager.php(80): Illuminate\\Support\\Manager->createDriver()
#6 /home/ahmad/Downloads/ishs/vendor/laravel/framework/src/Illuminate/Session/SessionServiceProvider.php(52): Illuminate\\Support\\Manager->driver()
#7 /home/ahmad/Downloads/ishs/vendor/laravel/framework/src/Illuminate/Container/Container.php(908): Illuminate\\Session\\SessionServiceProvider->Illuminate\\Session\\{closure}()
#8 /home/ahmad/Downloads/ishs/vendor/laravel/framework/src/Illuminate/Container/Container.php(795): Illuminate\\Container\\Container->build()
#9 /home/ahmad/Downloads/ishs/vendor/laravel/framework/src/Illuminate/Foundation/Application.php(986): Illuminate\\Container\\Container->resolve()
#10 /home/ahmad/Downloads/ishs/vendor/laravel/framework/src/Illuminate/Container/Container.php(731): Illuminate\\Foundation\\Application->resolve()
#11 /home/ahmad/Downloads/ishs/vendor/laravel/framework/src/Illuminate/Foundation/Application.php(971): Illuminate\\Container\\Container->make()
#12 /home/ahmad/Downloads/ishs/vendor/laravel/framework/src/Illuminate/Container/Container.php(1454): Illuminate\\Foundation\\Application->make()
#13 /home/ahmad/Downloads/ishs/vendor/laravel/framework/src/Illuminate/Routing/RoutingServiceProvider.php(120): Illuminate\\Container\\Container->offsetGet()
#14 /home/ahmad/Downloads/ishs/vendor/laravel/framework/src/Illuminate/Container/Container.php(908): Illuminate\\Routing\\RoutingServiceProvider->Illuminate\\Routing\\{closure}()
#15 /home/ahmad/Downloads/ishs/vendor/laravel/framework/src/Illuminate/Container/Container.php(795): Illuminate\\Container\\Container->build()
#16 /home/ahmad/Downloads/ishs/vendor/laravel/framework/src/Illuminate/Foundation/Application.php(986): Illuminate\\Container\\Container->resolve()
#17 /home/ahmad/Downloads/ishs/vendor/laravel/framework/src/Illuminate/Container/Container.php(731): Illuminate\\Foundation\\Application->resolve()
#18 /home/ahmad/Downloads/ishs/vendor/laravel/framework/src/Illuminate/Foundation/Application.php(971): Illuminate\\Container\\Container->make()
#19 /home/ahmad/Downloads/ishs/vendor/laravel/framework/src/Illuminate/Container/Container.php(1454): Illuminate\\Foundation\\Application->make()
#20 /home/ahmad/Downloads/ishs/vendor/laravel/framework/src/Illuminate/Routing/RoutingServiceProvider.php(182): Illuminate\\Container\\Container->offsetGet()
#21 /home/ahmad/Downloads/ishs/vendor/laravel/framework/src/Illuminate/Container/Container.php(908): Illuminate\\Routing\\RoutingServiceProvider->Illuminate\\Routing\\{closure}()
#22 /home/ahmad/Downloads/ishs/vendor/laravel/framework/src/Illuminate/Container/Container.php(795): Illuminate\\Container\\Container->build()
#23 /home/ahmad/Downloads/ishs/vendor/laravel/framework/src/Illuminate/Foundation/Application.php(986): Illuminate\\Container\\Container->resolve()
#24 /home/ahmad/Downloads/ishs/vendor/laravel/framework/src/Illuminate/Container/Container.php(731): Illuminate\\Foundation\\Application->resolve()
#25 /home/ahmad/Downloads/ishs/vendor/laravel/framework/src/Illuminate/Foundation/Application.php(971): Illuminate\\Container\\Container->make()
#26 /home/ahmad/Downloads/ishs/vendor/laravel/framework/src/Illuminate/Foundation/helpers.php(120): Illuminate\\Foundation\\Application->make()
#27 /home/ahmad/Downloads/ishs/vendor/laravel/framework/src/Illuminate/Foundation/helpers.php(790): app()
#28 /home/ahmad/Downloads/ishs/vendor/laravel/framework/src/Illuminate/Foundation/Exceptions/Handler.php(723): response()
#29 /home/ahmad/Downloads/ishs/vendor/laravel/framework/src/Illuminate/Foundation/Exceptions/Handler.php(650): Illuminate\\Foundation\\Exceptions\\Handler->renderHttpException()
#30 /home/ahmad/Downloads/ishs/vendor/laravel/framework/src/Illuminate/Foundation/Exceptions/Handler.php(556): Illuminate\\Foundation\\Exceptions\\Handler->prepareResponse()
#31 /home/ahmad/Downloads/ishs/vendor/laravel/framework/src/Illuminate/Foundation/Exceptions/Handler.php(473): Illuminate\\Foundation\\Exceptions\\Handler->renderExceptionResponse()
#32 /home/ahmad/Downloads/ishs/vendor/laravel/framework/src/Illuminate/Routing/Pipeline.php(51): Illuminate\\Foundation\\Exceptions\\Handler->render()
#33 /home/ahmad/Downloads/ishs/vendor/laravel/framework/src/Illuminate/Pipeline/Pipeline.php(146): Illuminate\\Routing\\Pipeline->handleException()
#34 /home/ahmad/Downloads/ishs/vendor/laravel/framework/src/Illuminate/Foundation/Http/Middleware/TransformsRequest.php(21): Illuminate\\Pipeline\\Pipeline->Illuminate\\Pipeline\\{closure}()
#35 /home/ahmad/Downloads/ishs/vendor/laravel/framework/src/Illuminate/Foundation/Http/Middleware/ConvertEmptyStringsToNull.php(31): Illuminate\\Foundation\\Http\\Middleware\\TransformsRequest->handle()
#36 /home/ahmad/Downloads/ishs/vendor/laravel/framework/src/Illuminate/Pipeline/Pipeline.php(183): Illuminate\\Foundation\\Http\\Middleware\\ConvertEmptyStringsToNull->handle()
#37 /home/ahmad/Downloads/ishs/vendor/laravel/framework/src/Illuminate/Foundation/Http/Middleware/TransformsRequest.php(21): Illuminate\\Pipeline\\Pipeline->Illuminate\\Pipeline\\{closure}()
#38 /home/ahmad/Downloads/ishs/vendor/laravel/framework/src/Illuminate/Foundation/Http/Middleware/TrimStrings.php(40): Illuminate\\Foundation\\Http\\Middleware\\TransformsRequest->handle()
#39 /home/ahmad/Downloads/ishs/vendor/laravel/framework/src/Illuminate/Pipeline/Pipeline.php(183): Illuminate\\Foundation\\Http\\Middleware\\TrimStrings->handle()
#40 /home/ahmad/Downloads/ishs/vendor/laravel/framework/src/Illuminate/Foundation/Http/Middleware/ValidatePostSize.php(27): Illuminate\\Pipeline\\Pipeline->Illuminate\\Pipeline\\{closure}()
#41 /home/ahmad/Downloads/ishs/vendor/laravel/framework/src/Illuminate/Pipeline/Pipeline.php(183): Illuminate\\Foundation\\Http\\Middleware\\ValidatePostSize->handle()
#42 /home/ahmad/Downloads/ishs/vendor/laravel/framework/src/Illuminate/Foundation/Http/Middleware/PreventRequestsDuringMaintenance.php(99): Illuminate\\Pipeline\\Pipeline->Illuminate\\Pipeline\\{closure}()
#43 /home/ahmad/Downloads/ishs/vendor/laravel/framework/src/Illuminate/Pipeline/Pipeline.php(183): Illuminate\\Foundation\\Http\\Middleware\\PreventRequestsDuringMaintenance->handle()
#44 /home/ahmad/Downloads/ishs/vendor/laravel/framework/src/Illuminate/Http/Middleware/HandleCors.php(49): Illuminate\\Pipeline\\Pipeline->Illuminate\\Pipeline\\{closure}()
#45 /home/ahmad/Downloads/ishs/vendor/laravel/framework/src/Illuminate/Pipeline/Pipeline.php(183): Illuminate\\Http\\Middleware\\HandleCors->handle()
#46 /home/ahmad/Downloads/ishs/vendor/laravel/framework/src/Illuminate/Http/Middleware/TrustProxies.php(39): Illuminate\\Pipeline\\Pipeline->Illuminate\\Pipeline\\{closure}()
#47 /home/ahmad/Downloads/ishs/vendor/laravel/framework/src/Illuminate/Pipeline/Pipeline.php(183): Illuminate\\Http\\Middleware\\TrustProxies->handle()
#48 /home/ahmad/Downloads/ishs/vendor/laravel/framework/src/Illuminate/Pipeline/Pipeline.php(119): Illuminate\\Pipeline\\Pipeline->Illuminate\\Pipeline\\{closure}()
#49 /home/ahmad/Downloads/ishs/vendor/laravel/framework/src/Illuminate/Foundation/Http/Kernel.php(175): Illuminate\\Pipeline\\Pipeline->then()
#50 /home/ahmad/Downloads/ishs/vendor/laravel/framework/src/Illuminate/Foundation/Http/Kernel.php(144): Illuminate\\Foundation\\Http\\Kernel->sendRequestThroughRouter()
#51 /home/ahmad/Downloads/ishs/public/index.php(51): Illuminate\\Foundation\\Http\\Kernel->handle()
#52 /home/ahmad/Downloads/ishs/vendor/laravel/framework/src/Illuminate/Foundation/resources/server.php(16): require_once('...')
#53 {main}
"} 
[2026-03-02 14:46:49] laravel.EMERGENCY: Unable to create configured logger. Using emergency logger. {"exception":"[object] (InvalidArgumentException(code: 0): Log [] is not defined. at /home/ahmad/Downloads/new lone star/lone_star/vendor/laravel/framework/src/Illuminate/Log/LogManager.php:212)
[stacktrace]
#0 /home/ahmad/Downloads/new lone star/lone_star/vendor/laravel/framework/src/Illuminate/Log/LogManager.php(137): Illuminate\\Log\\LogManager->resolve()
#1 /home/ahmad/Downloads/new lone star/lone_star/vendor/laravel/framework/src/Illuminate/Log/LogManager.php(124): Illuminate\\Log\\LogManager->get()
#2 /home/ahmad/Downloads/new lone star/lone_star/vendor/laravel/framework/src/Illuminate/Log/LogManager.php(681): Illuminate\\Log\\LogManager->driver()
#3 /home/ahmad/Downloads/new lone star/lone_star/vendor/laravel/framework/src/Illuminate/Foundation/Exceptions/Handler.php(317): Illuminate\\Log\\LogManager->error()
#4 /home/ahmad/Downloads/new lone star/lone_star/vendor/laravel/framework/src/Illuminate/Foundation/Exceptions/Handler.php(278): Illuminate\\Foundation\\Exceptions\\Handler->reportThrowable()
#5 /home/ahmad/Downloads/new lone star/lone_star/vendor/laravel/framework/src/Illuminate/Routing/Pipeline.php(49): Illuminate\\Foundation\\Exceptions\\Handler->report()
#6 /home/ahmad/Downloads/new lone star/lone_star/vendor/laravel/framework/src/Illuminate/Pipeline/Pipeline.php(188): Illuminate\\Routing\\Pipeline->handleException()
#7 /home/ahmad/Downloads/new lone star/lone_star/vendor/laravel/framework/src/Illuminate/Pipeline/Pipeline.php(119): Illuminate\\Pipeline\\Pipeline->Illuminate\\Pipeline\\{closure}()
#8 /home/ahmad/Downloads/new lone star/lone_star/vendor/laravel/framework/src/Illuminate/Routing/Router.php(805): Illuminate\\Pipeline\\Pipeline->then()
#9 /home/ahmad/Downloads/new lone star/lone_star/vendor/laravel/framework/src/Illuminate/Routing/Router.php(784): Illuminate\\Routing\\Router->runRouteWithinStack()
#10 /home/ahmad/Downloads/new lone star/lone_star/vendor/laravel/framework/src/Illuminate/Routing/Router.php(748): Illuminate\\Routing\\Router->runRoute()
#11 /home/ahmad/Downloads/new lone star/lone_star/vendor/laravel/framework/src/Illuminate/Routing/Router.php(737): Illuminate\\Routing\\Router->dispatchToRoute()
#12 /home/ahmad/Downloads/new lone star/lone_star/vendor/laravel/framework/src/Illuminate/Foundation/Http/Kernel.php(200): Illuminate\\Routing\\Router->dispatch()
#13 /home/ahmad/Downloads/new lone star/lone_star/vendor/laravel/framework/src/Illuminate/Pipeline/Pipeline.php(144): Illuminate\\Foundation\\Http\\Kernel->Illuminate\\Foundation\\Http\\{closure}()
#14 /home/ahmad/Downloads/new lone star/lone_star/vendor/laravel/framework/src/Illuminate/Foundation/Http/Middleware/TransformsRequest.php(21): Illuminate\\Pipeline\\Pipeline->Illuminate\\Pipeline\\{closure}()
#15 /home/ahmad/Downloads/new lone star/lone_star/vendor/laravel/framework/src/Illuminate/Foundation/Http/Middleware/ConvertEmptyStringsToNull.php(31): Illuminate\\Foundation\\Http\\Middleware\\TransformsRequest->handle()
#16 /home/ahmad/Downloads/new lone star/lone_star/vendor/laravel/framework/src/Illuminate/Pipeline/Pipeline.php(183): Illuminate\\Foundation\\Http\\Middleware\\ConvertEmptyStringsToNull->handle()
#17 /home/ahmad/Downloads/new lone star/lone_star/vendor/laravel/framework/src/Illuminate/Foundation/Http/Middleware/TransformsRequest.php(21): Illuminate\\Pipeline\\Pipeline->Illuminate\\Pipeline\\{closure}()
#18 /home/ahmad/Downloads/new lone star/lone_star/vendor/laravel/framework/src/Illuminate/Foundation/Http/Middleware/TrimStrings.php(40): Illuminate\\Foundation\\Http\\Middleware\\TransformsRequest->handle()
#19 /home/ahmad/Downloads/new lone star/lone_star/vendor/laravel/framework/src/Illuminate/Pipeline/Pipeline.php(183): Illuminate\\Foundation\\Http\\Middleware\\TrimStrings->handle()
#20 /home/ahmad/Downloads/new lone star/lone_star/vendor/laravel/framework/src/Illuminate/Foundation/Http/Middleware/ValidatePostSize.php(27): Illuminate\\Pipeline\\Pipeline->Illuminate\\Pipeline\\{closure}()
#21 /home/ahmad/Downloads/new lone star/lone_star/vendor/laravel/framework/src/Illuminate/Pipeline/Pipeline.php(183): Illuminate\\Foundation\\Http\\Middleware\\ValidatePostSize->handle()
#22 /home/ahmad/Downloads/new lone star/lone_star/vendor/laravel/framework/src/Illuminate/Foundation/Http/Middleware/PreventRequestsDuringMaintenance.php(99): Illuminate\\Pipeline\\Pipeline->Illuminate\\Pipeline\\{closure}()
#23 /home/ahmad/Downloads/new lone star/lone_star/vendor/laravel/framework/src/Illuminate/Pipeline/Pipeline.php(183): Illuminate\\Foundation\\Http\\Middleware\\PreventRequestsDuringMaintenance->handle()
#24 /home/ahmad/Downloads/new lone star/lone_star/vendor/laravel/framework/src/Illuminate/Http/Middleware/HandleCors.php(49): Illuminate\\Pipeline\\Pipeline->Illuminate\\Pipeline\\{closure}()
#25 /home/ahmad/Downloads/new lone star/lone_star/vendor/laravel/framework/src/Illuminate/Pipeline/Pipeline.php(183): Illuminate\\Http\\Middleware\\HandleCors->handle()
#26 /home/ahmad/Downloads/new lone star/lone_star/vendor/laravel/framework/src/Illuminate/Http/Middleware/TrustProxies.php(39): Illuminate\\Pipeline\\Pipeline->Illuminate\\Pipeline\\{closure}()
#27 /home/ahmad/Downloads/new lone star/lone_star/vendor/laravel/framework/src/Illuminate/Pipeline/Pipeline.php(183): Illuminate\\Http\\Middleware\\TrustProxies->handle()
#28 /home/ahmad/Downloads/new lone star/lone_star/vendor/laravel/framework/src/Illuminate/Pipeline/Pipeline.php(119): Illuminate\\Pipeline\\Pipeline->Illuminate\\Pipeline\\{closure}()
#29 /home/ahmad/Downloads/new lone star/lone_star/vendor/laravel/framework/src/Illuminate/Foundation/Http/Kernel.php(175): Illuminate\\Pipeline\\Pipeline->then()
#30 /home/ahmad/Downloads/new lone star/lone_star/vendor/laravel/framework/src/Illuminate/Foundation/Http/Kernel.php(144): Illuminate\\Foundation\\Http\\Kernel->sendRequestThroughRouter()
#31 /home/ahmad/Downloads/new lone star/lone_star/public/index.php(51): Illuminate\\Foundation\\Http\\Kernel->handle()
#32 /home/ahmad/Downloads/new lone star/lone_star/vendor/laravel/framework/src/Illuminate/Foundation/resources/server.php(16): require_once('...')
#33 {main}
"} 
[2026-03-02 14:46:49] laravel.ERROR: No application encryption key has been specified. {"exception":"[object] (Illuminate\\Encryption\\MissingAppKeyException(code: 0): No application encryption key has been specified. at /home/ahmad/Downloads/new lone star/lone_star/vendor/laravel/framework/src/Illuminate/Encryption/EncryptionServiceProvider.php:79)
[stacktrace]
#0 /home/ahmad/Downloads/new lone star/lone_star/vendor/laravel/framework/src/Illuminate/Support/helpers.php(320): Illuminate\\Encryption\\EncryptionServiceProvider->Illuminate\\Encryption\\{closure}()
#1 /home/ahmad/Downloads/new lone star/lone_star/vendor/laravel/framework/src/Illuminate/Encryption/EncryptionServiceProvider.php(77): tap()
#2 /home/ahmad/Downloads/new lone star/lone_star/vendor/laravel/framework/src/Illuminate/Encryption/EncryptionServiceProvider.php(60): Illuminate\\Encryption\\EncryptionServiceProvider->key()
#3 /home/ahmad/Downloads/new lone star/lone_star/vendor/laravel/framework/src/Illuminate/Encryption/EncryptionServiceProvider.php(32): Illuminate\\Encryption\\EncryptionServiceProvider->parseKey()
#4 /home/ahmad/Downloads/new lone star/lone_star/vendor/laravel/framework/src/Illuminate/Container/Container.php(908): Illuminate\\Encryption\\EncryptionServiceProvider->Illuminate\\Encryption\\{closure}()
#5 /home/ahmad/Downloads/new lone star/lone_star/vendor/laravel/framework/src/Illuminate/Container/Container.php(795): Illuminate\\Container\\Container->build()
#6 /home/ahmad/Downloads/new lone star/lone_star/vendor/laravel/framework/src/Illuminate/Foundation/Application.php(986): Illuminate\\Container\\Container->resolve()
#7 /home/ahmad/Downloads/new lone star/lone_star/vendor/laravel/framework/src/Illuminate/Container/Container.php(731): Illuminate\\Foundation\\Application->resolve()
#8 /home/ahmad/Downloads/new lone star/lone_star/vendor/laravel/framework/src/Illuminate/Foundation/Application.php(971): Illuminate\\Container\\Container->make()
#9 /home/ahmad/Downloads/new lone star/lone_star/vendor/laravel/framework/src/Illuminate/Container/Container.php(1066): Illuminate\\Foundation\\Application->make()
#10 /home/ahmad/Downloads/new lone star/lone_star/vendor/laravel/framework/src/Illuminate/Container/Container.php(982): Illuminate\\Container\\Container->resolveClass()
#11 /home/ahmad/Downloads/new lone star/lone_star/vendor/laravel/framework/src/Illuminate/Container/Container.php(943): Illuminate\\Container\\Container->resolveDependencies()
#12 /home/ahmad/Downloads/new lone star/lone_star/vendor/laravel/framework/src/Illuminate/Container/Container.php(795): Illuminate\\Container\\Container->build()
#13 /home/ahmad/Downloads/new lone star/lone_star/vendor/laravel/framework/src/Illuminate/Foundation/Application.php(986): Illuminate\\Container\\Container->resolve()
#14 /home/ahmad/Downloads/new lone star/lone_star/vendor/laravel/framework/src/Illuminate/Container/Container.php(731): Illuminate\\Foundation\\Application->resolve()
#15 /home/ahmad/Downloads/new lone star/lone_star/vendor/laravel/framework/src/Illuminate/Foundation/Application.php(971): Illuminate\\Container\\Container->make()
#16 /home/ahmad/Downloads/new lone star/lone_star/vendor/laravel/framework/src/Illuminate/Pipeline/Pipeline.php(172): Illuminate\\Foundation\\Application->make()
#17 /home/ahmad/Downloads/new lone star/lone_star/vendor/laravel/framework/src/Illuminate/Pipeline/Pipeline.php(119): Illuminate\\Pipeline\\Pipeline->Illuminate\\Pipeline\\{closure}()
#18 /home/ahmad/Downloads/new lone star/lone_star/vendor/laravel/framework/src/Illuminate/Routing/Router.php(805): Illuminate\\Pipeline\\Pipeline->then()
#19 /home/ahmad/Downloads/new lone star/lone_star/vendor/laravel/framework/src/Illuminate/Routing/Router.php(784): Illuminate\\Routing\\Router->runRouteWithinStack()
#20 /home/ahmad/Downloads/new lone star/lone_star/vendor/laravel/framework/src/Illuminate/Routing/Router.php(748): Illuminate\\Routing\\Router->runRoute()
#21 /home/ahmad/Downloads/new lone star/lone_star/vendor/laravel/framework/src/Illuminate/Routing/Router.php(737): Illuminate\\Routing\\Router->dispatchToRoute()
#22 /home/ahmad/Downloads/new lone star/lone_star/vendor/laravel/framework/src/Illuminate/Foundation/Http/Kernel.php(200): Illuminate\\Routing\\Router->dispatch()
#23 /home/ahmad/Downloads/new lone star/lone_star/vendor/laravel/framework/src/Illuminate/Pipeline/Pipeline.php(144): Illuminate\\Foundation\\Http\\Kernel->Illuminate\\Foundation\\Http\\{closure}()
#24 /home/ahmad/Downloads/new lone star/lone_star/vendor/laravel/framework/src/Illuminate/Foundation/Http/Middleware/TransformsRequest.php(21): Illuminate\\Pipeline\\Pipeline->Illuminate\\Pipeline\\{closure}()
#25 /home/ahmad/Downloads/new lone star/lone_star/vendor/laravel/framework/src/Illuminate/Foundation/Http/Middleware/ConvertEmptyStringsToNull.php(31): Illuminate\\Foundation\\Http\\Middleware\\TransformsRequest->handle()
#26 /home/ahmad/Downloads/new lone star/lone_star/vendor/laravel/framework/src/Illuminate/Pipeline/Pipeline.php(183): Illuminate\\Foundation\\Http\\Middleware\\ConvertEmptyStringsToNull->handle()
#27 /home/ahmad/Downloads/new lone star/lone_star/vendor/laravel/framework/src/Illuminate/Foundation/Http/Middleware/TransformsRequest.php(21): Illuminate\\Pipeline\\Pipeline->Illuminate\\Pipeline\\{closure}()
#28 /home/ahmad/Downloads/new lone star/lone_star/vendor/laravel/framework/src/Illuminate/Foundation/Http/Middleware/TrimStrings.php(40): Illuminate\\Foundation\\Http\\Middleware\\TransformsRequest->handle()
#29 /home/ahmad/Downloads/new lone star/lone_star/vendor/laravel/framework/src/Illuminate/Pipeline/Pipeline.php(183): Illuminate\\Foundation\\Http\\Middleware\\TrimStrings->handle()
#30 /home/ahmad/Downloads/new lone star/lone_star/vendor/laravel/framework/src/Illuminate/Foundation/Http/Middleware/ValidatePostSize.php(27): Illuminate\\Pipeline\\Pipeline->Illuminate\\Pipeline\\{closure}()
#31 /home/ahmad/Downloads/new lone star/lone_star/vendor/laravel/framework/src/Illuminate/Pipeline/Pipeline.php(183): Illuminate\\Foundation\\Http\\Middleware\\ValidatePostSize->handle()
#32 /home/ahmad/Downloads/new lone star/lone_star/vendor/laravel/framework/src/Illuminate/Foundation/Http/Middleware/PreventRequestsDuringMaintenance.php(99): Illuminate\\Pipeline\\Pipeline->Illuminate\\Pipeline\\{closure}()
#33 /home/ahmad/Downloads/new lone star/lone_star/vendor/laravel/framework/src/Illuminate/Pipeline/Pipeline.php(183): Illuminate\\Foundation\\Http\\Middleware\\PreventRequestsDuringMaintenance->handle()
#34 /home/ahmad/Downloads/new lone star/lone_star/vendor/laravel/framework/src/Illuminate/Http/Middleware/HandleCors.php(49): Illuminate\\Pipeline\\Pipeline->Illuminate\\Pipeline\\{closure}()
#35 /home/ahmad/Downloads/new lone star/lone_star/vendor/laravel/framework/src/Illuminate/Pipeline/Pipeline.php(183): Illuminate\\Http\\Middleware\\HandleCors->handle()
#36 /home/ahmad/Downloads/new lone star/lone_star/vendor/laravel/framework/src/Illuminate/Http/Middleware/TrustProxies.php(39): Illuminate\\Pipeline\\Pipeline->Illuminate\\Pipeline\\{closure}()
#37 /home/ahmad/Downloads/new lone star/lone_star/vendor/laravel/framework/src/Illuminate/Pipeline/Pipeline.php(183): Illuminate\\Http\\Middleware\\TrustProxies->handle()
#38 /home/ahmad/Downloads/new lone star/lone_star/vendor/laravel/framework/src/Illuminate/Pipeline/Pipeline.php(119): Illuminate\\Pipeline\\Pipeline->Illuminate\\Pipeline\\{closure}()
#39 /home/ahmad/Downloads/new lone star/lone_star/vendor/laravel/framework/src/Illuminate/Foundation/Http/Kernel.php(175): Illuminate\\Pipeline\\Pipeline->then()
#40 /home/ahmad/Downloads/new lone star/lone_star/vendor/laravel/framework/src/Illuminate/Foundation/Http/Kernel.php(144): Illuminate\\Foundation\\Http\\Kernel->sendRequestThroughRouter()
#41 /home/ahmad/Downloads/new lone star/lone_star/public/index.php(51): Illuminate\\Foundation\\Http\\Kernel->handle()
#42 /home/ahmad/Downloads/new lone star/lone_star/vendor/laravel/framework/src/Illuminate/Foundation/resources/server.php(16): require_once('...')
#43 {main}
"} 
[2026-03-02 14:46:49] laravel.EMERGENCY: Unable to create configured logger. Using emergency logger. {"exception":"[object] (InvalidArgumentException(code: 0): Log [] is not defined. at /home/ahmad/Downloads/new lone star/lone_star/vendor/laravel/framework/src/Illuminate/Log/LogManager.php:212)
[stacktrace]
#0 /home/ahmad/Downloads/new lone star/lone_star/vendor/laravel/framework/src/Illuminate/Log/LogManager.php(137): Illuminate\\Log\\LogManager->resolve()
#1 /home/ahmad/Downloads/new lone star/lone_star/vendor/laravel/framework/src/Illuminate/Log/LogManager.php(124): Illuminate\\Log\\LogManager->get()
#2 /home/ahmad/Downloads/new lone star/lone_star/vendor/laravel/framework/src/Illuminate/Log/LogManager.php(681): Illuminate\\Log\\LogManager->driver()
#3 /home/ahmad/Downloads/new lone star/lone_star/vendor/laravel/framework/src/Illuminate/Foundation/Exceptions/Handler.php(317): Illuminate\\Log\\LogManager->error()
#4 /home/ahmad/Downloads/new lone star/lone_star/vendor/laravel/framework/src/Illuminate/Foundation/Exceptions/Handler.php(278): Illuminate\\Foundation\\Exceptions\\Handler->reportThrowable()
#5 /home/ahmad/Downloads/new lone star/lone_star/vendor/laravel/framework/src/Illuminate/Foundation/Bootstrap/HandleExceptions.php(183): Illuminate\\Foundation\\Exceptions\\Handler->report()
#6 /home/ahmad/Downloads/new lone star/lone_star/vendor/laravel/framework/src/Illuminate/Foundation/Bootstrap/HandleExceptions.php(255): Illuminate\\Foundation\\Bootstrap\\HandleExceptions->handleException()
#7 [internal function]: Illuminate\\Foundation\\Bootstrap\\HandleExceptions->Illuminate\\Foundation\\Bootstrap\\{closure}()
#8 {main}
"} 
[2026-03-02 14:46:49] laravel.ERROR: No application encryption key has been specified. {"exception":"[object] (Illuminate\\Encryption\\MissingAppKeyException(code: 0): No application encryption key has been specified. at /home/ahmad/Downloads/new lone star/lone_star/vendor/laravel/framework/src/Illuminate/Encryption/EncryptionServiceProvider.php:79)
[stacktrace]
#0 /home/ahmad/Downloads/new lone star/lone_star/vendor/laravel/framework/src/Illuminate/Support/helpers.php(320): Illuminate\\Encryption\\EncryptionServiceProvider->Illuminate\\Encryption\\{closure}()
#1 /home/ahmad/Downloads/new lone star/lone_star/vendor/laravel/framework/src/Illuminate/Encryption/EncryptionServiceProvider.php(77): tap()
#2 /home/ahmad/Downloads/new lone star/lone_star/vendor/laravel/framework/src/Illuminate/Encryption/EncryptionServiceProvider.php(60): Illuminate\\Encryption\\EncryptionServiceProvider->key()
#3 /home/ahmad/Downloads/new lone star/lone_star/vendor/laravel/framework/src/Illuminate/Encryption/EncryptionServiceProvider.php(32): Illuminate\\Encryption\\EncryptionServiceProvider->parseKey()
#4 /home/ahmad/Downloads/new lone star/lone_star/vendor/laravel/framework/src/Illuminate/Container/Container.php(908): Illuminate\\Encryption\\EncryptionServiceProvider->Illuminate\\Encryption\\{closure}()
#5 /home/ahmad/Downloads/new lone star/lone_star/vendor/laravel/framework/src/Illuminate/Container/Container.php(795): Illuminate\\Container\\Container->build()
#6 /home/ahmad/Downloads/new lone star/lone_star/vendor/laravel/framework/src/Illuminate/Foundation/Application.php(986): Illuminate\\Container\\Container->resolve()
#7 /home/ahmad/Downloads/new lone star/lone_star/vendor/laravel/framework/src/Illuminate/Container/Container.php(731): Illuminate\\Foundation\\Application->resolve()
#8 /home/ahmad/Downloads/new lone star/lone_star/vendor/laravel/framework/src/Illuminate/Foundation/Application.php(971): Illuminate\\Container\\Container->make()
#9 /home/ahmad/Downloads/new lone star/lone_star/vendor/laravel/framework/src/Illuminate/Container/Container.php(1066): Illuminate\\Foundation\\Application->make()
#10 /home/ahmad/Downloads/new lone star/lone_star/vendor/laravel/framework/src/Illuminate/Container/Container.php(982): Illuminate\\Container\\Container->resolveClass()
#11 /home/ahmad/Downloads/new lone star/lone_star/vendor/laravel/framework/src/Illuminate/Container/Container.php(943): Illuminate\\Container\\Container->resolveDependencies()
#12 /home/ahmad/Downloads/new lone star/lone_star/vendor/laravel/framework/src/Illuminate/Container/Container.php(795): Illuminate\\Container\\Container->build()
#13 /home/ahmad/Downloads/new lone star/lone_star/vendor/laravel/framework/src/Illuminate/Foundation/Application.php(986): Illuminate\\Container\\Container->resolve()
#14 /home/ahmad/Downloads/new lone star/lone_star/vendor/laravel/framework/src/Illuminate/Container/Container.php(731): Illuminate\\Foundation\\Application->resolve()
#15 /home/ahmad/Downloads/new lone star/lone_star/vendor/laravel/framework/src/Illuminate/Foundation/Application.php(971): Illuminate\\Container\\Container->make()
#16 /home/ahmad/Downloads/new lone star/lone_star/vendor/laravel/framework/src/Illuminate/Foundation/Http/Kernel.php(255): Illuminate\\Foundation\\Application->make()
#17 /home/ahmad/Downloads/new lone star/lone_star/vendor/laravel/framework/src/Illuminate/Foundation/Http/Kernel.php(213): Illuminate\\Foundation\\Http\\Kernel->terminateMiddleware()
#18 /home/ahmad/Downloads/new lone star/lone_star/public/index.php(55): Illuminate\\Foundation\\Http\\Kernel->terminate()
#19 /home/ahmad/Downloads/new lone star/lone_star/vendor/laravel/framework/src/Illuminate/Foundation/resources/server.php(16): require_once('...')
#20 {main}
"} 
[2026-03-02 14:47:33] laravel.EMERGENCY: Unable to create configured logger. Using emergency logger. {"exception":"[object] (InvalidArgumentException(code: 0): Log [] is not defined. at /home/ahmad/Downloads/new lone star/lone_star/vendor/laravel/framework/src/Illuminate/Log/LogManager.php:212)
[stacktrace]
#0 /home/ahmad/Downloads/new lone star/lone_star/vendor/laravel/framework/src/Illuminate/Log/LogManager.php(137): Illuminate\\Log\\LogManager->resolve()
#1 /home/ahmad/Downloads/new lone star/lone_star/vendor/laravel/framework/src/Illuminate/Log/LogManager.php(124): Illuminate\\Log\\LogManager->get()
#2 /home/ahmad/Downloads/new lone star/lone_star/vendor/laravel/framework/src/Illuminate/Log/LogManager.php(681): Illuminate\\Log\\LogManager->driver()
#3 /home/ahmad/Downloads/new lone star/lone_star/vendor/laravel/framework/src/Illuminate/Foundation/Exceptions/Handler.php(317): Illuminate\\Log\\LogManager->error()
#4 /home/ahmad/Downloads/new lone star/lone_star/vendor/laravel/framework/src/Illuminate/Foundation/Exceptions/Handler.php(278): Illuminate\\Foundation\\Exceptions\\Handler->reportThrowable()
#5 /home/ahmad/Downloads/new lone star/lone_star/vendor/nunomaduro/collision/src/Adapters/Laravel/ExceptionHandler.php(46): Illuminate\\Foundation\\Exceptions\\Handler->report()
#6 /home/ahmad/Downloads/new lone star/lone_star/vendor/laravel/framework/src/Illuminate/Foundation/Console/Kernel.php(523): NunoMaduro\\Collision\\Adapters\\Laravel\\ExceptionHandler->report()
#7 /home/ahmad/Downloads/new lone star/lone_star/vendor/laravel/framework/src/Illuminate/Foundation/Console/Kernel.php(203): Illuminate\\Foundation\\Console\\Kernel->reportException()
#8 /home/ahmad/Downloads/new lone star/lone_star/artisan(35): Illuminate\\Foundation\\Console\\Kernel->handle()
#9 {main}
"} 
[2026-03-02 14:47:33] laravel.ERROR: There are no commands defined in the "kekey" namespace. {"exception":"[object] (Symfony\\Component\\Console\\Exception\\NamespaceNotFoundException(code: 0): There are no commands defined in the \"kekey\" namespace. at /home/ahmad/Downloads/new lone star/lone_star/vendor/symfony/console/Application.php:678)
[stacktrace]
#0 /home/ahmad/Downloads/new lone star/lone_star/vendor/symfony/console/Application.php(729): Symfony\\Component\\Console\\Application->findNamespace()
#1 /home/ahmad/Downloads/new lone star/lone_star/vendor/symfony/console/Application.php(266): Symfony\\Component\\Console\\Application->find()
#2 /home/ahmad/Downloads/new lone star/lone_star/vendor/symfony/console/Application.php(175): Symfony\\Component\\Console\\Application->doRun()
#3 /home/ahmad/Downloads/new lone star/lone_star/vendor/laravel/framework/src/Illuminate/Foundation/Console/Kernel.php(201): Symfony\\Component\\Console\\Application->run()
#4 /home/ahmad/Downloads/new lone star/lone_star/artisan(35): Illuminate\\Foundation\\Console\\Kernel->handle()
#5 {main}
"} 
[2026-03-03 06:48:43] laravel.EMERGENCY: Unable to create configured logger. Using emergency logger. {"exception":"[object] (InvalidArgumentException(code: 0): Log [] is not defined. at /home/ahmad/Downloads/new lone star/lone_star/vendor/laravel/framework/src/Illuminate/Log/LogManager.php:212)
[stacktrace]
#0 /home/ahmad/Downloads/new lone star/lone_star/vendor/laravel/framework/src/Illuminate/Log/LogManager.php(137): Illuminate\\Log\\LogManager->resolve()
#1 /home/ahmad/Downloads/new lone star/lone_star/vendor/laravel/framework/src/Illuminate/Log/LogManager.php(124): Illuminate\\Log\\LogManager->get()
#2 /home/ahmad/Downloads/new lone star/lone_star/vendor/laravel/framework/src/Illuminate/Log/LogManager.php(681): Illuminate\\Log\\LogManager->driver()
#3 /home/ahmad/Downloads/new lone star/lone_star/vendor/laravel/framework/src/Illuminate/Foundation/Exceptions/Handler.php(317): Illuminate\\Log\\LogManager->error()
#4 /home/ahmad/Downloads/new lone star/lone_star/vendor/laravel/framework/src/Illuminate/Foundation/Exceptions/Handler.php(278): Illuminate\\Foundation\\Exceptions\\Handler->reportThrowable()
#5 /home/ahmad/Downloads/new lone star/lone_star/vendor/nunomaduro/collision/src/Adapters/Laravel/ExceptionHandler.php(46): Illuminate\\Foundation\\Exceptions\\Handler->report()
#6 /home/ahmad/Downloads/new lone star/lone_star/vendor/laravel/framework/src/Illuminate/Foundation/Console/Kernel.php(523): NunoMaduro\\Collision\\Adapters\\Laravel\\ExceptionHandler->report()
#7 /home/ahmad/Downloads/new lone star/lone_star/vendor/laravel/framework/src/Illuminate/Foundation/Console/Kernel.php(203): Illuminate\\Foundation\\Console\\Kernel->reportException()
#8 /home/ahmad/Downloads/new lone star/lone_star/artisan(35): Illuminate\\Foundation\\Console\\Kernel->handle()
#9 {main}
"} 
[2026-03-03 06:48:43] laravel.ERROR: The "--columns" option does not exist. {"exception":"[object] (Symfony\\Component\\Console\\Exception\\RuntimeException(code: 0): The \"--columns\" option does not exist. at /home/ahmad/Downloads/new lone star/lone_star/vendor/symfony/console/Input/ArgvInput.php:223)
[stacktrace]
#0 /home/ahmad/Downloads/new lone star/lone_star/vendor/symfony/console/Input/ArgvInput.php(150): Symfony\\Component\\Console\\Input\\ArgvInput->addLongOption()
#1 /home/ahmad/Downloads/new lone star/lone_star/vendor/symfony/console/Input/ArgvInput.php(85): Symfony\\Component\\Console\\Input\\ArgvInput->parseLongOption()
#2 /home/ahmad/Downloads/new lone star/lone_star/vendor/symfony/console/Input/ArgvInput.php(74): Symfony\\Component\\Console\\Input\\ArgvInput->parseToken()
#3 /home/ahmad/Downloads/new lone star/lone_star/vendor/symfony/console/Input/Input.php(56): Symfony\\Component\\Console\\Input\\ArgvInput->parse()
#4 /home/ahmad/Downloads/new lone star/lone_star/vendor/symfony/console/Command/Command.php(285): Symfony\\Component\\Console\\Input\\Input->bind()
#5 /home/ahmad/Downloads/new lone star/lone_star/vendor/laravel/framework/src/Illuminate/Console/Command.php(180): Symfony\\Component\\Console\\Command\\Command->run()
#6 /home/ahmad/Downloads/new lone star/lone_star/vendor/symfony/console/Application.php(1121): Illuminate\\Console\\Command->run()
#7 /home/ahmad/Downloads/new lone star/lone_star/vendor/symfony/console/Application.php(324): Symfony\\Component\\Console\\Application->doRunCommand()
#8 /home/ahmad/Downloads/new lone star/lone_star/vendor/symfony/console/Application.php(175): Symfony\\Component\\Console\\Application->doRun()
#9 /home/ahmad/Downloads/new lone star/lone_star/vendor/laravel/framework/src/Illuminate/Foundation/Console/Kernel.php(201): Symfony\\Component\\Console\\Application->run()
#10 /home/ahmad/Downloads/new lone star/lone_star/artisan(35): Illuminate\\Foundation\\Console\\Kernel->handle()
#11 {main}
"} 
[2026-03-10 07:06:33] laravel.EMERGENCY: Unable to create configured logger. Using emergency logger. {"exception":"[object] (InvalidArgumentException(code: 0): Log [] is not defined. at /home/ahmad/Downloads/new lone star/lone_star/vendor/laravel/framework/src/Illuminate/Log/LogManager.php:212)
[stacktrace]
#0 /home/ahmad/Downloads/new lone star/lone_star/vendor/laravel/framework/src/Illuminate/Log/LogManager.php(137): Illuminate\\Log\\LogManager->resolve()
#1 /home/ahmad/Downloads/new lone star/lone_star/vendor/laravel/framework/src/Illuminate/Log/LogManager.php(124): Illuminate\\Log\\LogManager->get()
#2 /home/ahmad/Downloads/new lone star/lone_star/vendor/laravel/framework/src/Illuminate/Log/LogManager.php(681): Illuminate\\Log\\LogManager->driver()
#3 /home/ahmad/Downloads/new lone star/lone_star/vendor/laravel/framework/src/Illuminate/Foundation/Exceptions/Handler.php(317): Illuminate\\Log\\LogManager->error()
#4 /home/ahmad/Downloads/new lone star/lone_star/vendor/laravel/framework/src/Illuminate/Foundation/Exceptions/Handler.php(278): Illuminate\\Foundation\\Exceptions\\Handler->reportThrowable()
#5 /home/ahmad/Downloads/new lone star/lone_star/vendor/nunomaduro/collision/src/Adapters/Laravel/ExceptionHandler.php(46): Illuminate\\Foundation\\Exceptions\\Handler->report()
#6 /home/ahmad/Downloads/new lone star/lone_star/vendor/laravel/framework/src/Illuminate/Foundation/Console/Kernel.php(523): NunoMaduro\\Collision\\Adapters\\Laravel\\ExceptionHandler->report()
#7 /home/ahmad/Downloads/new lone star/lone_star/vendor/laravel/framework/src/Illuminate/Foundation/Console/Kernel.php(203): Illuminate\\Foundation\\Console\\Kernel->reportException()
#8 /home/ahmad/Downloads/new lone star/lone_star/artisan(35): Illuminate\\Foundation\\Console\\Kernel->handle()
#9 {main}
"} 
[2026-03-10 07:06:33] laravel.ERROR: The "--columns" option does not exist. {"exception":"[object] (Symfony\\Component\\Console\\Exception\\RuntimeException(code: 0): The \"--columns\" option does not exist. at /home/ahmad/Downloads/new lone star/lone_star/vendor/symfony/console/Input/ArgvInput.php:223)
[stacktrace]
#0 /home/ahmad/Downloads/new lone star/lone_star/vendor/symfony/console/Input/ArgvInput.php(150): Symfony\\Component\\Console\\Input\\ArgvInput->addLongOption()
#1 /home/ahmad/Downloads/new lone star/lone_star/vendor/symfony/console/Input/ArgvInput.php(85): Symfony\\Component\\Console\\Input\\ArgvInput->parseLongOption()
#2 /home/ahmad/Downloads/new lone star/lone_star/vendor/symfony/console/Input/ArgvInput.php(74): Symfony\\Component\\Console\\Input\\ArgvInput->parseToken()
#3 /home/ahmad/Downloads/new lone star/lone_star/vendor/symfony/console/Input/Input.php(56): Symfony\\Component\\Console\\Input\\ArgvInput->parse()
#4 /home/ahmad/Downloads/new lone star/lone_star/vendor/symfony/console/Command/Command.php(285): Symfony\\Component\\Console\\Input\\Input->bind()
#5 /home/ahmad/Downloads/new lone star/lone_star/vendor/laravel/framework/src/Illuminate/Console/Command.php(180): Symfony\\Component\\Console\\Command\\Command->run()
#6 /home/ahmad/Downloads/new lone star/lone_star/vendor/symfony/console/Application.php(1121): Illuminate\\Console\\Command->run()
#7 /home/ahmad/Downloads/new lone star/lone_star/vendor/symfony/console/Application.php(324): Symfony\\Component\\Console\\Application->doRunCommand()
#8 /home/ahmad/Downloads/new lone star/lone_star/vendor/symfony/console/Application.php(175): Symfony\\Component\\Console\\Application->doRun()
#9 /home/ahmad/Downloads/new lone star/lone_star/vendor/laravel/framework/src/Illuminate/Foundation/Console/Kernel.php(201): Symfony\\Component\\Console\\Application->run()
#10 /home/ahmad/Downloads/new lone star/lone_star/artisan(35): Illuminate\\Foundation\\Console\\Kernel->handle()
#11 {main}
"} 
[2026-03-10 07:06:35] laravel.EMERGENCY: Unable to create configured logger. Using emergency logger. {"exception":"[object] (InvalidArgumentException(code: 0): Log [] is not defined. at /home/ahmad/Downloads/new lone star/lone_star/vendor/laravel/framework/src/Illuminate/Log/LogManager.php:212)
[stacktrace]
#0 /home/ahmad/Downloads/new lone star/lone_star/vendor/laravel/framework/src/Illuminate/Log/LogManager.php(137): Illuminate\\Log\\LogManager->resolve()
#1 /home/ahmad/Downloads/new lone star/lone_star/vendor/laravel/framework/src/Illuminate/Log/LogManager.php(124): Illuminate\\Log\\LogManager->get()
#2 /home/ahmad/Downloads/new lone star/lone_star/vendor/laravel/framework/src/Illuminate/Log/LogManager.php(681): Illuminate\\Log\\LogManager->driver()
#3 /home/ahmad/Downloads/new lone star/lone_star/vendor/laravel/framework/src/Illuminate/Foundation/Exceptions/Handler.php(317): Illuminate\\Log\\LogManager->error()
#4 /home/ahmad/Downloads/new lone star/lone_star/vendor/laravel/framework/src/Illuminate/Foundation/Exceptions/Handler.php(278): Illuminate\\Foundation\\Exceptions\\Handler->reportThrowable()
#5 /home/ahmad/Downloads/new lone star/lone_star/vendor/nunomaduro/collision/src/Adapters/Laravel/ExceptionHandler.php(46): Illuminate\\Foundation\\Exceptions\\Handler->report()
#6 /home/ahmad/Downloads/new lone star/lone_star/vendor/laravel/framework/src/Illuminate/Foundation/Console/Kernel.php(523): NunoMaduro\\Collision\\Adapters\\Laravel\\ExceptionHandler->report()
#7 /home/ahmad/Downloads/new lone star/lone_star/vendor/laravel/framework/src/Illuminate/Foundation/Console/Kernel.php(203): Illuminate\\Foundation\\Console\\Kernel->reportException()
#8 /home/ahmad/Downloads/new lone star/lone_star/artisan(35): Illuminate\\Foundation\\Console\\Kernel->handle()
#9 {main}
"} 
[2026-03-10 07:06:35] laravel.ERROR: The "--columns" option does not exist. {"exception":"[object] (Symfony\\Component\\Console\\Exception\\RuntimeException(code: 0): The \"--columns\" option does not exist. at /home/ahmad/Downloads/new lone star/lone_star/vendor/symfony/console/Input/ArgvInput.php:223)
[stacktrace]
#0 /home/ahmad/Downloads/new lone star/lone_star/vendor/symfony/console/Input/ArgvInput.php(150): Symfony\\Component\\Console\\Input\\ArgvInput->addLongOption()
#1 /home/ahmad/Downloads/new lone star/lone_star/vendor/symfony/console/Input/ArgvInput.php(85): Symfony\\Component\\Console\\Input\\ArgvInput->parseLongOption()
#2 /home/ahmad/Downloads/new lone star/lone_star/vendor/symfony/console/Input/ArgvInput.php(74): Symfony\\Component\\Console\\Input\\ArgvInput->parseToken()
#3 /home/ahmad/Downloads/new lone star/lone_star/vendor/symfony/console/Input/Input.php(56): Symfony\\Component\\Console\\Input\\ArgvInput->parse()
#4 /home/ahmad/Downloads/new lone star/lone_star/vendor/symfony/console/Command/Command.php(285): Symfony\\Component\\Console\\Input\\Input->bind()
#5 /home/ahmad/Downloads/new lone star/lone_star/vendor/laravel/framework/src/Illuminate/Console/Command.php(180): Symfony\\Component\\Console\\Command\\Command->run()
#6 /home/ahmad/Downloads/new lone star/lone_star/vendor/symfony/console/Application.php(1121): Illuminate\\Console\\Command->run()
#7 /home/ahmad/Downloads/new lone star/lone_star/vendor/symfony/console/Application.php(324): Symfony\\Component\\Console\\Application->doRunCommand()
#8 /home/ahmad/Downloads/new lone star/lone_star/vendor/symfony/console/Application.php(175): Symfony\\Component\\Console\\Application->doRun()
#9 /home/ahmad/Downloads/new lone star/lone_star/vendor/laravel/framework/src/Illuminate/Foundation/Console/Kernel.php(201): Symfony\\Component\\Console\\Application->run()
#10 /home/ahmad/Downloads/new lone star/lone_star/artisan(35): Illuminate\\Foundation\\Console\\Kernel->handle()
#11 {main}
"} 
[2026-03-10 07:06:37] laravel.EMERGENCY: Unable to create configured logger. Using emergency logger. {"exception":"[object] (InvalidArgumentException(code: 0): Log [] is not defined. at /home/ahmad/Downloads/new lone star/lone_star/vendor/laravel/framework/src/Illuminate/Log/LogManager.php:212)
[stacktrace]
#0 /home/ahmad/Downloads/new lone star/lone_star/vendor/laravel/framework/src/Illuminate/Log/LogManager.php(137): Illuminate\\Log\\LogManager->resolve()
#1 /home/ahmad/Downloads/new lone star/lone_star/vendor/laravel/framework/src/Illuminate/Log/LogManager.php(124): Illuminate\\Log\\LogManager->get()
#2 /home/ahmad/Downloads/new lone star/lone_star/vendor/laravel/framework/src/Illuminate/Log/LogManager.php(681): Illuminate\\Log\\LogManager->driver()
#3 /home/ahmad/Downloads/new lone star/lone_star/vendor/laravel/framework/src/Illuminate/Foundation/Exceptions/Handler.php(317): Illuminate\\Log\\LogManager->error()
#4 /home/ahmad/Downloads/new lone star/lone_star/vendor/laravel/framework/src/Illuminate/Foundation/Exceptions/Handler.php(278): Illuminate\\Foundation\\Exceptions\\Handler->reportThrowable()
#5 /home/ahmad/Downloads/new lone star/lone_star/vendor/nunomaduro/collision/src/Adapters/Laravel/ExceptionHandler.php(46): Illuminate\\Foundation\\Exceptions\\Handler->report()
#6 /home/ahmad/Downloads/new lone star/lone_star/vendor/laravel/framework/src/Illuminate/Foundation/Console/Kernel.php(523): NunoMaduro\\Collision\\Adapters\\Laravel\\ExceptionHandler->report()
#7 /home/ahmad/Downloads/new lone star/lone_star/vendor/laravel/framework/src/Illuminate/Foundation/Console/Kernel.php(203): Illuminate\\Foundation\\Console\\Kernel->reportException()
#8 /home/ahmad/Downloads/new lone star/lone_star/artisan(35): Illuminate\\Foundation\\Console\\Kernel->handle()
#9 {main}
"} 
[2026-03-10 07:06:37] laravel.ERROR: The "--columns" option does not exist. {"exception":"[object] (Symfony\\Component\\Console\\Exception\\RuntimeException(code: 0): The \"--columns\" option does not exist. at /home/ahmad/Downloads/new lone star/lone_star/vendor/symfony/console/Input/ArgvInput.php:223)
[stacktrace]
#0 /home/ahmad/Downloads/new lone star/lone_star/vendor/symfony/console/Input/ArgvInput.php(150): Symfony\\Component\\Console\\Input\\ArgvInput->addLongOption()
#1 /home/ahmad/Downloads/new lone star/lone_star/vendor/symfony/console/Input/ArgvInput.php(85): Symfony\\Component\\Console\\Input\\ArgvInput->parseLongOption()
#2 /home/ahmad/Downloads/new lone star/lone_star/vendor/symfony/console/Input/ArgvInput.php(74): Symfony\\Component\\Console\\Input\\ArgvInput->parseToken()
#3 /home/ahmad/Downloads/new lone star/lone_star/vendor/symfony/console/Input/Input.php(56): Symfony\\Component\\Console\\Input\\ArgvInput->parse()
#4 /home/ahmad/Downloads/new lone star/lone_star/vendor/symfony/console/Command/Command.php(285): Symfony\\Component\\Console\\Input\\Input->bind()
#5 /home/ahmad/Downloads/new lone star/lone_star/vendor/laravel/framework/src/Illuminate/Console/Command.php(180): Symfony\\Component\\Console\\Command\\Command->run()
#6 /home/ahmad/Downloads/new lone star/lone_star/vendor/symfony/console/Application.php(1121): Illuminate\\Console\\Command->run()
#7 /home/ahmad/Downloads/new lone star/lone_star/vendor/symfony/console/Application.php(324): Symfony\\Component\\Console\\Application->doRunCommand()
#8 /home/ahmad/Downloads/new lone star/lone_star/vendor/symfony/console/Application.php(175): Symfony\\Component\\Console\\Application->doRun()
#9 /home/ahmad/Downloads/new lone star/lone_star/vendor/laravel/framework/src/Illuminate/Foundation/Console/Kernel.php(201): Symfony\\Component\\Console\\Application->run()
#10 /home/ahmad/Downloads/new lone star/lone_star/artisan(35): Illuminate\\Foundation\\Console\\Kernel->handle()
#11 {main}
"} 
[2026-03-10 08:09:42] laravel.EMERGENCY: Unable to create configured logger. Using emergency logger. {"exception":"[object] (InvalidArgumentException(code: 0): Log [] is not defined. at /home/ahmad/Downloads/new lone star/lone_star/vendor/laravel/framework/src/Illuminate/Log/LogManager.php:212)
[stacktrace]
#0 /home/ahmad/Downloads/new lone star/lone_star/vendor/laravel/framework/src/Illuminate/Log/LogManager.php(137): Illuminate\\Log\\LogManager->resolve()
#1 /home/ahmad/Downloads/new lone star/lone_star/vendor/laravel/framework/src/Illuminate/Log/LogManager.php(124): Illuminate\\Log\\LogManager->get()
#2 /home/ahmad/Downloads/new lone star/lone_star/vendor/laravel/framework/src/Illuminate/Log/LogManager.php(681): Illuminate\\Log\\LogManager->driver()
#3 /home/ahmad/Downloads/new lone star/lone_star/vendor/laravel/framework/src/Illuminate/Foundation/Exceptions/Handler.php(317): Illuminate\\Log\\LogManager->error()
#4 /home/ahmad/Downloads/new lone star/lone_star/vendor/laravel/framework/src/Illuminate/Foundation/Exceptions/Handler.php(278): Illuminate\\Foundation\\Exceptions\\Handler->reportThrowable()
#5 /home/ahmad/Downloads/new lone star/lone_star/vendor/nunomaduro/collision/src/Adapters/Laravel/ExceptionHandler.php(46): Illuminate\\Foundation\\Exceptions\\Handler->report()
#6 /home/ahmad/Downloads/new lone star/lone_star/vendor/laravel/framework/src/Illuminate/Foundation/Console/Kernel.php(523): NunoMaduro\\Collision\\Adapters\\Laravel\\ExceptionHandler->report()
#7 /home/ahmad/Downloads/new lone star/lone_star/vendor/laravel/framework/src/Illuminate/Foundation/Console/Kernel.php(203): Illuminate\\Foundation\\Console\\Kernel->reportException()
#8 /home/ahmad/Downloads/new lone star/lone_star/artisan(35): Illuminate\\Foundation\\Console\\Kernel->handle()
#9 {main}
"} 
[2026-03-10 08:09:42] laravel.ERROR: The "--columns" option does not exist. {"exception":"[object] (Symfony\\Component\\Console\\Exception\\RuntimeException(code: 0): The \"--columns\" option does not exist. at /home/ahmad/Downloads/new lone star/lone_star/vendor/symfony/console/Input/ArgvInput.php:223)
[stacktrace]
#0 /home/ahmad/Downloads/new lone star/lone_star/vendor/symfony/console/Input/ArgvInput.php(150): Symfony\\Component\\Console\\Input\\ArgvInput->addLongOption()
#1 /home/ahmad/Downloads/new lone star/lone_star/vendor/symfony/console/Input/ArgvInput.php(85): Symfony\\Component\\Console\\Input\\ArgvInput->parseLongOption()
#2 /home/ahmad/Downloads/new lone star/lone_star/vendor/symfony/console/Input/ArgvInput.php(74): Symfony\\Component\\Console\\Input\\ArgvInput->parseToken()
#3 /home/ahmad/Downloads/new lone star/lone_star/vendor/symfony/console/Input/Input.php(56): Symfony\\Component\\Console\\Input\\ArgvInput->parse()
#4 /home/ahmad/Downloads/new lone star/lone_star/vendor/symfony/console/Command/Command.php(285): Symfony\\Component\\Console\\Input\\Input->bind()
#5 /home/ahmad/Downloads/new lone star/lone_star/vendor/laravel/framework/src/Illuminate/Console/Command.php(180): Symfony\\Component\\Console\\Command\\Command->run()
#6 /home/ahmad/Downloads/new lone star/lone_star/vendor/symfony/console/Application.php(1121): Illuminate\\Console\\Command->run()
#7 /home/ahmad/Downloads/new lone star/lone_star/vendor/symfony/console/Application.php(324): Symfony\\Component\\Console\\Application->doRunCommand()
#8 /home/ahmad/Downloads/new lone star/lone_star/vendor/symfony/console/Application.php(175): Symfony\\Component\\Console\\Application->doRun()
#9 /home/ahmad/Downloads/new lone star/lone_star/vendor/laravel/framework/src/Illuminate/Foundation/Console/Kernel.php(201): Symfony\\Component\\Console\\Application->run()
#10 /home/ahmad/Downloads/new lone star/lone_star/artisan(35): Illuminate\\Foundation\\Console\\Kernel->handle()
#11 {main}
"} 
[2026-03-10 08:09:47] laravel.EMERGENCY: Unable to create configured logger. Using emergency logger. {"exception":"[object] (InvalidArgumentException(code: 0): Log [] is not defined. at /home/ahmad/Downloads/new lone star/lone_star/vendor/laravel/framework/src/Illuminate/Log/LogManager.php:212)
[stacktrace]
#0 /home/ahmad/Downloads/new lone star/lone_star/vendor/laravel/framework/src/Illuminate/Log/LogManager.php(137): Illuminate\\Log\\LogManager->resolve()
#1 /home/ahmad/Downloads/new lone star/lone_star/vendor/laravel/framework/src/Illuminate/Log/LogManager.php(124): Illuminate\\Log\\LogManager->get()
#2 /home/ahmad/Downloads/new lone star/lone_star/vendor/laravel/framework/src/Illuminate/Log/LogManager.php(681): Illuminate\\Log\\LogManager->driver()
#3 /home/ahmad/Downloads/new lone star/lone_star/vendor/laravel/framework/src/Illuminate/Foundation/Exceptions/Handler.php(317): Illuminate\\Log\\LogManager->error()
#4 /home/ahmad/Downloads/new lone star/lone_star/vendor/laravel/framework/src/Illuminate/Foundation/Exceptions/Handler.php(278): Illuminate\\Foundation\\Exceptions\\Handler->reportThrowable()
#5 /home/ahmad/Downloads/new lone star/lone_star/vendor/nunomaduro/collision/src/Adapters/Laravel/ExceptionHandler.php(46): Illuminate\\Foundation\\Exceptions\\Handler->report()
#6 /home/ahmad/Downloads/new lone star/lone_star/vendor/laravel/framework/src/Illuminate/Foundation/Console/Kernel.php(523): NunoMaduro\\Collision\\Adapters\\Laravel\\ExceptionHandler->report()
#7 /home/ahmad/Downloads/new lone star/lone_star/vendor/laravel/framework/src/Illuminate/Foundation/Console/Kernel.php(203): Illuminate\\Foundation\\Console\\Kernel->reportException()
#8 /home/ahmad/Downloads/new lone star/lone_star/artisan(35): Illuminate\\Foundation\\Console\\Kernel->handle()
#9 {main}
"} 
[2026-03-10 08:09:47] laravel.ERROR: The "--columns" option does not exist. {"exception":"[object] (Symfony\\Component\\Console\\Exception\\RuntimeException(code: 0): The \"--columns\" option does not exist. at /home/ahmad/Downloads/new lone star/lone_star/vendor/symfony/console/Input/ArgvInput.php:223)
[stacktrace]
#0 /home/ahmad/Downloads/new lone star/lone_star/vendor/symfony/console/Input/ArgvInput.php(150): Symfony\\Component\\Console\\Input\\ArgvInput->addLongOption()
#1 /home/ahmad/Downloads/new lone star/lone_star/vendor/symfony/console/Input/ArgvInput.php(85): Symfony\\Component\\Console\\Input\\ArgvInput->parseLongOption()
#2 /home/ahmad/Downloads/new lone star/lone_star/vendor/symfony/console/Input/ArgvInput.php(74): Symfony\\Component\\Console\\Input\\ArgvInput->parseToken()
#3 /home/ahmad/Downloads/new lone star/lone_star/vendor/symfony/console/Input/Input.php(56): Symfony\\Component\\Console\\Input\\ArgvInput->parse()
#4 /home/ahmad/Downloads/new lone star/lone_star/vendor/symfony/console/Command/Command.php(285): Symfony\\Component\\Console\\Input\\Input->bind()
#5 /home/ahmad/Downloads/new lone star/lone_star/vendor/laravel/framework/src/Illuminate/Console/Command.php(180): Symfony\\Component\\Console\\Command\\Command->run()
#6 /home/ahmad/Downloads/new lone star/lone_star/vendor/symfony/console/Application.php(1121): Illuminate\\Console\\Command->run()
#7 /home/ahmad/Downloads/new lone star/lone_star/vendor/symfony/console/Application.php(324): Symfony\\Component\\Console\\Application->doRunCommand()
#8 /home/ahmad/Downloads/new lone star/lone_star/vendor/symfony/console/Application.php(175): Symfony\\Component\\Console\\Application->doRun()
#9 /home/ahmad/Downloads/new lone star/lone_star/vendor/laravel/framework/src/Illuminate/Foundation/Console/Kernel.php(201): Symfony\\Component\\Console\\Application->run()
#10 /home/ahmad/Downloads/new lone star/lone_star/artisan(35): Illuminate\\Foundation\\Console\\Kernel->handle()
#11 {main}
"} 
[2026-03-10 08:09:51] laravel.EMERGENCY: Unable to create configured logger. Using emergency logger. {"exception":"[object] (InvalidArgumentException(code: 0): Log [] is not defined. at /home/ahmad/Downloads/new lone star/lone_star/vendor/laravel/framework/src/Illuminate/Log/LogManager.php:212)
[stacktrace]
#0 /home/ahmad/Downloads/new lone star/lone_star/vendor/laravel/framework/src/Illuminate/Log/LogManager.php(137): Illuminate\\Log\\LogManager->resolve()
#1 /home/ahmad/Downloads/new lone star/lone_star/vendor/laravel/framework/src/Illuminate/Log/LogManager.php(124): Illuminate\\Log\\LogManager->get()
#2 /home/ahmad/Downloads/new lone star/lone_star/vendor/laravel/framework/src/Illuminate/Log/LogManager.php(681): Illuminate\\Log\\LogManager->driver()
#3 /home/ahmad/Downloads/new lone star/lone_star/vendor/laravel/framework/src/Illuminate/Foundation/Exceptions/Handler.php(317): Illuminate\\Log\\LogManager->error()
#4 /home/ahmad/Downloads/new lone star/lone_star/vendor/laravel/framework/src/Illuminate/Foundation/Exceptions/Handler.php(278): Illuminate\\Foundation\\Exceptions\\Handler->reportThrowable()
#5 /home/ahmad/Downloads/new lone star/lone_star/vendor/nunomaduro/collision/src/Adapters/Laravel/ExceptionHandler.php(46): Illuminate\\Foundation\\Exceptions\\Handler->report()
#6 /home/ahmad/Downloads/new lone star/lone_star/vendor/laravel/framework/src/Illuminate/Foundation/Console/Kernel.php(523): NunoMaduro\\Collision\\Adapters\\Laravel\\ExceptionHandler->report()
#7 /home/ahmad/Downloads/new lone star/lone_star/vendor/laravel/framework/src/Illuminate/Foundation/Console/Kernel.php(203): Illuminate\\Foundation\\Console\\Kernel->reportException()
#8 /home/ahmad/Downloads/new lone star/lone_star/artisan(35): Illuminate\\Foundation\\Console\\Kernel->handle()
#9 {main}
"} 
[2026-03-10 08:09:51] laravel.ERROR: The "--columns" option does not exist. {"exception":"[object] (Symfony\\Component\\Console\\Exception\\RuntimeException(code: 0): The \"--columns\" option does not exist. at /home/ahmad/Downloads/new lone star/lone_star/vendor/symfony/console/Input/ArgvInput.php:223)
[stacktrace]
#0 /home/ahmad/Downloads/new lone star/lone_star/vendor/symfony/console/Input/ArgvInput.php(150): Symfony\\Component\\Console\\Input\\ArgvInput->addLongOption()
#1 /home/ahmad/Downloads/new lone star/lone_star/vendor/symfony/console/Input/ArgvInput.php(85): Symfony\\Component\\Console\\Input\\ArgvInput->parseLongOption()
#2 /home/ahmad/Downloads/new lone star/lone_star/vendor/symfony/console/Input/ArgvInput.php(74): Symfony\\Component\\Console\\Input\\ArgvInput->parseToken()
#3 /home/ahmad/Downloads/new lone star/lone_star/vendor/symfony/console/Input/Input.php(56): Symfony\\Component\\Console\\Input\\ArgvInput->parse()
#4 /home/ahmad/Downloads/new lone star/lone_star/vendor/symfony/console/Command/Command.php(285): Symfony\\Component\\Console\\Input\\Input->bind()
#5 /home/ahmad/Downloads/new lone star/lone_star/vendor/laravel/framework/src/Illuminate/Console/Command.php(180): Symfony\\Component\\Console\\Command\\Command->run()
#6 /home/ahmad/Downloads/new lone star/lone_star/vendor/symfony/console/Application.php(1121): Illuminate\\Console\\Command->run()
#7 /home/ahmad/Downloads/new lone star/lone_star/vendor/symfony/console/Application.php(324): Symfony\\Component\\Console\\Application->doRunCommand()
#8 /home/ahmad/Downloads/new lone star/lone_star/vendor/symfony/console/Application.php(175): Symfony\\Component\\Console\\Application->doRun()
#9 /home/ahmad/Downloads/new lone star/lone_star/vendor/laravel/framework/src/Illuminate/Foundation/Console/Kernel.php(201): Symfony\\Component\\Console\\Application->run()
#10 /home/ahmad/Downloads/new lone star/lone_star/artisan(35): Illuminate\\Foundation\\Console\\Kernel->handle()
#11 {main}
"} 
